query_id,relevance_docid,score,confidence
264014,4647186,3,98.3
264014,684616,2,95
264014,3764482,2,95
264014,6337909,2,95
264014,528372,2,94
264014,5611210,2,94
264014,5635519,2,94
264014,6555322,2,94
264014,96851,2,94
264014,1610714,2,94
264014,3683674,2,94
264014,7326934,2,93.8
264014,1610710,2,93.3
264014,2223171,2,93
264014,3577344,2,93
264014,447992,2,93
264014,4687213,2,93
264014,5849270,2,93
264014,96854,2,93
264014,96857,2,92.6
264014,1804644,2,92.5
264014,6641238,2,92.5
264014,3666584,2,92.5
264014,1610706,2,92
264014,4834547,2,92
264014,5950719,2,92
264014,6105572,2,92
264014,1610711,2,92
264014,2420367,2,92
264014,684618,2,92
264014,8502491,2,92
264014,7196300,2,92
264014,1610713,2,91.2
264014,331933,2,91.2
264014,5635521,2,91.2
264014,340490,2,91.2
264014,4834545,2,91.2
264014,3577342,2,91
264014,5328095,2,91
264014,5950723,2,91
264014,5950724,2,91
264014,6105566,2,91
264014,6333841,2,91
264014,3780879,2,91
264014,4239616,2,91
264014,2572557,2,90
264014,1313260,2,90
264014,3666583,2,90
264014,331935,2,90
264014,340485,2,90
264014,4125993,2,90
264014,6501719,2,90
264014,96859,2,90
264014,5063309,2,90
264014,5896177,2,90
264014,96855,2,89
264014,276903,2,88.8
264014,3215992,2,88.8
264014,8008355,2,88.8
264014,96852,2,88.3
264014,2991665,2,88.3
264014,5063302,2,88.3
264014,1163962,2,88
264014,2688537,2,88
264014,5950725,2,87.5
264014,3120993,2,87
264014,4021598,2,86.2
264014,528379,2,85
264014,4125994,2,83.3
264014,3338827,2,
264014,5950722,2,
264014,7317297,1,78.3
264014,8531391,1,77.5
264014,3585842,1,76.7
264014,3201487,1,75
264014,8623794,1,73.3
264014,3720137,1,72.5
264014,1610708,1,72.5
264014,4615176,1,68.3
264014,1697966,1,68
264014,1610709,1,67.5
264014,8531389,1,67
264014,1610712,1,66.7
264014,5104401,1,66.7
264014,5583426,1,64
264014,96856,1,64
264014,2474341,1,63
264014,2498165,1,60
264014,3338823,1,58
264014,8310921,1,56
264014,5587285,1,55
264014,4018139,1,52.5
264014,5386314,1,50
264014,4018134,1,45
264014,5386309,1,44
264014,8193533,1,
264014,1444280,0,98.2
264014,4425760,0,95
264014,473960,0,92.5
264014,2438164,0,91.7
104861,3925933,2,94
104861,146170,2,93
104861,5688420,2,93
104861,2158194,2,92.5
104861,1046334,2,92
104861,1313687,2,92
104861,5150431,2,92
104861,5248340,2,92
104861,5248341,2,92
104861,5801822,2,92
104861,5836442,2,92
104861,8546162,2,92
104861,2600385,2,91.7
104861,2916636,2,91.7
104861,6187055,2,91.2
104861,5864693,2,91
104861,6585554,2,91
104861,1948963,2,90
104861,7506026,2,90
104861,8495099,2,90
104861,7506028,2,90
104861,5667474,2,90
104861,2377050,2,89
104861,459675,2,89
104861,5688417,2,89
104861,629274,2,89
104861,6704672,2,89
104861,8516149,2,88.3
104861,715676,2,88
104861,6351571,2,87.5
104861,125332,2,87.5
104861,459676,2,87
104861,629278,2,87
104861,8259116,2,87
104861,5703401,2,86.7
104861,4019224,2,86.2
104861,5150438,2,86
104861,5688416,2,85
104861,1017092,2,82.5
104861,6241793,2,82.5
104861,1811410,2,81.2
104861,6653676,1,77
104861,409268,1,73.8
104861,1304632,1,73.3
104861,5864689,1,73.3
104861,8141081,1,73.3
104861,5688415,1,72.5
104861,6056677,1,72.5
104861,5703400,1,70
104861,314919,1,70
104861,2958133,1,70
104861,6391586,1,70
104861,6200737,1,69
104861,4717134,1,68.3
104861,8546159,1,67.5
104861,1995989,1,67.5
104861,1017085,1,67.5
104861,7462393,1,67
104861,1424216,1,66.7
104861,2471336,1,66.7
104861,6200735,1,66.7
104861,7186729,1,66.2
104861,8260037,1,66.2
104861,6518057,1,66
104861,6788423,1,66
104861,2958127,1,65
104861,5607729,1,65
104861,6566321,1,64
104861,6658615,1,63
104861,7666364,1,63
104861,672931,1,62
104861,7204477,1,61.2
104861,8400531,1,61.2
104861,5379458,1,61
104861,146178,1,59
104861,6436838,1,59
104861,8138536,1,58
104861,1313691,1,55
104861,2958131,1,55
104861,5073463,1,55
104861,5670527,1,51.7
104861,3928196,1,50
104861,5110656,1,50
104861,7817767,1,48.3
104861,5405670,1,45
104861,6156641,1,43.3
104861,6202527,1,39
104861,4563275,1,38
104861,5598961,1,22.7
104861,8260035,1,
104861,8131235,0,96.8
104861,1365744,0,93.8
104861,4961345,0,93.5
104861,5101716,0,93.3
104861,5778133,0,93.3
104861,4197096,0,91.7
104861,8546679,0,91.7
104861,3915516,0,88.3
104861,4930174,0,68.5
104861,4350441,0,
130510,8612909,3,95.7
130510,4022904,3,93.3
130510,8612910,2,95
130510,8612903,2,94.8
130510,8612906,2,94
130510,8612904,2,94
130510,5685710,2,93.5
130510,3163980,2,93.3
130510,3923091,2,93.3
130510,6621100,2,93
130510,7464751,2,92.5
130510,7603931,2,92.5
130510,1494938,2,92
130510,8612902,2,92
130510,1494930,2,92
130510,4022902,2,92
130510,1799013,2,91.7
130510,7479905,2,91.7
130510,6881820,2,91.2
130510,7203252,2,91.2
130510,7501558,2,91
130510,799647,2,91
130510,8514425,2,91
130510,2490145,2,91
130510,5685711,2,91
130510,1494936,2,90
130510,1494939,2,90
130510,1110766,2,90
130510,1481524,2,90
130510,4022905,2,90
130510,7501557,2,90
130510,6815300,2,89
130510,4022909,2,89
130510,2862515,2,88.8
130510,5930011,2,86.7
130510,2862522,2,85
130510,1881840,1,78.3
130510,2862518,1,78.3
130510,996740,1,77
130510,2589323,1,75
130510,5685706,1,75
130510,1494932,1,73.3
130510,996732,1,70
130510,1159414,1,70
130510,3913778,1,70
130510,7125239,1,66.7
130510,2174992,1,66.7
130510,7708723,1,66.7
130510,1494933,1,65
130510,2407055,1,65
130510,1494937,1,63.3
130510,566525,1,63.3
130510,6881821,1,62
130510,7792405,1,61
130510,2589317,1,60
130510,2346969,1,58.3
130510,440983,1,58.3
130510,6035035,1,58.3
130510,6542823,1,54
130510,3995677,1,44
130510,6486232,1,43.3
130510,2420310,1,
130510,6542827,1,
130510,5930015,0,98.4
130510,348429,0,97
130510,4528805,0,96.3
130510,4528808,0,96
130510,6763277,0,96
130510,5685704,0,95.8
130510,4089773,0,95
130510,5685708,0,95
130510,5930013,0,95
130510,8095118,0,94.8
130510,5930018,0,94.7
130510,815703,0,94.5
130510,7001677,0,93.8
130510,2079375,0,93.6
130510,7001679,0,93
130510,7696346,0,92.8
130510,5930010,0,92
130510,1047769,0,91.8
130510,6183638,0,91.7
130510,2079377,0,91.7
130510,7298862,0,91.2
130510,7997887,0,91.2
130510,2881563,0,90
130510,5415276,0,90
130510,2961568,0,89.8
130510,1494931,0,84.3
130510,4189500,0,82
130510,7529548,0,82
130510,8612905,0,81
130510,2490150,0,77
130510,6172269,0,76.7
130510,7777480,0,71.8
130510,7501563,0,58.8
130510,1494935,0,50
130510,6881818,0,45
130510,7777478,0,18
130510,5791683,0,
1114819,5628952,2,95
1114819,8115440,2,95
1114819,1851540,2,95
1114819,255279,2,95
1114819,2590453,2,94.6
1114819,4890560,2,94
1114819,1315993,2,93.8
1114819,6900767,2,93.3
1114819,5019830,2,93.3
1114819,6941478,2,93
1114819,1419801,2,93
1114819,694735,2,93
1114819,1724520,2,92.5
1114819,1009500,2,92.5
1114819,1625836,2,92.5
1114819,5019832,2,92.5
1114819,2831393,2,92.5
1114819,8022280,2,92.5
1114819,3353671,2,92.5
1114819,8115703,2,92.5
1114819,6951105,2,92.5
1114819,1315994,2,92
1114819,2590455,2,92
1114819,1738242,2,92
1114819,344350,2,92
1114819,2926432,2,92
1114819,785027,2,92
1114819,8115439,2,92
1114819,3781419,2,92
1114819,8336232,2,92
1114819,988370,2,92
1114819,1724528,2,92
1114819,8579830,2,92
1114819,3781418,2,91.7
1114819,5703157,2,91.7
1114819,8625086,2,91.2
1114819,6202321,2,91.2
1114819,8115434,2,91.2
1114819,7803429,2,91
1114819,1419798,2,90
1114819,1852066,2,90
1114819,3906952,2,90
1114819,5165249,2,90
1114819,5521373,2,90
1114819,6900774,2,90
1114819,752644,2,90
1114819,8115435,2,90
1114819,8754404,2,90
1114819,7786792,2,90
1114819,8024894,2,90
1114819,785028,2,89
1114819,988378,2,89
1114819,461344,2,89
1114819,8115706,2,89
1114819,6900773,2,88.8
1114819,8096824,2,88.8
1114819,8321012,2,88.8
1114819,8754397,2,88.8
1114819,862869,2,88.8
1114819,5156171,2,88.3
1114819,6900769,2,88
1114819,8088111,2,88
1114819,8508255,2,88
1114819,988369,2,88
1114819,812436,2,88
1114819,3906954,2,87.5
1114819,5718417,2,87.5
1114819,7156443,2,87.5
1114819,1315998,2,87
1114819,3144706,2,87
1114819,988373,2,86.7
1114819,8754398,2,86.7
1114819,783080,2,86.7
1114819,1002627,2,86
1114819,5342188,2,85
1114819,8022281,1,76.7
1114819,8088109,1,76.7
1114819,7132894,1,76.2
1114819,8579832,1,73.3
1114819,1724523,1,72.5
1114819,1735443,1,72.5
1114819,8754400,1,72.5
1114819,1816958,1,71.7
1114819,8754395,1,71
1114819,8754403,1,70
1114819,8754399,1,68
1114819,8336223,1,68
1114819,8336231,1,66
1114819,2192058,1,65
1114819,988375,1,64
1114819,8480574,1,61.7
1114819,5363582,1,60
1114819,126884,1,59
1114819,1315997,1,55
1114819,4064011,1,51.7
1114819,8022279,1,42
1114819,750446,1,
1114819,8022277,0,95
1114819,6578914,0,94
1114819,771719,0,89.7
1110199,1426939,2,92.5
1110199,7174098,2,92.5
1110199,7821191,2,92.5
1110199,4511144,2,92
1110199,5857921,2,92
1110199,8160520,2,92
1110199,8160519,2,92
1110199,558317,2,92
1110199,1197690,2,91.7
1110199,2796825,2,91.7
1110199,5600214,2,91.7
1110199,6923050,2,91.7
1110199,3934419,2,91.2
1110199,4511137,2,91
1110199,4489656,2,91
1110199,7369955,2,91
1110199,8160527,2,90.6
1110199,5355385,2,90
1110199,1901881,2,87.5
1110199,2796830,2,87.5
1110199,3684454,2,87.5
1110199,5172688,2,87.5
1110199,6923057,2,87.5
1110199,3342396,2,87
1110199,2594143,2,86.7
1110199,637099,2,86.7
1110199,2218462,2,85
1110199,7680811,1,85
1110199,735472,1,81.7
1110199,2080928,1,80
1110199,557603,1,80
1110199,8301973,1,80
1110199,3838645,1,79
1110199,1411495,1,76.7
1110199,2713574,1,76
1110199,557605,1,75
1110199,5172684,1,73.3
1110199,3609843,1,73.3
1110199,5218014,1,73
1110199,3107787,1,72.5
1110199,8160524,1,72
1110199,357932,1,72
1110199,8301971,1,71.2
1110199,5716613,1,71.2
1110199,6392463,1,70
1110199,2925378,1,69
1110199,4438812,1,68.3
1110199,879021,1,68.3
1110199,6645893,1,68
1110199,554529,1,66
1110199,8267435,1,66
1110199,2279578,1,65
1110199,3588619,1,65
1110199,4082283,1,65
1110199,4949578,1,65
1110199,6430361,1,64
1110199,7628031,1,64
1110199,8113522,1,64
1110199,3447960,1,63.3
1110199,425993,1,63
1110199,5049366,1,61.2
1110199,2811563,1,61
1110199,554521,1,61
1110199,1795043,1,60
1110199,3722531,1,60
1110199,3817715,1,60
1110199,398442,1,60
1110199,5007789,1,60
1110199,6509853,1,57.5
1110199,6161010,1,56.7
1110199,4438807,1,55
1110199,879019,1,51.7
1110199,6430362,1,48
1110199,5719120,1,46.2
1110199,5279606,1,40
1110199,6392469,1,36.7
1110199,2777133,1,36.2
1110199,6161016,1,32.5
1110199,6503962,0,97.7
1110199,4750530,0,97
1110199,507875,0,97
1110199,554522,0,96.7
1110199,3647394,0,96
1110199,507878,0,96
1110199,8160523,0,96
1110199,5846443,0,95.8
1110199,7267932,0,95
1110199,2777132,0,94.8
1110199,4680533,0,94.8
1110199,6822586,0,94.8
1110199,2612594,0,93.5
1110199,2312587,0,93.3
1110199,6475269,0,91
1110199,167604,0,89.8
1110199,3588624,0,88.8
1110199,3270581,0,87.2
1110199,4411531,0,86.7
1110199,5555051,0,86.3
1110199,1957395,0,74.8
1110199,5326655,0,66
1129237,6080460,3,91.7
1129237,998751,2,96.2
1129237,128984,2,95
1129237,3858675,2,95
1129237,2697746,2,93.8
1129237,3905057,2,93.8
1129237,5906130,2,93.8
1129237,8682824,2,93.8
1129237,2697752,2,93.8
1129237,3097761,2,93.8
1129237,8588219,2,93.3
1129237,3683096,2,93.3
1129237,5831781,2,93.3
1129237,6343521,2,93
1129237,1779229,2,92.5
1129237,3153068,2,92
1129237,3905802,2,91.7
1129237,806652,2,91.7
1129237,6343520,2,91
1129237,4233383,2,90
1129237,5122274,2,90
1129237,8588222,2,90
1129237,8588227,2,90
1129237,7911557,2,88.8
1129237,392579,2,88.8
1129237,3993743,2,88.8
1129237,4773351,2,88.3
1129237,4233385,2,87
1129237,5094333,2,84
1129237,3832685,1,75
1129237,3409660,1,72.5
1129237,302210,1,70
1129237,4779185,1,68
1129237,7688465,1,67
1129237,7688471,1,66
1129237,3279719,1,64
1129237,461837,1,63.8
1129237,7874566,1,62
1129237,8588223,1,60
1129237,6225977,1,57.6
1129237,3649330,1,57.5
1129237,4367170,1,55
1129237,3832058,1,53.3
1129237,262492,1,50
1129237,305088,1,50
1129237,4915547,1,50
1129237,1770027,1,47.5
1129237,6325273,1,45
1129237,4723973,1,43.3
1129237,4066969,1,33.8
1129237,3858678,1,32
1129237,2351491,1,6.7
1129237,2971621,0,97
1129237,8357400,0,96.8
1129237,6166230,0,96.6
1129237,3826653,0,96.4
1129237,8633911,0,96.2
1129237,3826659,0,95.8
1129237,6194648,0,95.8
1129237,8150178,0,95.8
1129237,3826656,0,95.6
1129237,2015118,0,95
1129237,2384636,0,95
1129237,3826651,0,94
1129237,4162487,0,93.8
1129237,6585295,0,93.8
1129237,818342,0,93.5
1129237,3641168,0,93.3
1129237,6868144,0,92.8
1129237,7769727,0,92
1129237,2976015,0,91.7
1129237,3588803,0,91.7
1129237,461835,0,91.7
1129237,1959030,0,91.2
1129237,2777623,0,91.2
1129237,6884449,0,91.2
1129237,1721142,0,91
1129237,4003056,0,90.8
1129237,2971620,0,90
1129237,3588805,0,90
1129237,4328625,0,90
1129237,8712732,0,90
1129237,2188742,0,89.7
1129237,1526193,0,88.8
1129237,3905806,0,88.3
1129237,2364443,0,88
1129237,6194643,0,86.7
1129237,2176863,0,86.2
1129237,4425405,0,76.8
1129237,6386977,0,76.8
1129237,1421371,0,75.6
1129237,6705270,0,74
1129237,1325030,0,67.2
1129237,162127,0,66.7
1129237,5916672,0,55
1129237,7350325,0,41.7
1129237,2777625,0,38
1129237,7769728,0,0
1129237,2955239,0,
1129237,8588226,0,
573724,8441642,3,99.7
573724,7104825,3,93.8
573724,8833192,3,93.3
573724,3365631,2,94
573724,7674858,2,94
573724,5384308,2,94
573724,1509940,2,93.8
573724,1509942,2,93.3
573724,1816038,2,93.3
573724,87405,2,93.3
573724,2133806,2,93
573724,3365633,2,93
573724,5962423,2,93
573724,7384332,2,93
573724,1509944,2,93
573724,3146236,2,93
573724,3365638,2,92.5
573724,394136,2,92.5
573724,3146238,2,92
573724,3365636,2,92
573724,1165129,2,92
573724,394142,2,92
573724,5962428,2,92
573724,7199672,2,92
573724,8047166,2,92
573724,3365632,2,92
573724,7134411,2,92
573724,7199673,2,91.7
573724,8444730,2,91.7
573724,394139,2,91.2
573724,1165128,2,91.2
573724,2186124,2,91
573724,7104826,2,91
573724,7199669,2,91
573724,5306910,2,91
573724,5962426,2,91
573724,7609926,2,91
573724,2021252,2,90
573724,3365635,2,90
573724,394138,2,90
573724,4017883,2,90
573724,2417985,2,90
573724,5047796,2,90
573724,3146240,2,90
573724,5310530,2,90
573724,5339620,2,90
573724,7609928,2,90
573724,7609930,2,90
573724,4360246,2,90
573724,5185664,2,90
573724,41433,2,89
573724,7199667,2,89
573724,7609932,2,89
573724,8833199,2,89
573724,5962419,2,89
573724,1113579,2,88.8
573724,2002445,2,88.8
573724,5185671,2,88.3
573724,7199675,2,88
573724,7609927,2,88
573724,1509937,2,87.5
573724,1509939,2,87.5
573724,3365639,2,86.2
573724,1293333,2,85
573724,3365640,2,83
573724,3546092,2,83
573724,2002448,2,81.2
573724,7199674,2,81.2
573724,7384325,2,70
573724,3617636,2,
573724,5721833,2,
573724,8444727,2,
573724,5962424,1,77
573724,8436350,1,70
573724,8492171,1,68.3
573724,6121093,1,62.5
573724,525215,1,58.3
573724,1817741,1,58
573724,7275118,1,58
573724,7609929,1,58
573724,1183181,1,55
573724,8404002,1,55
573724,7609933,1,54
573724,1376205,1,46.7
573724,141998,1,43.8
573724,2910045,1,40
573724,6462957,1,40
573724,1033756,1,36.7
573724,3644944,1,23.3
573724,1183178,1,10
573724,6911370,0,93.8
573724,4457787,0,93.3
573724,148753,0,92.5
573724,2084571,0,92
573724,1376204,0,88.8
573724,8450864,0,73.2
573724,4966874,0,68.3
573724,8540429,0,25
573724,148751,0,23.8
573724,87409,0,
1121709,8049577,2,93.3
1121709,8049578,2,93
1121709,3423062,2,91
1121709,8049580,2,90
1121709,1112487,1,66.2
1121709,16845,0,99
1121709,6690192,0,99
1121709,419129,0,98.4
1121709,5209523,0,98.4
1121709,306414,0,98.2
1121709,4861638,0,98.2
1121709,51033,0,98.2
1121709,8492081,0,98.2
1121709,5915729,0,98
1121709,6886933,0,97.6
1121709,1760876,0,97.5
1121709,3221617,0,97.4
1121709,291564,0,97.2
1121709,747368,0,97.2
1121709,2440458,0,97
1121709,4580131,0,97
1121709,812328,0,97
1121709,88402,0,97
1121709,1729290,0,96.8
1121709,3552222,0,96.6
1121709,3709755,0,96.6
1121709,5879625,0,96.6
1121709,6630430,0,96.6
1121709,2964602,0,96.4
1121709,4575770,0,96.4
1121709,6657504,0,96.4
1121709,3709758,0,96.3
1121709,7209949,0,96.2
1121709,1077530,0,96
1121709,3552218,0,96
1121709,3742654,0,96
1121709,4896238,0,96
1121709,3875032,0,95.8
1121709,4580133,0,95.8
1121709,8643664,0,95.8
1121709,7591002,0,95.6
1121709,7744250,0,95.2
1121709,7370525,0,95
1121709,950984,0,95
1121709,1243178,0,94.8
1121709,1271795,0,94.8
1121709,1736566,0,94.8
1121709,2879470,0,94.8
1121709,4707664,0,94.8
1121709,6212343,0,94.8
1121709,701349,0,94.8
1121709,7565881,0,94.8
1121709,7591000,0,94.8
1121709,7849690,0,94.8
1121709,1169279,0,94.6
1121709,2317095,0,94.6
1121709,2851223,0,94.6
1121709,2874652,0,94.6
1121709,3869997,0,94.6
1121709,731070,0,94.6
1121709,4038354,0,94.4
1121709,7586674,0,94.4
1121709,2615981,0,94
1121709,1698341,0,93.8
1121709,1937668,0,93.8
1121709,2517708,0,93.8
1121709,4769720,0,93.8
1121709,5177794,0,93.8
1121709,3381112,0,93.6
1121709,6054702,0,93.5
1121709,6076433,0,93.5
1121709,7841119,0,93.5
1121709,1392360,0,93
1121709,1643334,0,93
1121709,6694095,0,93
1121709,862855,0,92.5
1121709,3064096,0,92
1121709,5264299,0,92
1121709,6007524,0,91.8
1121709,8500135,0,91
1121709,3030903,0,89
1121709,2432508,0,87.6
1121709,4836900,0,86
1121709,5346546,0,85.2
1121709,4644464,0,78.8
1121709,8283424,0,77.6
1121709,3386509,0,77.4
1121709,1114393,0,76
1121709,669004,0,76
1121709,7434522,0,75
1121709,5530626,0,74.2
1121709,3098031,0,74
1121709,7499157,0,66.2
1121709,8327576,0,63.3
1121709,7229531,0,56.8
1121709,2302396,0,48
1121709,3446958,0,47.2
1121709,3545984,0,47
1121709,3055199,0,46.2
1121709,208465,0,0
489204,678245,2,93
489204,528348,2,92.7
489204,6665319,2,92.5
489204,5895917,2,92
489204,973923,2,91
489204,1319513,2,90
489204,7113153,2,90
489204,3778489,2,90
489204,6397957,2,90
489204,7718090,2,90
489204,5519177,2,89
489204,6087671,2,88.8
489204,3075337,2,88
489204,6327179,2,88
489204,1950273,2,87.5
489204,3075338,2,87
489204,5815950,2,87
489204,6237427,2,87
489204,6237430,2,87
489204,6753503,2,87
489204,8054792,2,86.2
489204,113238,2,86
489204,1759354,2,86
489204,7564977,2,86
489204,7734612,2,86
489204,1276947,2,85
489204,216492,2,85
489204,1418935,2,85
489204,1736553,2,85
489204,4917999,2,85
489204,6327178,2,85
489204,4917998,2,83.8
489204,6237429,2,83.8
489204,6753502,2,83
489204,8395205,2,83
489204,1410249,2,82
489204,7432758,2,81.2
489204,1410255,2,81
489204,3012141,2,77
489204,1479542,1,76
489204,1759357,1,76
489204,1310107,1,73.8
489204,66437,1,73.8
489204,3980126,1,73.3
489204,1051498,1,73
489204,855969,1,73
489204,1310101,1,72.5
489204,6327182,1,72.5
489204,3744940,1,72
489204,7116533,1,72
489204,753265,1,72
489204,4029846,1,71.7
489204,2268657,1,71
489204,114148,1,70
489204,1538587,1,70
489204,1759360,1,70
489204,5815958,1,70
489204,6301568,1,70
489204,855967,1,70
489204,3980122,1,69
489204,8376906,1,69
489204,8737053,1,69
489204,8737051,1,68.3
489204,6327176,1,67.5
489204,216490,1,67
489204,1950269,1,66.7
489204,7564980,1,66
489204,7660249,1,65.8
489204,2053095,1,65
489204,2959687,1,65
489204,4430765,1,65
489204,4929952,1,65
489204,1310108,1,64
489204,4279451,1,63
489204,8376910,1,62.5
489204,4088951,1,61.7
489204,3049941,1,61
489204,3608627,1,61
489204,1070807,1,60
489204,4387756,1,60
489204,5629373,1,59
489204,6661536,1,59
489204,1778458,1,58.8
489204,2016623,1,57
489204,8420374,1,56.2
489204,465742,1,53.3
489204,528349,1,53.3
489204,8055356,1,50
489204,2163701,1,42
489204,1225589,1,36.7
489204,5583224,0,92
489204,2218038,0,90
489204,8594276,0,90
489204,4918005,0,50
489204,1310103,0,
489204,1310106,0,
489204,1418931,0,
489204,4918001,0,
489204,535375,0,
489204,8083618,0,
131843,8305158,3,96
131843,8305152,3,94
131843,8305156,2,95
131843,985994,2,95
131843,8305155,2,94
131843,8710810,2,94
131843,985991,2,93.8
131843,8305153,2,93.3
131843,985989,2,93
131843,8305154,2,92.5
131843,3841396,2,91
131843,8305151,2,90
131843,2041693,2,90
131843,8710814,2,90
131843,14055,2,87
131843,8710812,2,83.8
131843,2683747,2,81.2
131843,985995,1,79
131843,8102602,1,66.2
131843,7707868,1,65
131843,6248852,0,99.6
131843,8519713,0,98.8
131843,1959309,0,98.7
131843,3884881,0,98.6
131843,8146334,0,98.4
131843,3400902,0,98.2
131843,4013724,0,98.2
131843,97739,0,98
131843,542347,0,97.8
131843,8117361,0,97.8
131843,1073193,0,97.6
131843,1267422,0,97.6
131843,3761239,0,97.4
131843,68421,0,97.4
131843,7091663,0,97.4
131843,7451206,0,97.4
131843,491120,0,97
131843,7451207,0,97
131843,2495625,0,96.8
131843,3400903,0,96.8
131843,6604053,0,96.8
131843,6787809,0,96.8
131843,7208948,0,96.8
131843,3299960,0,96.6
131843,7082304,0,96.6
131843,6820615,0,96.4
131843,4099926,0,96.2
131843,8024309,0,96
131843,8090240,0,96
131843,1907695,0,95.8
131843,278279,0,95.8
131843,3919317,0,95.8
131843,6718494,0,95.8
131843,7078432,0,95.8
131843,7066446,0,95.6
131843,8589858,0,95.6
131843,8685913,0,95.6
131843,208011,0,95.4
131843,5125375,0,95.4
131843,7073518,0,95.4
131843,7678189,0,95.4
131843,1941266,0,94.8
131843,1965924,0,94.8
131843,2896791,0,94.8
131843,4254836,0,94.8
131843,4682759,0,94.8
131843,8073461,0,94.8
131843,8085708,0,94.8
131843,8530759,0,94.8
131843,7078434,0,94.7
131843,5000167,0,94
131843,5858902,0,93.8
131843,1993076,0,93.6
131843,3844836,0,93.6
131843,5056232,0,93.6
131843,7073516,0,93.6
131843,2669218,0,93.4
131843,373498,0,93
131843,6782345,0,93
131843,6959233,0,93
131843,8318153,0,93
131843,8780616,0,92.6
131843,5121126,0,92.5
131843,985992,0,91.7
131843,6187402,0,91.3
131843,8710813,0,91.2
131843,6249757,0,88.8
131843,6187399,0,88
131843,985988,0,87.5
131843,3884882,0,78.6
131843,3930069,0,77.6
131843,5038538,0,74.8
131843,7589014,0,72
131843,2333348,0,69
131843,8191894,0,57.8
131843,788586,0,53.8
131843,68427,0,38
131843,4911365,0,
131843,4931453,0,
131843,985990,0,
207786,7941579,3,90
207786,8273762,2,95
207786,7599318,2,93
207786,8273761,2,91.7
207786,8273757,2,91
207786,8273763,2,91
207786,2763917,2,89
207786,7510472,2,89
207786,6031630,2,89
207786,7639366,2,88.8
207786,8273758,2,88
207786,3773663,1,76
207786,8273755,1,75
207786,8273759,1,73.8
207786,2315834,1,66.2
207786,13254,1,64
207786,197297,1,61.2
207786,4660027,1,60
207786,3931763,1,53
207786,3506136,1,52.5
207786,5321444,1,50
207786,7777867,1,48.3
207786,8273754,1,46.7
207786,6133373,1,45
207786,4257473,1,43.8
207786,280082,1,37.5
207786,6563690,1,33.8
207786,5175113,1,30
207786,7449213,1,20
207786,8273756,1,
207786,2998726,0,99
207786,1081010,0,97.8
207786,263210,0,97.6
207786,6309223,0,97.4
207786,6003357,0,97
207786,6226377,0,96.7
207786,8622991,0,96.7
207786,6309220,0,96.5
207786,6736451,0,96.5
207786,5745781,0,96.3
207786,4580648,0,96
207786,673361,0,96
207786,4660028,0,95.8
207786,5388266,0,95.8
207786,6060398,0,95.8
207786,2998723,0,95.6
207786,655407,0,95.6
207786,7869794,0,95.5
207786,5388259,0,95.4
207786,2288091,0,95
207786,2322024,0,95
207786,3232784,0,95
207786,5624830,0,95
207786,7449212,0,95
207786,1085404,0,94.8
207786,5624828,0,94.8
207786,5624832,0,94.8
207786,5624834,0,94.8
207786,5745786,0,94.8
207786,688486,0,94.8
207786,4754014,0,94.7
207786,5170147,0,94.7
207786,5990371,0,94.6
207786,1085406,0,94
207786,13262,0,93.8
207786,6003360,0,93.8
207786,6226372,0,93.8
207786,6547477,0,93.8
207786,4660025,0,93.6
207786,8185061,0,93.5
207786,8273760,0,93.3
207786,5195205,0,93.3
207786,4672265,0,93
207786,5624831,0,93
207786,1081009,0,92.8
207786,5990374,0,92.8
207786,3352521,0,92.5
207786,4674262,0,92.5
207786,3103885,0,92.3
207786,2397607,0,92.2
207786,5804666,0,92
207786,2288092,0,91.7
207786,8185064,0,91.2
207786,5624825,0,91
207786,6474686,0,91
207786,6309217,0,90.8
207786,5365946,0,89.4
207786,3522830,0,88.8
207786,5170143,0,88.2
207786,8367880,0,88
207786,7780967,0,86.5
207786,403538,0,75.8
207786,1081011,0,72.2
207786,8185063,0,63
207786,3597549,0,62.5
207786,3931757,0,61.6
207786,8265334,0,46.2
207786,5114969,0,45
207786,706234,0,0
207786,4660023,0,
359349,68647,2,95
359349,3223831,2,94
359349,3193824,2,93
359349,576629,2,93
359349,68649,2,93
359349,943229,2,93
359349,4013723,2,92
359349,2293820,2,92
359349,2826510,2,92
359349,6108721,2,92
359349,3223833,2,91.2
359349,68648,2,91
359349,3900185,2,91
359349,457673,2,91
359349,1830517,2,90
359349,576628,2,90
359349,4020470,2,89
359349,68650,2,89
359349,5615181,2,87
359349,7277971,1,66.2
359349,607024,1,65
359349,68653,1,64
359349,5773713,1,64
359349,3176541,1,63
359349,15799,1,62.5
359349,3176542,1,60
359349,576627,1,60
359349,5806110,1,60
359349,3176543,1,59
359349,4881617,1,58.8
359349,4551556,1,55
359349,15804,1,53.3
359349,5773716,1,53
359349,1622457,1,52
359349,15806,1,51.2
359349,2826513,1,51
359349,15807,1,50
359349,5806106,1,48.3
359349,4344100,1,48.3
359349,4020471,1,47.5
359349,4020476,1,46.7
359349,6440028,1,46.7
359349,15805,1,46
359349,3176540,1,45
359349,4013720,1,42.5
359349,15801,1,40
359349,576632,1,40
359349,5345720,1,36.7
359349,6113313,1,36.7
359349,8748954,1,35
359349,5773717,1,33.3
359349,5219970,1,30
359349,4474866,1,26
359349,5773714,1,25
359349,4344099,1,20
359349,5322530,1,12.5
359349,8811558,0,97.8
359349,7329397,0,97.6
359349,2964479,0,97
359349,5773719,0,97
359349,7857629,0,96.8
359349,4463574,0,96.6
359349,2229870,0,96.2
359349,1622451,0,95.8
359349,7857634,0,95.8
359349,1622452,0,95
359349,4013719,0,95
359349,15803,0,94.7
359349,5615187,0,93.8
359349,15802,0,93.8
359349,7857632,0,93.8
359349,5773718,0,93
359349,576635,0,92.2
359349,4344098,0,92
359349,15808,0,91.7
359349,7579885,0,91.7
359349,5219971,0,91.2
359349,4474872,0,90
359349,5219976,0,88.8
359349,4013724,0,87.5
359349,5773715,0,86.7
359349,7857628,0,83.5
359349,4013725,0,71.7
359349,8398223,0,70
359349,2259899,0,69
359349,3176548,0,68.8
359349,4087265,0,68
359349,15800,0,66.8
359349,5322532,0,66.2
359349,3215625,0,58
359349,4463572,0,58
359349,4463573,0,57.5
359349,6113314,0,57.5
359349,4087268,0,45
359349,4020478,0,33.3
359349,5151802,0,31.2
359349,4020472,0,24
359349,4020479,0,10
359349,4551557,0,
359349,8058869,0,
443396,8079039,2,93.8
443396,8536118,2,93
443396,8079046,2,92.5
443396,7617065,2,91.7
443396,4792655,2,91
443396,2143847,2,90
443396,368001,2,90
443396,4774806,2,90
443396,7922077,2,90
443396,2490482,2,87.5
443396,4792649,2,87.5
443396,4792650,1,83.8
443396,8769481,1,81.7
443396,8171402,1,75
443396,1465664,1,73.3
443396,8687371,1,73.3
443396,227255,1,70
443396,4896251,1,69
443396,3007982,1,68.8
443396,5053511,1,68.3
443396,456708,1,67.5
443396,8079040,1,67
443396,4526744,1,66.2
443396,7620276,1,66.2
443396,3961940,1,65
443396,6056355,1,65
443396,4052112,1,63.8
443396,8769489,1,63.3
443396,1465667,1,61.2
443396,4208445,1,60
443396,8542630,1,58.8
443396,6397543,1,57.5
443396,3526411,1,56.7
443396,1469068,1,55
443396,3648921,1,55
443396,3519033,1,52.5
443396,3703289,1,41.7
443396,7422742,1,32.5
443396,759261,1,26.7
443396,844323,1,26.7
443396,822432,1,23.3
443396,2654920,0,98.2
443396,5468743,0,98.2
443396,2654914,0,97.8
443396,339130,0,97.7
443396,6781701,0,97.7
443396,755968,0,97.6
443396,1091609,0,97.2
443396,483935,0,97
443396,2654922,0,96.6
443396,6587149,0,96.4
443396,8348187,0,96.4
443396,1826142,0,95.8
443396,6590997,0,95.8
443396,8699743,0,95.8
443396,2434039,0,95.7
443396,8204431,0,95.6
443396,2434043,0,95.5
443396,2654918,0,94.8
443396,789926,0,94.8
443396,6704846,0,94.7
443396,279294,0,93.8
443396,3750163,0,93.8
443396,822437,0,93.8
443396,2349193,0,93.5
443396,3008668,0,93.3
443396,5932403,0,93.3
443396,6349608,0,93.3
443396,4452727,0,92.5
443396,456710,0,92.5
443396,5653999,0,92.5
443396,2082395,0,92
443396,3961947,0,92
443396,1211156,0,91.8
443396,1367150,0,91.8
443396,1587663,0,91.8
443396,2038000,0,91.7
443396,2143845,0,91.7
443396,3007987,0,91.7
443396,3526407,0,91.7
443396,8266065,0,91.7
443396,1367149,0,91.2
443396,2448872,0,89.8
443396,5048840,0,89
443396,7242390,0,89
443396,453706,0,87.8
443396,1367154,0,83
443396,2144852,0,75.8
443396,7730354,0,75.8
443396,6568383,0,75.6
443396,6776524,0,75
443396,2438904,0,74.4
443396,5285667,0,73.2
443396,3438593,0,65
443396,8599548,0,65
443396,3222557,0,63
443396,3861791,0,47.6
443396,8117806,0,47.2
443396,2188880,0,20
443396,7242384,0,
146187,8434619,2,93.8
146187,5332230,2,93
146187,4777144,2,92
146187,8434623,2,92
146187,8434625,2,92
146187,8434626,2,92
146187,76348,2,91.8
146187,6015026,2,91.7
146187,6430258,2,91.2
146187,6430259,2,91
146187,8434618,2,91
146187,2226093,2,91
146187,5332231,2,91
146187,8434624,2,90
146187,76344,2,90
146187,1254157,2,88.3
146187,76342,2,86.7
146187,76349,1,78.3
146187,7307399,1,77
146187,8434620,1,75
146187,6241267,1,75
146187,7956019,1,75
146187,8042965,1,73.8
146187,3963185,1,73.3
146187,1230566,1,72
146187,4111407,1,72
146187,4216902,1,72
146187,2257806,1,71.7
146187,4216897,1,71.7
146187,4216901,1,71
146187,5836454,1,71
146187,8795488,1,70
146187,8795489,1,70
146187,8795495,1,70
146187,7405002,1,69
146187,4216895,1,68.3
146187,8434622,1,68
146187,2040185,1,67.5
146187,2226094,1,66.7
146187,315525,1,65
146187,4921741,1,65
146187,7093334,1,65
146187,7096823,1,62.5
146187,8795491,1,62.5
146187,1841192,1,62
146187,8664004,1,62
146187,1972078,1,60
146187,3963187,1,60
146187,7096819,1,60
146187,8361902,1,60
146187,8042972,1,58.3
146187,7704677,1,58
146187,6430260,1,57.5
146187,1043679,1,56.7
146187,744165,1,55
146187,5548652,1,55
146187,4908916,1,53.3
146187,7093332,1,51.7
146187,1138801,1,51.2
146187,7096817,1,50
146187,1246346,1,47.5
146187,5590506,1,47.5
146187,8042974,1,46.7
146187,5954584,1,46.2
146187,3531644,1,43.3
146187,2087678,1,42.5
146187,4921740,1,40
146187,7836296,1,38.3
146187,8042967,1,37.5
146187,4026486,1,31.7
146187,8795494,1,
146187,3860555,0,97.2
146187,744168,0,96.2
146187,7836295,0,95
146187,7095976,0,94.7
146187,5226113,0,94.2
146187,1043683,0,94
146187,4216899,0,94
146187,1028969,0,93.8
146187,8792967,0,93.5
146187,744167,0,93.3
146187,8042971,0,93.3
146187,1028971,0,93
146187,3505470,0,93
146187,8481818,0,93
146187,5844996,0,91.2
146187,2509,0,90
146187,5548651,0,90
146187,3963189,0,89.7
146187,5889120,0,87.5
146187,2345126,0,82
146187,3241340,0,79.8
146187,8361899,0,77.5
146187,5929430,0,68.8
146187,3878277,0,67.2
146187,6658185,0,63.3
146187,7471713,0,56
146187,4216894,0,54.8
146187,4825394,0,0
146187,8042966,0,
148538,8283531,2,95
148538,5077707,2,95
148538,5825400,2,94
148538,190794,2,93.8
148538,8283527,2,93.8
148538,6438296,2,93.6
148538,1969519,2,93
148538,2915327,2,93
148538,615407,2,93
148538,5679985,2,93
148538,6846343,2,93
148538,985491,2,93
148538,985488,2,92.5
148538,1384446,2,92
148538,1950976,2,92
148538,1950983,2,92
148538,1963585,2,92
148538,2951883,2,92
148538,3446014,2,92
148538,8283532,2,92
148538,436836,2,92
148538,615404,2,92
148538,7529434,2,91.7
148538,820304,2,91.7
148538,2368187,2,91.2
148538,5305311,2,91.2
148538,5588133,2,91.2
148538,6006382,2,91.2
148538,1384447,2,91
148538,1985491,2,91
148538,231453,2,91
148538,1311206,2,91
148538,4447601,2,91
148538,1950979,2,91
148538,3557943,2,91
148538,4959634,2,91
148538,6894608,2,91
148538,7407803,2,91
148538,615401,2,91
148538,6506241,2,91
148538,8080460,2,91
148538,1384441,2,90
148538,1950974,2,90
148538,231455,2,90
148538,2915322,2,90
148538,332400,2,90
148538,5020788,2,90
148538,4607267,2,90
148538,5592685,2,90
148538,615406,2,90
148538,1950977,2,89
148538,2915323,2,89
148538,332401,2,89
148538,4185812,2,89
148538,1671257,2,89
148538,4264129,2,89
148538,4410448,2,89
148538,734990,2,89
148538,820313,2,89
148538,1311204,2,88.8
148538,3165111,2,88.8
148538,7407804,2,88.8
148538,615405,2,88.3
148538,2368185,2,88
148538,4976407,2,88
148538,5077704,2,88
148538,7318210,2,88
148538,3138645,2,87
148538,985492,2,87
148538,4539657,2,87
148538,820312,2,87
148538,1247539,2,85
148538,1985495,2,84
148538,3918785,2,
148538,5588137,1,87.5
148538,512198,1,78.8
148538,6425028,1,73.3
148538,7696609,1,73.3
148538,4185814,1,72.5
148538,5533652,1,71.7
148538,2993237,1,70
148538,5533647,1,70
148538,6222119,1,70
148538,985493,1,68.8
148538,8814767,1,68
148538,5843047,1,66.7
148538,2805681,1,66.2
148538,231452,1,66
148538,8181574,1,62.5
148538,844360,1,60
148538,8730430,1,56.7
148538,6567031,1,43.8
148538,5809605,0,94.7
148538,6017980,0,94.7
148538,5844625,0,93.8
148538,4447659,0,91.2
148538,5693666,0,90
148538,6438297,0,86.2
148538,8610395,0,75
148538,2419541,0,63.3
527433,1379240,2,93
527433,1664523,2,93
527433,7607669,2,90
527433,8617271,2,90
527433,547444,2,90
527433,6708088,2,90
527433,5466807,2,88
527433,1379245,2,87
527433,4046876,2,86.7
527433,5466810,2,86.2
527433,422228,2,86
527433,8322920,2,85
527433,6045939,2,80
527433,269424,1,80
527433,301243,1,77
527433,8617274,1,76.7
527433,2331984,1,76
527433,2496224,1,71.7
527433,269430,1,68.3
527433,1101462,1,66.7
527433,2331982,1,66.7
527433,4402994,1,66.2
527433,8371764,1,65
527433,653097,1,65
527433,8306449,1,64
527433,6186391,1,63.3
527433,269428,1,63.3
527433,3139056,1,62
527433,1101457,1,61.7
527433,1251480,1,61.2
527433,269423,1,60
527433,269426,1,60
527433,5603300,1,60
527433,6667279,1,60
527433,1251477,1,58.3
527433,4402992,1,56.7
527433,5603306,1,56.7
527433,7514090,1,50
527433,1317222,1,47.5
527433,2496227,1,46.7
527433,653103,1,46.7
527433,5603301,1,40
527433,7514088,1,26.7
527433,3294600,0,97.5
527433,6038398,0,97.5
527433,8306451,0,97.2
527433,1542069,0,96.6
527433,2981253,0,96
527433,4903729,0,96
527433,6928819,0,95
527433,1721940,0,94.8
527433,2004910,0,94.3
527433,1251475,0,93.8
527433,1753608,0,93.8
527433,4903731,0,93.8
527433,6897131,0,93.8
527433,4351170,0,93.3
527433,3786813,0,92.5
527433,1251481,0,91
527433,4958693,0,91
527433,1753610,0,90
527433,3136613,0,90
527433,4402995,0,90
527433,5331576,0,90
527433,5479502,0,90
527433,5603299,0,89
527433,4958697,0,88.8
527433,2331981,0,86.7
527433,6038397,0,85
527433,269429,0,82.5
527433,269425,0,81.2
527433,4903736,0,80
527433,6743092,0,80
527433,7514089,0,74
527433,2235421,0,72.5
527433,4958696,0,69
527433,4351171,0,68.8
527433,1251478,0,61.7
527433,1753605,0,61.2
527433,1317225,0,58.8
527433,653104,0,56.7
527433,5479497,0,55
527433,6743093,0,51.2
527433,5603305,0,50
527433,6186394,0,38.3
527433,1101460,0,
527433,1317224,0,
527433,1511554,0,
527433,1993691,0,
527433,1993699,0,
527433,2018341,0,
527433,278402,0,
527433,2981256,0,
527433,319844,0,
527433,422236,0,
527433,4351175,0,
527433,5501454,0,
527433,5629888,0,
527433,5878263,0,
527433,8617275,0,
1037798,3641634,3,96
1037798,8760867,2,94
1037798,3673022,2,93.8
1037798,3620983,2,93.3
1037798,6155141,2,93.3
1037798,8760870,2,92.5
1037798,8760871,2,92
1037798,8760866,2,92
1037798,4974552,2,91.2
1037798,5702713,2,91.2
1037798,7822415,2,91
1037798,994978,2,91
1037798,2914156,2,89
1037798,4439951,2,89
1037798,720665,2,88.3
1037798,4095286,2,86.2
1037798,8537479,1,86.7
1037798,2868741,1,76.7
1037798,4788864,1,76
1037798,3167284,1,75
1037798,8760873,1,75
1037798,8760864,1,73.3
1037798,2157456,1,72.5
1037798,3387556,1,68.8
1037798,4114353,1,68.3
1037798,7967207,1,67.5
1037798,3641640,1,64
1037798,2266020,1,62
1037798,5438881,1,60
1037798,7780938,1,60
1037798,8760868,1,58.8
1037798,7253357,1,58.3
1037798,4227882,1,56.7
1037798,4083926,1,56.2
1037798,4877594,1,55
1037798,4297400,1,50
1037798,4482918,1,50
1037798,1520773,1,49
1037798,1499298,1,47
1037798,7466652,1,43
1037798,6912814,1,43
1037798,2863296,1,42.5
1037798,1308037,1,41.7
1037798,4714121,1,40
1037798,1137775,1,36.7
1037798,3681010,1,36.2
1037798,2608688,1,29
1037798,4936037,1,15
1037798,5753978,0,99.4
1037798,8087396,0,98.4
1037798,1520771,0,98.2
1037798,8417086,0,97
1037798,5171588,0,96.8
1037798,2232394,0,96
1037798,2970896,0,96
1037798,2157450,0,95.8
1037798,8355398,0,95.8
1037798,4296396,0,95.7
1037798,2634475,0,95.5
1037798,6511240,0,95.5
1037798,2572535,0,95.4
1037798,1149704,0,95
1037798,5748541,0,95
1037798,3030654,0,94.8
1037798,6605198,0,94.8
1037798,7950016,0,94.8
1037798,4297405,0,94.7
1037798,8820474,0,94.7
1037798,2354063,0,94.5
1037798,7995048,0,94
1037798,8717816,0,94
1037798,1780966,0,93.8
1037798,8010124,0,93.4
1037798,2403951,0,92
1037798,1232012,0,91.8
1037798,1715850,0,91.7
1037798,5099520,0,91.2
1037798,811306,0,91
1037798,8230221,0,89
1037798,3641442,0,88.3
1037798,7943228,0,86.7
1037798,4273497,0,83.8
1037798,5904351,0,77.4
1037798,2787508,0,76.8
1037798,5538667,0,75.8
1037798,1057605,0,73.2
1037798,2256138,0,71.2
1037798,8223340,0,71
1037798,6060285,0,70
1037798,2403955,0,67
1037798,4291373,0,64.7
1037798,7827293,0,63.3
1037798,6421952,0,60.3
1037798,6605199,0,60
1037798,1232011,0,45
1037798,5732889,0,45
1037798,3030655,0,23.8
1037798,6511237,0,18
1037798,3295328,0,
1037798,6765783,0,
490595,4737063,2,94
490595,7839904,2,94
490595,4842889,2,93.3
490595,1160847,2,93.3
490595,1288938,2,93.3
490595,6845345,2,93.3
490595,4842891,2,93
490595,3175975,2,93
490595,7839908,2,93
490595,8485139,2,92.5
490595,7698193,2,92.5
490595,8544459,2,92.5
490595,5247999,2,92
490595,549465,2,92
490595,1288943,2,92
490595,3937204,2,92
490595,805051,2,91.7
490595,1288940,2,91.7
490595,3403265,2,91.2
490595,4292443,2,91.2
490595,549466,2,91.2
490595,4737060,2,91
490595,2197786,2,91
490595,805046,2,91
490595,3572695,2,91
490595,7385093,2,91
490595,3572701,2,90.2
490595,1894652,2,90
490595,1530274,2,90
490595,1620438,2,90
490595,4842890,2,90
490595,5247992,2,90
490595,6412650,2,90
490595,6742119,2,90
490595,805048,2,90
490595,1894656,2,90
490595,3845163,2,90
490595,1929910,2,89
490595,1391477,2,89
490595,1894653,2,89
490595,7598980,2,89
490595,4737066,2,88.8
490595,3937200,2,88
490595,6206562,2,88
490595,4737059,2,87.5
490595,3937197,2,87.5
490595,4842897,2,87.5
490595,3572698,2,87.5
490595,7839903,2,87.5
490595,3833408,2,86.7
490595,5488538,2,86
490595,2788470,2,85
490595,6742115,2,81.2
490595,7340532,2,
490595,7839910,2,
490595,8709994,2,
490595,5359212,1,77.5
490595,5112294,1,71.2
490595,4737065,1,69
490595,4420107,1,68
490595,2850740,1,67.5
490595,5633631,1,67.5
490595,4737067,1,67
490595,4737061,1,66
490595,1754202,1,65
490595,3833413,1,65
490595,1929911,1,63.8
490595,5248000,1,63.3
490595,3833409,1,61.7
490595,2507917,1,61.2
490595,7839906,1,60
490595,805049,1,59
490595,1473259,1,58
490595,7839907,1,56.2
490595,4737068,1,53.3
490595,526093,1,50
490595,7839911,1,41.2
490595,4842894,1,
490595,8485138,0,95.8
490595,5612095,0,94.8
490595,7045863,0,94.7
490595,5612099,0,94.4
490595,6976960,0,93.8
490595,3403268,0,93.3
490595,5633627,0,93.3
490595,2661183,0,93
490595,4763065,0,93
490595,5359213,0,90
490595,5128293,0,89.8
490595,1652460,0,85
490595,3572694,0,83.3
490595,4842896,0,81.7
490595,4737064,0,80.8
490595,3497876,0,79.8
490595,6976956,0,79.7
490595,1194055,0,78.6
490595,4763070,0,78.3
490595,3595606,0,76.6
490595,4763066,0,69.8
490595,1194060,0,21.2
451602,2176459,2,94
451602,5179251,2,92.5
451602,8390518,2,92
451602,4453608,2,92
451602,7800959,2,91.7
451602,8383461,2,91.4
451602,4453605,2,90
451602,5538938,2,90
451602,6286982,2,90
451602,8621776,2,90
451602,4874641,2,90
451602,5211036,2,90
451602,6286981,2,89
451602,1094138,2,89
451602,4874640,2,88.8
451602,6286974,2,88.8
451602,8787234,2,88.8
451602,7315074,2,88.3
451602,8214452,2,88
451602,2176455,2,87.5
451602,5538937,2,87.5
451602,2084905,2,85
451602,5538940,2,85
451602,8540468,2,85
451602,5538936,2,83.3
451602,1277293,2,83.3
451602,4345752,2,
451602,5475308,1,75
451602,6618756,1,71.2
451602,1575781,1,69
451602,3177700,1,68.8
451602,5538945,1,67.5
451602,7403454,1,67.5
451602,4487185,1,66.7
451602,1626653,1,66.2
451602,2482418,1,66.2
451602,3090672,1,65
451602,3347274,1,65
451602,5018392,1,65
451602,2176450,1,63.8
451602,2922141,1,63.3
451602,5534586,1,63.3
451602,4358117,1,61.7
451602,1078139,1,60
451602,1715030,1,60
451602,2084909,1,58.8
451602,7792099,1,58
451602,6286977,1,57.5
451602,1078134,1,57.5
451602,2922145,1,57.5
451602,1277290,1,56.7
451602,5053853,1,56
451602,2176453,1,55
451602,7326276,1,53.3
451602,8025740,1,53.3
451602,96224,1,53.3
451602,7859334,1,52
451602,1078133,1,51.2
451602,5018391,1,51.2
451602,3746411,1,50
451602,7864188,1,50
451602,705851,1,46.7
451602,5371416,1,45
451602,2176454,1,44
451602,7510025,1,43.3
451602,3347278,1,38.3
451602,3090670,1,36.7
451602,3177691,1,
451602,7804169,0,95
451602,8033474,0,95
451602,6242935,0,94.8
451602,6250347,0,94.7
451602,7510020,0,94.7
451602,3090668,0,93.8
451602,2922142,0,93.3
451602,1640289,0,92.5
451602,3090663,0,92
451602,2244882,0,91.7
451602,6225558,0,91.2
451602,1277287,0,90
451602,4176454,0,90
451602,3052112,0,90
451602,3090671,0,90
451602,5902818,0,90
451602,3177692,0,89.8
451602,3090666,0,89
451602,1277289,0,88.8
451602,2922147,0,85
451602,8383465,0,84
451602,5018394,0,81.7
451602,8485132,0,76.2
451602,2154597,0,75.2
451602,949152,0,72.2
451602,2284888,0,63.8
451602,2329889,0,60
451602,8485136,0,60
451602,6994774,0,58
451602,5913111,0,57
451602,124065,0,40
451602,5741073,0,
182539,7371255,3,93.3
182539,6816572,2,94
182539,8299661,2,94
182539,5618254,2,94
182539,3883077,2,93.8
182539,8299665,2,93.8
182539,8757178,2,93.8
182539,7527837,2,93.8
182539,2165968,2,93.3
182539,6816571,2,93
182539,6816573,2,93
182539,8757179,2,93
182539,8757180,2,93
182539,7883763,2,93
182539,8515182,2,92.5
182539,8757181,2,92.5
182539,7371259,2,92.5
182539,7583024,2,92.5
182539,2909961,2,92
182539,6957819,2,92
182539,738025,2,92
182539,518150,2,92
182539,7154102,2,92
182539,2909960,2,91.7
182539,4487755,2,91.7
182539,2092202,2,91.2
182539,6037973,2,91.2
182539,57443,2,91
182539,7371257,2,91
182539,6980965,2,91
182539,7371262,2,91
182539,8757184,2,91
182539,8299668,2,91
182539,8598792,2,91
182539,5567732,2,90
182539,57447,2,90
182539,57449,2,90
182539,1638691,2,90
182539,7371261,2,90
182539,2840563,2,90
182539,8299659,2,90
182539,721170,2,90
182539,7850108,2,90
182539,1307235,2,89
182539,2909954,2,89
182539,6816576,2,89
182539,1638694,2,88.8
182539,1638687,2,88.3
182539,4730803,2,88.3
182539,5567729,2,88.3
182539,3883081,2,88
182539,6816579,2,88
182539,6783449,2,87.5
182539,8757182,2,87.5
182539,2623668,2,87.5
182539,1654895,2,87
182539,2053701,2,86.7
182539,6135907,2,86.2
182539,8752298,2,86.2
182539,1307234,2,85
182539,2751871,2,85
182539,1307232,2,84
182539,3760964,2,83
182539,1638690,1,76.7
182539,8757183,1,75
182539,57448,1,73
182539,3127071,1,70
182539,3729714,1,68.3
182539,941371,1,68
182539,1638689,1,66.7
182539,57450,1,63.3
182539,3198392,1,58.8
182539,1638688,1,56.7
182539,5020094,1,54
182539,8337703,1,54
182539,8147663,1,45
182539,4096478,1,42
182539,7579347,1,42
182539,7206189,1,41.7
182539,6816574,1,40
182539,3779895,0,98
182539,5793580,0,96.8
182539,3760957,0,96.3
182539,7148714,0,96.3
182539,7617321,0,96.3
182539,7579350,0,96.2
182539,2839827,0,95.8
182539,7303730,0,95.6
182539,7919974,0,94.8
182539,7579346,0,94.7
182539,7579349,0,94.7
182539,7637811,0,94.7
182539,7579351,0,94
182539,6355993,0,93
182539,171653,0,92.5
182539,6981225,0,90
182539,57444,0,89
182539,6816577,0,71.2
182539,6201541,0,70
182539,6201542,0,30
87452,8055167,3,77.5
87452,7965011,2,92.5
87452,7965004,2,91.8
87452,8819112,2,91
87452,8819114,2,89
87452,6018169,2,89
87452,5296736,2,88.3
87452,4872055,2,88
87452,6018164,2,87.5
87452,8436577,2,87.5
87452,8333912,2,85
87452,2035306,2,83.3
87452,186939,1,86.7
87452,6018160,1,82.5
87452,5751686,1,82.5
87452,5286924,1,81.7
87452,7843984,1,81.7
87452,8333920,1,80
87452,6018163,1,77.5
87452,6018168,1,76.7
87452,8436578,1,75
87452,5048394,1,73.8
87452,8819116,1,72.5
87452,186931,1,72.5
87452,5851090,1,70
87452,6018161,1,70
87452,8819113,1,70
87452,1890450,1,68.8
87452,7965007,1,68.3
87452,1395625,1,68.3
87452,8333919,1,67.5
87452,6018166,1,66.7
87452,6931702,1,66.7
87452,7843982,1,66.7
87452,4634899,1,65
87452,2026775,1,65
87452,7897962,1,65
87452,3919937,1,64
87452,2127122,1,63.8
87452,5052034,1,63.3
87452,3808783,1,63
87452,5836705,1,60
87452,2026777,1,58.8
87452,6159694,1,58.8
87452,8436571,1,58.3
87452,5500606,1,58
87452,8081937,1,57
87452,2571223,1,56.7
87452,4248450,1,56.7
87452,4496461,1,50
87452,861789,1,45
87452,8496922,1,40
87452,1118401,1,36.7
87452,119522,0,97.3
87452,3809018,0,97.2
87452,1150485,0,96.6
87452,7542008,0,96.4
87452,1642159,0,96
87452,3732121,0,95.8
87452,2951800,0,95.4
87452,3809016,0,95
87452,4502603,0,95
87452,6096580,0,94.8
87452,1749882,0,94.3
87452,8819111,0,93.3
87452,3347348,0,93.3
87452,7499674,0,93.3
87452,5694214,0,93
87452,6679972,0,92.5
87452,8436572,0,92.2
87452,3809017,0,92
87452,8079127,0,91.7
87452,8152222,0,91.3
87452,3540111,0,91.3
87452,8436579,0,91
87452,2571220,0,91
87452,1185292,0,90
87452,3347347,0,90
87452,4157764,0,90
87452,6621971,0,90
87452,6018167,0,88.3
87452,8436575,0,87.8
87452,5338945,0,84.8
87452,7897960,0,82
87452,8496921,0,82
87452,1971830,0,80.5
87452,8819115,0,80
87452,4557555,0,76.8
87452,4496459,0,76.6
87452,7588883,0,76
87452,4312660,0,73.8
87452,6679974,0,72.4
87452,7499678,0,63.3
87452,8436576,0,48.8
87452,8055172,0,47.5
87452,3732895,0,46.2
87452,7499676,0,46.2
87452,6042747,0,43.3
87452,2571221,0,38
87452,5746165,0,5
156493,4940228,3,100
156493,2411918,3,97.5
156493,2949801,3,97.5
156493,2949802,3,96.2
156493,1277726,3,95
156493,7371077,3,95
156493,8182165,3,95
156493,885944,2,96.7
156493,2317807,2,95
156493,2928704,2,95
156493,7371079,2,95
156493,1101607,2,94.8
156493,1960257,2,94
156493,349643,2,93.3
156493,1960260,2,93
156493,2259179,2,93
156493,2928702,2,93
156493,3288597,2,93
156493,3288600,2,93
156493,8393766,2,93
156493,4131138,2,92.8
156493,6524746,2,92.5
156493,2616515,2,92.5
156493,7663272,2,92.5
156493,8245439,2,92.5
156493,1277720,2,92
156493,1277721,2,92
156493,1277722,2,92
156493,1960255,2,92
156493,2259182,2,92
156493,2612491,2,92
156493,2928707,2,92
156493,5530082,2,92
156493,750111,2,92
156493,8273019,2,92
156493,8029433,2,91.7
156493,2616513,2,91.7
156493,278176,2,91.7
156493,1277723,2,91.2
156493,1277725,2,91.2
156493,1277727,2,91.2
156493,2259183,2,91.2
156493,8273017,2,91.2
156493,1277724,2,91
156493,1960261,2,91
156493,2259180,2,91
156493,2928700,2,91
156493,3288596,2,91
156493,3288601,2,91
156493,349638,2,91
156493,5346660,2,91
156493,6139382,2,91
156493,8182160,2,91
156493,8182161,2,91
156493,95514,2,91
156493,95515,2,91
156493,5022725,2,90
156493,8182159,2,90
156493,8182166,2,90
156493,6267258,2,90
156493,6524745,2,90
156493,2317802,2,89
156493,2598786,2,89
156493,4527706,2,89
156493,6464089,2,89
156493,6859031,2,89
156493,6139386,2,88.8
156493,8245444,2,88.8
156493,8803136,2,88.8
156493,2612490,2,88.3
156493,7371078,2,88.3
156493,3288599,2,87.5
156493,4940229,2,87.5
156493,1347266,2,85
156493,2317800,2,84
156493,6357270,2,83.8
156493,6343406,2,83.3
156493,95519,1,78.3
156493,5406908,1,76.7
156493,2612492,1,75
156493,1171595,1,73.3
156493,627307,1,70
156493,994488,1,67.5
156493,7976153,1,67
156493,1347264,1,66.7
156493,5549994,1,66.7
156493,5122747,1,65
156493,349639,1,62
156493,6859022,1,61.2
156493,3288598,1,60
156493,349637,1,55
156493,6524741,1,47.5
156493,2141931,1,47
156493,1172287,1,46.7
156493,8811146,1,45
156493,8273018,1,35
156493,1171598,0,93
156493,5059020,0,93
156493,8463133,0,91.8
156493,8273014,0,90
915593,3538160,2,95
915593,8402974,2,94
915593,2210594,2,93.3
915593,5931268,2,93
915593,8029525,2,92.5
915593,3538166,2,92
915593,82107,2,92
915593,6761346,2,92
915593,8178998,2,92
915593,5931269,2,91
915593,2210593,2,91
915593,2923494,2,90
915593,7742098,2,90
915593,3485338,2,89
915593,8029533,2,88.8
915593,3357360,2,87
915593,3538164,2,87
915593,82110,2,86.2
915593,8103067,2,86.2
915593,3538167,2,85
915593,8103065,1,83.3
915593,3538163,1,78.3
915593,3375966,1,75
915593,3538162,1,75
915593,4818067,1,75
915593,8103063,1,75
915593,7861751,1,74
915593,8179001,1,74
915593,82113,1,73.3
915593,82114,1,73
915593,2210597,1,72
915593,2588143,1,71.7
915593,2923498,1,71.2
915593,1815965,1,71
915593,3523599,1,70
915593,7837086,1,70
915593,4910037,1,69
915593,4566823,1,69
915593,2923496,1,68.8
915593,8420020,1,68
915593,7816726,1,67.5
915593,4566816,1,67.5
915593,6923052,1,66.2
915593,7861753,1,66
915593,8455302,1,66
915593,1396701,1,65
915593,2210595,1,65
915593,6923050,1,65
915593,8178999,1,65
915593,8455306,1,65
915593,4566819,1,63.8
915593,2744909,1,63.3
915593,8402972,1,62
915593,7861749,1,61.7
915593,4566822,1,61
915593,3523602,1,60
915593,4834226,1,60
915593,3991910,1,60
915593,4691129,1,60
915593,82111,1,60
915593,6181638,1,59
915593,7837084,1,58.8
915593,2923501,1,58
915593,2923497,1,56.7
915593,3385971,1,56
915593,8455301,1,56
915593,210379,1,55
915593,8103068,1,55
915593,5931266,1,54
915593,275732,1,53.8
915593,3573479,1,53.3
915593,7861756,1,51.2
915593,82105,1,50
915593,3143377,1,48.3
915593,5931264,1,46
915593,3890492,1,36.7
915593,8002855,1,33
915593,5931265,1,28.3
915593,5931270,0,97
915593,2210591,0,96.7
915593,82109,0,96.3
915593,4566815,0,93.8
915593,5931271,0,93.5
915593,8179003,0,93
915593,8402973,0,93
915593,1396707,0,91.7
915593,1772930,0,90.6
915593,6923055,0,90
915593,8179005,0,90
915593,8402970,0,88.3
915593,7861747,0,85
915593,8178996,0,80
915593,3538165,0,72.5
915593,6923057,0,71.7
915593,8179000,0,68.8
915593,8029532,0,66.7
915593,4566818,0,61.7
915593,1396704,0,
915593,1396706,0,
915593,8455304,0,
19335,8412681,2,92.5
19335,8412682,2,92
19335,3175484,2,91.2
19335,8635981,2,90
19335,3539483,2,88.8
19335,8151642,2,88
19335,527690,2,87
19335,8412683,2,86.2
19335,8412684,2,84
19335,819168,1,76.7
19335,3175481,1,73
19335,342431,1,71
19335,630063,1,69
19335,901325,1,69
19335,2108336,1,67.5
19335,527698,1,66.7
19335,8412685,1,66.2
19335,1729,1,66
19335,1389478,1,63.8
19335,1725697,1,63.3
19335,8151650,1,63.3
19335,6867870,1,62.5
19335,1726,1,62
19335,7692043,1,61.7
19335,5843331,1,61.2
19335,1389479,1,60
19335,1746951,1,60
19335,5843332,1,58.3
19335,691497,1,58.3
19335,7042455,1,57.5
19335,6783161,1,57
19335,6999135,1,56.7
19335,7367411,1,56.7
19335,6452949,1,55
19335,5379897,1,53.8
19335,1837110,1,53.3
19335,6010966,1,52.5
19335,6109209,1,51.7
19335,3653053,1,51.2
19335,342432,1,50
19335,7367407,1,50
19335,6179483,1,48
19335,6144461,1,40
19335,1705525,1,12.5
19335,4540816,0,99
19335,4540809,0,96.3
19335,1568085,0,96.2
19335,6214701,0,96.2
19335,7298837,0,96.2
19335,7298840,0,96
19335,8798990,0,96
19335,2046341,0,95.8
19335,3260688,0,95.8
19335,129764,0,95.6
19335,1616883,0,95
19335,7267248,0,95
19335,8218756,0,95
19335,1568088,0,94.8
19335,1994172,0,94.8
19335,527695,0,94.8
19335,1359917,0,93.8
19335,8024611,0,93.8
19335,4349928,0,93.4
19335,436828,0,93.4
19335,1730,0,93.3
19335,7367402,0,93.3
19335,712806,0,93
19335,4835655,0,92.8
19335,7276206,0,92.5
19335,8412687,0,92.5
19335,1568084,0,91.8
19335,691492,0,91.7
19335,6999143,0,91.7
19335,7727462,0,91.7
19335,8525221,0,91.7
19335,1280402,0,91.2
19335,712802,0,90
19335,527694,0,89
19335,3445058,0,88.3
19335,5140471,0,88.3
19335,527689,0,88.3
19335,7256139,0,85
19335,2046505,0,81.7
19335,8612877,0,81.6
19335,7298833,0,76.8
19335,3497214,0,75.8
19335,691498,0,75.8
19335,5454280,0,75
19335,5629115,0,74.8
19335,901329,0,74
19335,1555319,0,73
19335,4540808,0,69
19335,2943087,0,66.2
19335,5051739,0,63.8
19335,8080924,0,63.3
19335,8754859,0,56.7
19335,1722,0,40
19335,5454283,0,0
19335,1796647,0,
19335,3156238,0,
47923,8348762,3,100
47923,6241147,3,98.8
47923,4297620,3,96.7
47923,6919836,3,96.2
47923,6241153,3,95
47923,6241152,3,93.8
47923,6643066,3,93.8
47923,5417582,3,93.3
47923,4257345,2,94
47923,6210760,2,94
47923,8641106,2,94
47923,1681331,2,93.8
47923,3348838,2,93.8
47923,2699736,2,93.8
47923,5032362,2,93.3
47923,6241150,2,93.3
47923,473807,2,93
47923,8641104,2,93
47923,2135499,2,93
47923,8418683,2,93
47923,8418681,2,92.5
47923,5586331,2,92.5
47923,6919841,2,92.5
47923,1681334,2,92
47923,1681332,2,92
47923,3589347,2,92
47923,6935784,2,92
47923,8418678,2,92
47923,1681336,2,91.7
47923,8641107,2,91.7
47923,6089359,2,91.7
47923,6267282,2,91.7
47923,5417583,2,91.2
47923,7038128,2,91.2
47923,1681337,2,91
47923,4684893,2,91
47923,473809,2,91
47923,5417580,2,91
47923,6241151,2,91
47923,1827449,2,91
47923,2408264,2,91
47923,6626705,2,91
47923,7747055,2,91
47923,1488918,2,90
47923,1868438,2,90
47923,1960681,2,90
47923,2044900,2,90
47923,1488919,2,90
47923,1565060,2,90
47923,2508230,2,90
47923,2838662,2,90
47923,618556,2,90
47923,6191,2,90
47923,4652799,2,90
47923,4991357,2,90
47923,6626703,2,90
47923,7137895,2,90
47923,7417276,2,90
47923,8619126,2,90
47923,2704000,2,89
47923,4684895,2,89
47923,3348834,2,89
47923,4587558,2,89
47923,5147528,2,89
47923,8619129,2,89
47923,525511,2,88.8
47923,146706,2,88.8
47923,8418684,2,88.3
47923,5032364,2,88.3
47923,5417584,2,88.3
47923,1868437,2,88
47923,1161940,2,88
47923,1488916,2,88
47923,5147529,2,87
47923,2699737,2,85
47923,5147526,2,85
47923,6696631,1,80
47923,5147530,1,78
47923,7914498,1,75
47923,8284608,1,74
47923,4818815,1,72.5
47923,8418679,1,72.5
47923,4523464,1,71.2
47923,5147527,1,70
47923,3703415,1,70
47923,7071695,1,70
47923,99926,1,69
47923,7071694,1,68
47923,1506786,1,66
47923,5911790,1,64
47923,7774318,1,64
47923,2402776,1,63.3
47923,1496426,1,61.2
47923,7774316,1,60
47923,3785497,1,59
47923,8619130,1,57.5
47923,2284132,1,
47923,766019,0,100
47923,8110288,0,95
47923,3883233,0,62.2
183378,8570261,3,98.3
183378,4493914,3,96.7
183378,4493916,3,96.7
183378,4803847,3,96.7
183378,8570257,3,96.7
183378,4493915,3,95
183378,8570258,3,95
183378,1289496,3,94
183378,1289497,3,93.3
183378,4803848,3,92.5
183378,8570256,3,91.7
183378,4493920,3,91
183378,4862063,2,95
183378,7449744,2,93.8
183378,828108,2,93.8
183378,3389580,2,93.3
183378,2493332,2,93.3
183378,4727418,2,93
183378,7677975,2,93
183378,2533260,2,93
183378,4493919,2,93
183378,2533256,2,92.5
183378,4493921,2,92.5
183378,5534711,2,92.5
183378,7449750,2,92.5
183378,1289489,2,92
183378,3389579,2,92
183378,5534703,2,92
183378,5798333,2,92
183378,3093215,2,91.7
183378,4493922,2,91.7
183378,7449751,2,91.7
183378,8794308,2,91.7
183378,4493913,2,91.2
183378,8570260,2,91.2
183378,4803856,2,91.2
183378,8121377,2,91.2
183378,1773959,2,91
183378,327908,2,91
183378,7449752,2,91
183378,8794304,2,91
183378,2234245,2,90
183378,5534707,2,90
183378,2499865,2,90
183378,5391353,2,90
183378,8794302,2,90
183378,6880045,2,90
183378,229739,2,89
183378,376576,2,89
183378,7952865,2,89
183378,8191188,2,89
183378,3605404,2,88.8
183378,4716324,2,88.3
183378,4727412,2,88
183378,8794303,2,87.5
183378,6548235,2,86.2
183378,4803850,1,80
183378,749548,1,71.2
183378,8121380,1,68.8
183378,8577215,1,67.5
183378,7703397,1,66.7
183378,2068968,1,65
183378,4803851,1,65
183378,2639939,1,63
183378,8643931,1,60
183378,4856305,1,58.8
183378,2089154,1,58.8
183378,5534708,1,56
183378,8779628,1,54
183378,4810802,1,52.5
183378,4835769,1,51.7
183378,1765863,1,49
183378,4371183,1,42.5
183378,1289495,1,37.5
183378,8079968,1,36.7
183378,3662782,1,27
183378,5286899,0,97.2
183378,6960777,0,97
183378,5105265,0,96.3
183378,7878227,0,96.3
183378,3576225,0,95
183378,5728400,0,95
183378,6295431,0,94.8
183378,6569755,0,94.8
183378,8756893,0,94
183378,1603314,0,93.8
183378,324177,0,93.8
183378,324178,0,93.8
183378,8507877,0,93.3
183378,424997,0,93
183378,1603312,0,91.7
183378,8079970,0,82.7
183378,2095187,0,78.4
183378,711450,0,78
183378,324175,0,65
183378,1261035,0,48.5
183378,2796241,0,38.8
183378,2805325,0,19
183378,3576220,0,0
183378,4530314,0,
87181,2530227,2,94
87181,3198047,2,94
87181,2986227,2,93
87181,4689525,2,93
87181,6484575,2,93
87181,8534134,2,93
87181,8565420,2,93
87181,8683185,2,93
87181,8246410,2,93
87181,8738512,2,93
87181,47211,2,92.7
87181,6774305,2,92.5
87181,1700168,2,92
87181,1179100,2,92
87181,5469038,2,92
87181,6484576,2,92
87181,6521366,2,92
87181,8332555,2,92
87181,8522403,2,92
87181,1519996,2,92
87181,4632251,2,92
87181,742425,2,91.2
87181,6484578,2,91.2
87181,4689523,2,91
87181,6685092,2,91
87181,8151926,2,91
87181,8332547,2,91
87181,935164,2,90.8
87181,1961300,2,90
87181,1950525,2,90
87181,2530257,2,90
87181,3216315,2,90
87181,47207,2,90
87181,4786305,2,90
87181,3914970,2,90
87181,4632256,2,90
87181,6029788,2,90
87181,8332546,2,90
87181,8614360,2,90
87181,6055562,2,90
87181,6262331,2,90
87181,8614359,2,89
87181,7112964,2,88.8
87181,7112968,2,88.8
87181,2307979,2,88.8
87181,8151921,2,88.3
87181,8082516,2,87.5
87181,7057928,2,87
87181,8683178,2,87
87181,7666831,2,86.7
87181,5197135,2,86
87181,6969187,2,86
87181,921633,2,86
87181,2556151,2,85
87181,1856241,2,84
87181,2374850,2,83
87181,8151919,2,80
87181,123548,1,80
87181,1902826,1,77.5
87181,2763490,1,75
87181,47212,1,75
87181,8151922,1,75
87181,4689524,1,73
87181,2556150,1,72.5
87181,8332551,1,71.2
87181,8664069,1,68
87181,8534135,1,66.7
87181,7139898,1,66.2
87181,2024860,1,66
87181,6928212,1,61
87181,2530252,1,60
87181,8476330,1,60
87181,8183977,1,58.3
87181,8183981,1,58.3
87181,1692902,1,57
87181,3354162,1,56.2
87181,2345225,1,42
87181,8165403,1,10
87181,6521360,0,97.4
87181,47203,0,97
87181,2556149,0,95.8
87181,2556146,0,95.4
87181,5197133,0,95.4
87181,5197138,0,94.8
87181,5197136,0,94
87181,123547,0,93.8
87181,47210,0,93.8
87181,47206,0,93.5
87181,3423884,0,93.4
87181,5197130,0,93
87181,1766470,0,92.5
87181,1902827,0,91.2
87181,8332548,0,90
87181,8183982,0,88.8
87181,8165398,0,88
87181,47208,0,86.7
87181,803955,0,75
87181,7666828,0,27.5
87181,8683181,0,0
87181,2556144,0,
1133167,8033646,3,93.8
1133167,8484851,2,95
1133167,1824488,2,94
1133167,1883281,2,94
1133167,3074599,2,94
1133167,823275,2,94
1133167,6157114,2,94
1133167,4712273,2,93.6
1133167,4550240,2,93.3
1133167,1824483,2,93
1133167,1824487,2,93
1133167,4443370,2,93
1133167,6112586,2,93
1133167,563738,2,93
1133167,5674622,2,93
1133167,6142,2,93
1133167,6299574,2,93
1133167,6467517,2,93
1133167,6467518,2,93
1133167,7093509,2,93
1133167,7793416,2,93
1133167,8033645,2,93
1133167,8405623,2,93
1133167,190806,2,92.5
1133167,8839920,2,92.4
1133167,2010281,2,92
1133167,4494097,2,92
1133167,8033647,2,92
1133167,823277,2,92
1133167,2623303,2,92
1133167,8484849,2,92
1133167,4625145,2,91.7
1133167,4926204,2,91.2
1133167,190809,2,91
1133167,2276678,2,91
1133167,3421900,2,91
1133167,5674623,2,91
1133167,6112590,2,91
1133167,7486597,2,91
1133167,7793414,2,91
1133167,8160224,2,91
1133167,8160241,2,91
1133167,823279,2,91
1133167,8250498,2,91
1133167,8255706,2,91
1133167,2613290,2,91
1133167,4443375,2,91
1133167,1824481,2,90
1133167,1883280,2,90
1133167,2491371,2,90
1133167,2613293,2,90
1133167,3953805,2,90
1133167,434124,2,90
1133167,6103289,2,90
1133167,6299575,2,90
1133167,7218016,2,90
1133167,8255705,2,90
1133167,1883278,2,90
1133167,332787,2,90
1133167,190805,2,89
1133167,3355083,2,89
1133167,3421898,2,89
1133167,4557439,2,89
1133167,6257038,2,89
1133167,6999438,2,89
1133167,7218012,2,89
1133167,8484845,2,89
1133167,1379370,2,88.8
1133167,6112592,2,88.8
1133167,4498479,2,88.6
1133167,3074598,2,88
1133167,2439240,2,88
1133167,5985458,2,88
1133167,7486599,2,88
1133167,823273,2,88
1133167,7091940,2,88
1133167,8255701,2,88
1133167,1790122,2,88
1133167,7793408,2,87
1133167,6467519,2,87
1133167,7793409,2,86.7
1133167,1883277,2,86.7
1133167,7093512,2,86
1133167,4494100,1,78.8
1133167,7218019,1,71.7
1133167,823272,1,70
1133167,6467522,1,69
1133167,7091943,1,68.8
1133167,4443368,1,67.5
1133167,8160243,1,65
1133167,8250500,1,56.2
1133167,6112588,1,55
1133167,434126,1,41.7
1133167,6332045,1,5
1133167,8160230,0,94.8
1133167,7217706,0,90
1133167,3421904,0,90
1133167,8250501,0,80
1133167,7486594,0,68.3
1133167,6112589,0,
855410,8651772,2,93.8
855410,8651775,2,91
855410,8651770,1,72.5
855410,8651776,1,68
855410,2737046,1,64.5
855410,8651771,1,62
855410,5594994,1,53.3
855410,6338974,1,53.3
855410,5130380,1,42.5
855410,884430,1,40
855410,6133647,1,23.3
855410,3006601,1,13.3
855410,5232523,1,3.3
855410,1147809,1,
855410,1970390,0,98.8
855410,3340202,0,98.6
855410,5095702,0,98.5
855410,6098860,0,98.2
855410,8145658,0,98.2
855410,1561018,0,98
855410,6859899,0,98
855410,326818,0,97.8
855410,8144663,0,97.7
855410,3340204,0,97.4
855410,8533683,0,97.4
855410,6936951,0,97.2
855410,4636144,0,96.8
855410,5478153,0,96.8
855410,7066410,0,96.7
855410,2418893,0,96.6
855410,6301996,0,96.6
855410,4685777,0,96.3
855410,6301992,0,96.3
855410,6706455,0,96.2
855410,6936948,0,96
855410,1294305,0,95.8
855410,232305,0,95.8
855410,2418890,0,95.8
855410,1795261,0,95.7
855410,6152822,0,95.6
855410,1929957,0,95
855410,3724701,0,95
855410,6893643,0,95
855410,7747483,0,95
855410,6218319,0,94.8
855410,984177,0,94.8
855410,4275296,0,94.6
855410,7151082,0,94.6
855410,7140868,0,94.4
855410,6760182,0,94
855410,3724700,0,93.8
855410,7210777,0,93.8
855410,1147810,0,93.5
855410,1294308,0,93.5
855410,352146,0,93.5
855410,6688284,0,93.4
855410,2519077,0,93.3
855410,3948069,0,93.3
855410,5550193,0,93.3
855410,8448246,0,93
855410,1719692,0,92.8
855410,4518587,0,92.8
855410,1147811,0,92.5
855410,4406031,0,92
855410,5239970,0,92
855410,159665,0,91.7
855410,1685597,0,91.6
855410,3110654,0,90
855410,8140208,0,89.8
855410,6941139,0,88.8
855410,884436,0,87.5
855410,4503925,0,83
855410,1041939,0,79.4
855410,7240299,0,79
855410,8407524,0,77.8
855410,5558891,0,77.2
855410,6301995,0,76.6
855410,5232525,0,74.8
855410,3200693,0,74.6
855410,6674058,0,73
855410,2418458,0,72.2
855410,6759238,0,71.2
855410,7099015,0,69.7
855410,6197317,0,61.7
855410,6796749,0,59.8
855410,1051865,0,58.6
855410,3527605,0,55.8
855410,229903,0,51.2
855410,2350118,0,39.8
855410,2506511,0,39.8
855410,788830,0,38.2
855410,1874884,0,37.8
855410,7456767,0,34
855410,576583,0,30
855410,6647485,0,19.8
855410,8165085,0,19.8
855410,3113274,0,18
855410,5629792,0,18
855410,5095701,0,
855410,7066409,0,
1115776,8106320,2,93.8
1115776,4314176,2,92.5
1115776,4314172,2,92.5
1115776,4314169,2,92
1115776,4314174,2,90
1115776,4314173,2,90
1115776,8106324,2,90
1115776,8106321,2,89
1115776,4314175,2,87
1115776,5305147,1,77.5
1115776,4314171,1,76.2
1115776,4314178,1,75
1115776,8495250,1,71
1115776,1593007,1,71
1115776,8106322,1,70
1115776,8180097,1,70
1115776,7129178,1,68.8
1115776,6989198,1,68
1115776,5295699,1,66.7
1115776,4620863,1,63.3
1115776,1440028,1,63
1115776,6934016,1,62.5
1115776,3469357,1,61.2
1115776,4051141,1,60
1115776,3411245,1,58.3
1115776,7183516,1,58.3
1115776,8106318,1,58
1115776,3081626,1,58
1115776,5605159,1,57.5
1115776,1621981,1,57
1115776,5264931,1,55
1115776,8828147,1,54
1115776,7318318,1,53
1115776,7618006,1,50
1115776,8710004,1,50
1115776,2230476,1,48.3
1115776,8106323,1,42
1115776,8078183,1,40
1115776,3977422,1,28.8
1115776,8447122,1,20
1115776,5232963,1,10
1115776,2017909,0,99.2
1115776,3680291,0,98.8
1115776,6397841,0,98
1115776,8388343,0,98
1115776,8757348,0,98
1115776,3743894,0,97.6
1115776,3366472,0,97.4
1115776,6251729,0,97.3
1115776,2017908,0,97.2
1115776,6616842,0,97.2
1115776,2230477,0,97
1115776,7840022,0,97
1115776,3296854,0,96.8
1115776,8108818,0,96.8
1115776,1440035,0,96.6
1115776,8355028,0,96.6
1115776,1328463,0,96.4
1115776,3276364,0,96.4
1115776,6702136,0,96.3
1115776,7618005,0,96.3
1115776,8706770,0,96
1115776,1826911,0,95.8
1115776,8355020,0,95.8
1115776,2230483,0,95.6
1115776,6934013,0,95.5
1115776,8108815,0,95.4
1115776,2471196,0,95.2
1115776,143334,0,95
1115776,6747926,0,95
1115776,2196566,0,94.8
1115776,2337363,0,94.8
1115776,5555296,0,94.8
1115776,580737,0,94.7
1115776,6919096,0,94.7
1115776,1328460,0,94.6
1115776,8345724,0,94.6
1115776,1593008,0,94.5
1115776,258978,0,94.4
1115776,5605160,0,94
1115776,600966,0,93.8
1115776,6989199,0,93.5
1115776,257268,0,93.3
1115776,6616844,0,93.3
1115776,2230480,0,93
1115776,6246928,0,93
1115776,1565105,0,92
1115776,2903177,0,92
1115776,4984390,0,92
1115776,941057,0,92
1115776,7129173,0,91.7
1115776,758999,0,91.7
1115776,7442432,0,91.2
1115776,7618008,0,91.2
1115776,8046348,0,90.8
1115776,5232955,0,89.5
1115776,480800,0,88.3
1115776,896003,0,73.8
1115776,1540838,0,70
1115776,5599692,0,58.3
1124210,4648414,3,100
1124210,7806222,3,100
1124210,6541868,3,98.8
1124210,6720368,3,98.3
1124210,2825130,3,98
1124210,4002454,3,98
1124210,6541866,3,98
1124210,3263727,3,97.5
1124210,4942992,3,97.5
1124210,6737729,3,97.5
1124210,8355477,3,97.5
1124210,1689639,3,97.3
1124210,2258592,3,97.2
1124210,2258597,3,97
1124210,7224102,3,96.7
1124210,2494574,3,96.2
1124210,7942807,3,96.2
1124210,8650642,3,96.2
1124210,6737727,3,96
1124210,8026737,3,96
1124210,8547690,3,96
1124210,2258591,3,95.8
1124210,181175,3,95
1124210,2461683,3,95
1124210,2650269,3,95
1124210,5587711,3,95
1124210,6541864,3,95
1124210,8355483,3,95
1124210,2258594,3,93.8
1124210,5098936,3,93.8
1124210,2494577,3,93.3
1124210,2859501,3,93.3
1124210,4002456,3,93.3
1124210,8492305,3,93.3
1124210,931162,3,93.3
1124210,8087696,3,90
1124210,5098941,3,86.7
1124210,8087702,2,95.8
1124210,2433609,2,95
1124210,6146809,2,95
1124210,7695217,2,95
1124210,8558068,2,94
1124210,7443586,2,94
1124210,2258598,2,93.8
1124210,7203360,2,93.8
1124210,3162331,2,93.3
1124210,6255796,2,93.3
1124210,7443588,2,93.3
1124210,8026735,2,93.3
1124210,8026738,2,93.3
1124210,1244877,2,93
1124210,2258599,2,93
1124210,2433601,2,93
1124210,2433604,2,93
1124210,4303129,2,93
1124210,5664148,2,93
1124210,181177,2,92.5
1124210,2728448,2,92.5
1124210,2958020,2,92.5
1124210,3466956,2,92.5
1124210,8026743,2,92.5
1124210,8802909,2,92.5
1124210,7806221,2,92
1124210,8026740,2,92
1124210,284020,2,92
1124210,2753148,2,91.7
1124210,5587709,2,91.7
1124210,5941717,2,91.7
1124210,6233255,2,91.7
1124210,931165,2,91.7
1124210,2258596,2,91.2
1124210,2089544,2,91.2
1124210,6620551,2,91
1124210,8828525,2,91
1124210,4535489,2,91
1124210,2070515,2,90
1124210,2258595,2,90
1124210,2433603,2,90
1124210,2685123,2,90
1124210,3289568,2,90
1124210,3517427,2,90
1124210,6498977,2,90
1124210,6507996,2,90
1124210,943794,2,90
1124210,1280828,2,90
1124210,2399822,2,89
1124210,131190,2,88.8
1124210,92049,2,88.8
1124210,2608221,2,88.8
1124210,6636931,2,88.3
1124210,8406413,2,88.3
1124210,522219,2,88
1124210,7146478,1,71.2
1124210,7715335,1,64
1124210,4174699,1,63
1124210,4616435,1,56
1124210,522220,1,52.5
1124210,7146473,0,92.5
1124210,3225197,0,92.2
1124210,6636936,0,90
962179,3705165,3,99.7
962179,1645080,2,94
962179,2978866,2,93.8
962179,8785371,2,93.8
962179,2329697,2,93.3
962179,2329699,2,93.3
962179,4606387,2,93.3
962179,6980697,2,93
962179,302866,2,92.5
962179,1645087,2,92
962179,2978870,2,92
962179,8785374,2,92
962179,8785373,2,91
962179,302861,2,90
962179,4606388,2,88
962179,3173623,2,87.5
962179,302868,2,86.7
962179,6575567,1,66
962179,8785368,1,65
962179,3422317,1,63.3
962179,536178,1,63.3
962179,4257873,1,62.5
962179,4209392,1,55
962179,8785370,1,55
962179,7588230,1,53.3
962179,5773189,1,50
962179,5919341,1,50
962179,6675259,1,49
962179,8785372,1,47
962179,4309122,1,43.8
962179,6980701,1,41.7
962179,302865,1,40
962179,6675258,1,38
962179,4511498,1,36.7
962179,5642479,1,26.7
962179,8746010,1,23.3
962179,1006866,1,20
962179,4606390,0,100
962179,8689054,0,98.8
962179,4511504,0,98.6
962179,1006868,0,97.4
962179,5773184,0,97
962179,5427063,0,96.8
962179,5653652,0,96.3
962179,6575560,0,96.3
962179,1006861,0,96
962179,3422321,0,96
962179,902372,0,96
962179,5642481,0,95.8
962179,2131893,0,95
962179,4511497,0,95
962179,6898290,0,95
962179,7126025,0,95
962179,2925975,0,94.8
962179,3422318,0,94.8
962179,3982060,0,94.8
962179,4606389,0,94.8
962179,5320368,0,94.8
962179,5653655,0,94.8
962179,8689056,0,94.8
962179,8768974,0,94.7
962179,1006859,0,94.5
962179,1006867,0,93.8
962179,3661633,0,93.8
962179,8689055,0,93.8
962179,1006860,0,93.5
962179,6675265,0,93.5
962179,1006865,0,93.3
962179,536180,0,93.3
962179,5427065,0,93.3
962179,8689057,0,93.3
962179,181089,0,93
962179,6675261,0,93
962179,7428143,0,92.6
962179,5427064,0,92
962179,4511501,0,91.7
962179,6675262,0,91.7
962179,8689053,0,91.7
962179,2632688,0,91.2
962179,2929465,0,91.2
962179,6898292,0,90.8
962179,5427070,0,77.2
962179,5653657,0,76
962179,8032269,0,75.4
962179,1015976,0,75
962179,2017001,0,72.2
962179,4717424,0,70
962179,4717426,0,70
962179,7428146,0,70
962179,6898295,0,63.3
962179,8032264,0,63
962179,902373,0,62.7
962179,2929469,0,61.7
962179,8689058,0,60
962179,931124,0,50
962179,2017003,0,48.5
962179,6904865,0,47.5
962179,5886688,0,38
962179,8811426,0,22.5
962179,6675257,0,6.7
833860,6230222,2,89
833860,6230227,2,87.5
833860,6230220,2,87
833860,3437288,2,86.7
833860,6230221,2,86
833860,5167513,2,85
833860,8344031,2,84
833860,6230226,2,82
833860,8697642,1,69
833860,6230229,1,67
833860,2702357,1,60
833860,3437285,1,60
833860,3437289,1,58
833860,8683095,1,55
833860,6886846,1,42.5
833860,4736124,1,38.3
833860,6610436,1,38.3
833860,2386361,1,31.7
833860,7184644,1,30
833860,8160728,1,25
833860,1400521,1,22
833860,541470,1,6.7
833860,3026174,0,99.8
833860,1694695,0,99.2
833860,6209174,0,99
833860,2829181,0,98.4
833860,5500892,0,98.2
833860,2597196,0,97
833860,280008,0,97
833860,3544301,0,96.6
833860,5759683,0,96.4
833860,1971028,0,96.3
833860,2192805,0,96.3
833860,4565141,0,96.3
833860,5178289,0,96.3
833860,280004,0,95.8
833860,6277473,0,95.8
833860,6541901,0,95.8
833860,3107240,0,95.4
833860,557588,0,95.4
833860,1016915,0,95
833860,1524401,0,95
833860,1524403,0,94.8
833860,2829180,0,94.8
833860,8469913,0,94.8
833860,6406714,0,94.6
833860,3798217,0,94
833860,6297606,0,94
833860,2702358,0,93.8
833860,7192576,0,93.8
833860,7548089,0,93.8
833860,1579406,0,93.5
833860,7508039,0,93.3
833860,4046129,0,93
833860,5988243,0,93
833860,1524402,0,92.8
833860,1448548,0,92.2
833860,2727126,0,92.2
833860,1969741,0,91.2
833860,6406715,0,91.2
833860,8584923,0,91.2
833860,7826521,0,89.7
833860,3087477,0,88.8
833860,6829804,0,88.8
833860,6654798,0,88.3
833860,2188108,0,87.5
833860,1524644,0,85
833860,4565899,0,79.4
833860,5639026,0,79
833860,4967639,0,77.6
833860,8119467,0,77.2
833860,7153355,0,77
833860,1900577,0,76.8
833860,3107242,0,76.8
833860,7007433,0,74
833860,1799623,0,73.5
833860,6738736,0,73
833860,2036934,0,72
833860,115142,0,70
833860,8742336,0,68.8
833860,4460348,0,67.5
833860,5229080,0,60
833860,1524399,0,58.8
833860,611992,0,58.8
833860,7023585,0,57.8
833860,7153349,0,57
833860,2488241,0,55.6
833860,7973006,0,40
833860,1751577,0,39.8
833860,1524406,0,38
833860,5967462,0,37.8
833860,456068,0,36
833860,8112006,0,36
833860,6510230,0,19
833860,2488236,0,0
833860,1524648,0,
833860,1859403,0,
833860,3729262,0,
833860,7184650,0,
833860,8189156,0,
1114646,5640859,2,95
1114646,5229617,2,95
1114646,5279567,2,93.8
1114646,771368,2,93.8
1114646,7984234,2,93.8
1114646,1884059,2,93.3
1114646,2911035,2,93.3
1114646,6711103,2,93
1114646,2201127,2,93
1114646,4771285,2,93
1114646,5041692,2,92.8
1114646,3056368,2,92.5
1114646,3467665,2,92.5
1114646,1544838,2,92
1114646,266552,2,92
1114646,5959593,2,92
1114646,7196956,2,92
1114646,3470484,2,92
1114646,8117095,2,92
1114646,2647994,2,91.7
1114646,4332918,2,91.2
1114646,5417952,2,91
1114646,579554,2,91
1114646,5836029,2,91
1114646,3467664,2,91
1114646,6704400,2,90
1114646,6348309,2,90
1114646,8117094,2,90
1114646,2911040,2,89
1114646,8117087,2,89
1114646,5661838,2,89
1114646,6704401,2,89
1114646,2676807,2,88.8
1114646,2911039,2,88.8
1114646,5217702,2,88.8
1114646,5417954,2,88
1114646,8327369,2,88
1114646,8117092,2,87.5
1114646,3184851,2,87.5
1114646,5640856,2,87.5
1114646,3184850,2,87
1114646,8117093,2,87
1114646,7196961,2,86
1114646,7065010,2,84
1114646,5417953,2,
1114646,687064,2,
1114646,6455057,1,79
1114646,5661840,1,73.8
1114646,8117088,1,67
1114646,3741322,1,62.5
1114646,2343618,1,56.7
1114646,4438502,1,43.3
1114646,3828281,1,41.7
1114646,3123685,1,10
1114646,4908869,0,98.2
1114646,400354,0,97
1114646,4824843,0,96.7
1114646,6120716,0,96.6
1114646,4453440,0,96.2
1114646,8825558,0,95.8
1114646,4327099,0,95.4
1114646,2343621,0,94.8
1114646,5080866,0,94.8
1114646,6214269,0,94.8
1114646,1038132,0,94.7
1114646,3092012,0,94.7
1114646,4655941,0,94.6
1114646,2505772,0,94.5
1114646,8074924,0,94.4
1114646,7702599,0,94
1114646,5128542,0,93.8
1114646,76836,0,93.8
1114646,444382,0,93.3
1114646,4270203,0,93.3
1114646,4656405,0,93
1114646,4776382,0,92.5
1114646,7012106,0,92.2
1114646,6157422,0,92
1114646,4908870,0,91.7
1114646,1647183,0,91
1114646,2505776,0,91
1114646,153138,0,86
1114646,1760178,0,77.8
1114646,4314094,0,77.6
1114646,444375,0,74.8
1114646,2343615,0,74.8
1114646,400352,0,74.8
1114646,2995800,0,73.2
1114646,773300,0,72.2
1114646,898854,0,70.8
1114646,46323,0,70
1114646,2407770,0,66
1114646,4603841,0,57
1114646,6501323,0,55
1114646,860901,0,52.5
1114646,5829214,0,48.8
1114646,7629822,0,48.8
1114646,4656404,0,33.3
1114646,2319282,0,
1114646,6589360,0,
1113437,4615569,3,83.8
1113437,742037,2,95
1113437,5546289,2,93.8
1113437,7497491,2,93
1113437,8128798,2,92
1113437,4498864,2,91.7
1113437,8128796,2,91.2
1113437,3064610,2,91.2
1113437,3518298,2,91.2
1113437,8128794,2,91
1113437,8128790,2,91
1113437,2354940,2,90
1113437,2354941,2,90
1113437,8363317,2,90
1113437,5938419,2,89
1113437,1066532,2,87.5
1113437,6215772,1,78.3
1113437,7277236,1,76.7
1113437,1520227,1,73.8
1113437,6021898,1,73.3
1113437,4016930,1,72.5
1113437,4016939,1,71.8
1113437,313538,1,71.7
1113437,3997986,1,71.2
1113437,3518300,1,71
1113437,1287014,1,71
1113437,807274,1,68.8
1113437,8128793,1,68.8
1113437,5545723,1,68.3
1113437,213009,1,67
1113437,520325,1,67
1113437,3049194,1,66.2
1113437,5188746,1,66
1113437,5313809,1,65
1113437,8162984,1,65
1113437,8336306,1,65
1113437,213006,1,64
1113437,3049193,1,64
1113437,7385217,1,62
1113437,213011,1,62
1113437,4498871,1,61.7
1113437,4486954,1,61
1113437,6601849,1,61
1113437,5188745,1,60
1113437,2110583,1,59
1113437,6597538,1,58.8
1113437,7458700,1,58.8
1113437,4016934,1,57.5
1113437,5050470,1,57.5
1113437,6017945,1,56.7
1113437,4628483,1,55
1113437,4981632,1,54
1113437,4498873,1,52.5
1113437,6302495,1,50
1113437,313542,1,48.8
1113437,7385216,1,43.8
1113437,657400,1,36.2
1113437,7126000,1,13.3
1113437,4193422,0,99
1113437,657405,0,98.2
1113437,6992968,0,97.2
1113437,4898185,0,96.6
1113437,4186999,0,96.4
1113437,436902,0,96.4
1113437,7618564,0,96.4
1113437,4111480,0,96.3
1113437,142150,0,95.8
1113437,1768734,0,94.8
1113437,8299324,0,94.8
1113437,5720141,0,94.7
1113437,3436901,0,93.8
1113437,2759673,0,93.5
1113437,3436902,0,93.5
1113437,1280572,0,93.3
1113437,1655114,0,93.3
1113437,3990056,0,93.3
1113437,2535148,0,92.5
1113437,4628484,0,91.7
1113437,61756,0,91.7
1113437,807273,0,91.2
1113437,5748055,0,91
1113437,1783459,0,90.8
1113437,6284746,0,90.2
1113437,4216338,0,90
1113437,919328,0,88.6
1113437,1768729,0,88.5
1113437,5132846,0,87.5
1113437,4783291,0,86.7
1113437,5215406,0,86.7
1113437,7306673,0,86.3
1113437,1931169,0,80
1113437,7618558,0,78.4
1113437,436903,0,74.8
1113437,2922427,0,70
1113437,5215408,0,70
1113437,7774459,0,22.5
1113437,3325914,0,
1113437,3329254,0,
1113437,4841345,0,
1113437,8133335,0,
1117099,4775947,2,93.3
1117099,5286538,2,93
1117099,1798612,2,91.4
1117099,8093931,2,91.2
1117099,8446501,2,91.2
1117099,1798620,2,91
1117099,5286539,2,90
1117099,6122720,2,88.8
1117099,3543106,2,88.3
1117099,6122723,2,86.7
1117099,696157,1,76.7
1117099,6122724,1,75
1117099,6858994,1,72.5
1117099,4458512,1,68.3
1117099,2398223,1,68.3
1117099,6177939,1,67.5
1117099,6691413,1,65
1117099,5258462,1,63.8
1117099,4131491,1,63.3
1117099,7077675,1,63.3
1117099,8093932,1,63
1117099,4458509,1,60
1117099,8093934,1,60
1117099,225482,1,60
1117099,3412239,1,60
1117099,3349612,1,55
1117099,8446502,1,53.8
1117099,2398222,1,53.8
1117099,297115,1,52.5
1117099,3633445,1,50
1117099,8152834,1,50
1117099,1013796,1,46.7
1117099,8708306,1,46.7
1117099,2826254,1,40
1117099,6622235,1,40
1117099,6398911,1,36.7
1117099,4001644,1,33.3
1117099,2567188,1,30
1117099,7610604,1,25
1117099,334615,1,
1117099,7153698,0,98
1117099,3128113,0,97.4
1117099,4458506,0,97
1117099,8709227,0,96.7
1117099,810080,0,96.6
1117099,1551131,0,96
1117099,1197318,0,95.8
1117099,464305,0,95.8
1117099,8079296,0,95.6
1117099,1445087,0,95
1117099,5001703,0,95
1117099,5597127,0,95
1117099,6858988,0,95
1117099,4888196,0,94.8
1117099,5817484,0,94.8
1117099,8714082,0,94.7
1117099,7431533,0,94.7
1117099,5699286,0,94.5
1117099,5643723,0,94.3
1117099,7722560,0,94.2
1117099,4631857,0,93.5
1117099,3214921,0,93.3
1117099,3729946,0,93.3
1117099,4131492,0,93.3
1117099,5286540,0,93.3
1117099,5817491,0,93.3
1117099,7172078,0,93.3
1117099,1570999,0,93
1117099,389980,0,93
1117099,7153702,0,93
1117099,8714085,0,92.5
1117099,8714087,0,92.5
1117099,1068642,0,92.5
1117099,7676049,0,92.5
1117099,2789022,0,92.2
1117099,8709226,0,92.2
1117099,1986002,0,92
1117099,5752877,0,91.8
1117099,8446504,0,91.7
1117099,3186367,0,91.7
1117099,2715359,0,91.6
1117099,6122721,0,91.2
1117099,4131489,0,91.2
1117099,7868161,0,91.2
1117099,1212767,0,91
1117099,8152830,0,91
1117099,3427785,0,90
1117099,7407593,0,86.3
1117099,4493492,0,83.8
1117099,1798619,0,83.3
1117099,6993942,0,78.3
1117099,2292116,0,74
1117099,2715363,0,73.8
1117099,1174584,0,71
1117099,4441325,0,68.3
1117099,7868164,0,60
1117099,5319158,0,57.8
1117099,1632948,0,41
1117099,2754430,0,
1117099,3427786,0,
1121402,8052620,3,96
1121402,7125981,2,93.3
1121402,182369,2,93
1121402,7125987,2,93
1121402,7125983,2,92.5
1121402,8052621,2,92
1121402,7125980,2,91.8
1121402,188213,2,91.7
1121402,8052622,2,91.7
1121402,5189913,2,91
1121402,182372,2,90
1121402,8052624,2,90
1121402,3785308,2,89
1121402,188210,2,89
1121402,182368,2,86.7
1121402,182364,2,86.7
1121402,188209,2,86
1121402,182365,2,85
1121402,8052617,2,83.8
1121402,3511789,2,83
1121402,8052623,2,78.3
1121402,7142994,2,76.2
1121402,8089444,1,74
1121402,3785310,1,71.7
1121402,7011506,1,71
1121402,4449267,1,70
1121402,188218,1,70
1121402,697136,1,68
1121402,7125985,1,67
1121402,6392405,1,66.7
1121402,188216,1,66
1121402,3785309,1,66
1121402,188214,1,65
1121402,7125982,1,63
1121402,8235730,1,60
1121402,3511795,1,60
1121402,53697,1,60
1121402,8052619,1,59
1121402,188215,1,59
1121402,1249687,1,58.8
1121402,188211,1,58
1121402,4449258,1,57.5
1121402,43770,1,56
1121402,53692,1,55
1121402,3412904,1,54
1121402,6157464,1,53.3
1121402,5318501,1,52
1121402,4727107,1,51.7
1121402,7125978,1,50
1121402,177807,1,50
1121402,188217,1,48
1121402,2281086,1,36.7
1121402,7477363,1,36.7
1121402,4844735,1,33.3
1121402,7471825,1,25
1121402,4986315,1,23.8
1121402,1873309,1,23.3
1121402,6918691,1,20
1121402,8453588,1,8.3
1121402,7572311,0,97
1121402,8821498,0,97
1121402,7161979,0,96.8
1121402,53699,0,96.6
1121402,6371843,0,96
1121402,5614625,0,95.8
1121402,6717342,0,95.6
1121402,1608737,0,95
1121402,177813,0,94.8
1121402,8376430,0,94.5
1121402,1471443,0,94
1121402,7510847,0,94
1121402,5614619,0,93.8
1121402,8718639,0,93.8
1121402,1402314,0,93.3
1121402,465100,0,93.3
1121402,7898701,0,93.3
1121402,4214351,0,93
1121402,5103864,0,92.2
1121402,5966850,0,91.7
1121402,6392400,0,90
1121402,6371837,0,87.5
1121402,177809,0,77.6
1121402,7572312,0,76
1121402,7477362,0,74
1121402,3494458,0,68.8
1121402,333401,0,67.5
1121402,8492342,0,64.7
1121402,177810,0,60
1121402,6717338,0,58.6
1121402,8821496,0,58.6
1121402,3674185,0,58.3
1121402,8832487,0,56.8
1121402,6324938,0,55
1121402,5662150,0,53
1121402,4893523,0,38.4
1121402,182370,0,
1121402,182373,0,
1121402,53696,0,
1121402,6717336,0,
1121402,7774688,0,
168216,2790904,3,100
168216,6426632,3,98.3
168216,8185135,3,98
168216,6213325,3,96.7
168216,3399712,3,96.7
168216,1301469,3,96.3
168216,1301472,3,96.2
168216,6426638,3,95
168216,6061722,3,94.7
168216,3399713,2,96.3
168216,6282562,2,96.3
168216,290826,2,95.6
168216,1301465,2,95
168216,1301474,2,95
168216,1381477,2,95
168216,4792582,2,95
168216,8185137,2,95
168216,8639633,2,95
168216,8723467,2,95
168216,8731621,2,95
168216,4324487,2,95
168216,4498419,2,94.8
168216,4191395,2,94.6
168216,7492755,2,94
168216,8185131,2,94
168216,3198682,2,94
168216,2036279,2,93.8
168216,3681095,2,93.8
168216,5935474,2,93.8
168216,8141128,2,93.8
168216,8639627,2,93.8
168216,8731623,2,93.8
168216,4324491,2,93.8
168216,7337513,2,93.8
168216,8252763,2,93.5
168216,2069992,2,93.3
168216,3198689,2,93.3
168216,3908776,2,93.3
168216,1301471,2,93.3
168216,6061718,2,93.3
168216,7337519,2,93.3
168216,7492748,2,93.3
168216,1301467,2,93
168216,2069995,2,93
168216,2265772,2,93
168216,2659074,2,93
168216,3198687,2,93
168216,3908773,2,93
168216,5293614,2,93
168216,6282567,2,93
168216,8639630,2,93
168216,661750,2,93
168216,3033359,2,92.5
168216,3830857,2,92.5
168216,3908777,2,92.5
168216,4324492,2,92.5
168216,5935476,2,92.5
168216,6061721,2,92.5
168216,1274194,2,92
168216,13499,2,92
168216,1924796,2,92
168216,1924800,2,92
168216,3344828,2,92
168216,3344834,2,92
168216,6249512,2,92
168216,6264732,2,92
168216,3198680,2,92
168216,6264731,2,92
168216,8185129,2,92
168216,8731624,2,92
168216,1090088,2,91.8
168216,3908774,2,91.7
168216,5024307,2,91.7
168216,6213322,2,91.7
168216,6282561,2,91.7
168216,1183706,2,91.2
168216,2210775,2,91.2
168216,3399715,2,91.2
168216,6426634,2,91.2
168216,731200,2,91.2
168216,2265769,2,91
168216,6061726,2,91
168216,7492752,2,91
168216,8048968,2,91
168216,5690224,2,91
168216,3174840,2,90
168216,4119829,2,90
168216,6264733,2,90
168216,8731625,2,90
168216,7745780,2,90
168216,4792583,2,89
168216,6282560,2,89
168216,7492753,2,89
168216,1735358,2,88
168216,1301466,2,88
168216,1301468,2,88
168216,5935477,2,87
168216,1735360,1,70
168216,3344832,1,57
168216,6329932,0,100
1112341,8139258,2,91.7
1112341,8139256,2,91
1112341,6164791,2,89
1112341,8139255,2,88
1112341,4022846,1,80
1112341,6726344,1,76.2
1112341,2735215,1,74
1112341,4927748,1,73
1112341,8139251,1,70
1112341,550571,1,67
1112341,6726346,1,66.2
1112341,8139249,1,65
1112341,8442174,1,65
1112341,3291152,1,63.8
1112341,7079779,1,63.3
1112341,2735219,1,60
1112341,3007130,1,58
1112341,3795896,1,58
1112341,2694636,1,55
1112341,6167355,1,55
1112341,3669682,1,52.5
1112341,8606160,1,51.2
1112341,5899430,1,48.8
1112341,1052666,1,48.3
1112341,3524227,1,48
1112341,805834,1,48
1112341,508023,1,47.5
1112341,90433,1,47
1112341,4263743,1,45
1112341,5982344,1,45
1112341,439512,1,41.7
1112341,2830103,1,41
1112341,1554245,1,40
1112341,7635722,1,40
1112341,508024,1,37
1112341,1373646,1,36.7
1112341,8725077,1,36
1112341,7718340,1,33.8
1112341,3291151,1,33.3
1112341,3344316,1,33.3
1112341,8424594,1,32.5
1112341,8442177,1,30
1112341,883225,1,30
1112341,1312437,1,27.5
1112341,8555308,1,22.5
1112341,7242813,1,20
1112341,4595997,1,16.7
1112341,1493657,1,15
1112341,7194373,1,13.3
1112341,8802641,1,13.3
1112341,2026107,1,10
1112341,1369482,1,
1112341,733687,0,98.4
1112341,2096429,0,98
1112341,400582,0,97
1112341,6416487,0,96.4
1112341,8316213,0,96.4
1112341,2616109,0,95.8
1112341,400581,0,95.6
1112341,2596432,0,95
1112341,1373651,0,95
1112341,2770214,0,95
1112341,7349793,0,95
1112341,848961,0,94.8
1112341,2096427,0,93.8
1112341,2596431,0,93.3
1112341,1045315,0,93.3
1112341,6740558,0,93.3
1112341,8629184,0,93.3
1112341,5029428,0,93
1112341,883227,0,93
1112341,6947373,0,92.8
1112341,2390522,0,92.5
1112341,2916681,0,92.5
1112341,4538538,0,92.2
1112341,7597740,0,91.7
1112341,5204825,0,91.2
1112341,7915023,0,91.2
1112341,1675296,0,90
1112341,8442178,0,90
1112341,3658729,0,90
1112341,6903063,0,90
1112341,4977768,0,75
1112341,1288917,0,73
1112341,90432,0,72.2
1112341,2434429,0,71.2
1112341,5729974,0,70
1112341,1373648,0,68.8
1112341,4595994,0,63.7
1112341,1267520,0,61.7
1112341,1288918,0,56.8
1112341,6102033,0,47.2
1112341,4621549,0,46.2
1112341,8223035,0,25
1112341,8609536,0,22.5
1112341,6478665,0,6.7
1112341,1227036,0,0
1112341,6016292,0,0
1112341,7747884,0,0
1112341,1180260,0,
1063750,7952971,2,93.8
1063750,4788295,2,93.8
1063750,4337526,2,93
1063750,2391457,2,92
1063750,4337527,2,91
1063750,3610446,2,88.8
1063750,4823168,2,87.5
1063750,2230090,2,87
1063750,3327051,2,86
1063750,5442717,2,83.8
1063750,8689799,1,73.3
1063750,3765643,1,71.7
1063750,7412330,1,70
1063750,7778351,1,67.5
1063750,4788299,1,61.7
1063750,5659951,1,58.3
1063750,3633193,1,53.3
1063750,4330928,1,40
1063750,7783007,1,40
1063750,5061526,1,23.3
1063750,8809842,0,99.4
1063750,8809837,0,99.2
1063750,621072,0,99
1063750,7215631,0,97.4
1063750,8093226,0,97.2
1063750,6407369,0,97
1063750,292715,0,96.8
1063750,7412324,0,96.6
1063750,8182566,0,96.6
1063750,6796349,0,96.2
1063750,3388270,0,96
1063750,1126299,0,95.8
1063750,2868845,0,95.8
1063750,4035182,0,95.8
1063750,2737817,0,95
1063750,1747827,0,94.8
1063750,292720,0,94.8
1063750,6093904,0,94.8
1063750,7493867,0,94.8
1063750,7494554,0,94.8
1063750,7614194,0,94.8
1063750,2981566,0,94.6
1063750,4895432,0,94
1063750,8093228,0,94
1063750,6992949,0,93.6
1063750,2741096,0,93.5
1063750,4164408,0,93.3
1063750,7242446,0,93.3
1063750,8670789,0,93.2
1063750,2997653,0,93
1063750,3985729,0,93
1063750,5971113,0,93
1063750,2992036,0,92.5
1063750,7937217,0,92.5
1063750,2516,0,92.2
1063750,3057055,0,92.2
1063750,5123011,0,92
1063750,6436703,0,92
1063750,4788296,0,91.7
1063750,4164404,0,91.2
1063750,7466281,0,91
1063750,4096516,0,88.8
1063750,6666451,0,88.3
1063750,7778348,0,85
1063750,2881841,0,79.2
1063750,4318010,0,77
1063750,4349323,0,77
1063750,5511493,0,76.8
1063750,5539843,0,76.7
1063750,4329899,0,76.6
1063750,5057642,0,76
1063750,6312813,0,76
1063750,8778700,0,75.6
1063750,3419024,0,75.4
1063750,1449750,0,75
1063750,4844353,0,73.8
1063750,4788297,0,71.7
1063750,3959834,0,71
1063750,1506582,0,70
1063750,5236487,0,67.5
1063750,2489562,0,63.3
1063750,6093907,0,58.3
1063750,3419021,0,57.2
1063750,8689678,0,57
1063750,7230839,0,56.8
1063750,7244922,0,56
1063750,5256198,0,45
1063750,4414266,0,43
1063750,3633196,0,41
1063750,2197526,0,33
1063750,4823169,0,31.7
1063750,3805477,0,30
1063750,5937604,0,23.8
1063750,6796352,0,23.8
1063750,7466280,0,18
1063750,5307035,0,0
1063750,2531262,0,
1063750,7881253,0,
1063750,8354852,0,
1063750,8378776,0,
405717,4704978,3,98.3
405717,4828118,3,95
405717,7170630,2,95
405717,5274649,2,95
405717,8433854,2,94.7
405717,2747484,2,94
405717,2365659,2,94
405717,702386,2,94
405717,7896212,2,94
405717,2747491,2,93.3
405717,3033900,2,93
405717,4704975,2,93
405717,758586,2,93
405717,2747485,2,92.5
405717,28372,2,92.5
405717,3986307,2,92.5
405717,2365661,2,92
405717,2642838,2,92
405717,3514259,2,92
405717,5079482,2,92
405717,3986308,2,92
405717,4432155,2,92
405717,758581,2,92
405717,8433852,2,92
405717,2747486,2,91.7
405717,7965240,2,91.7
405717,7170626,2,91.2
405717,7288996,2,91.2
405717,7728831,2,91.2
405717,4776928,2,91.2
405717,576346,2,91.2
405717,2702419,2,91
405717,2702423,2,91
405717,3986303,2,91
405717,3986305,2,91
405717,4489666,2,91
405717,2747489,2,91
405717,6419725,2,91
405717,931517,2,91
405717,1589738,2,90
405717,2365663,2,90
405717,273851,2,90
405717,2747492,2,90
405717,5668741,2,90
405717,6654655,2,90
405717,702383,2,90
405717,7896211,2,90
405717,8433858,2,90
405717,7170624,2,90
405717,758585,2,90
405717,3986309,2,89
405717,2365665,2,89
405717,7447941,2,89
405717,5638740,2,88.8
405717,2879960,2,88.3
405717,7170629,2,88.3
405717,2365660,2,88
405717,3274915,2,87.5
405717,5857562,2,87.5
405717,8156519,2,87.5
405717,7170625,2,87.5
405717,7589975,2,87.5
405717,2768521,2,86.7
405717,3803378,2,86.7
405717,7447942,2,86.7
405717,4406585,2,86.2
405717,505912,2,85
405717,3274918,2,81.7
405717,5690233,2,81.7
405717,2413458,1,81.2
405717,2747488,1,80
405717,28368,1,80
405717,6786304,1,80
405717,234955,1,77.5
405717,2365662,1,76
405717,846414,1,75
405717,7447943,1,73.8
405717,1619423,1,73.3
405717,6741362,1,72
405717,8610271,1,71.7
405717,8433856,1,70
405717,3033904,1,68.8
405717,4704973,1,67.5
405717,7458371,1,67.5
405717,4987955,1,67
405717,4489661,1,65
405717,5690234,1,65
405717,5690237,1,65
405717,4711654,1,63.8
405717,2413461,1,56.2
405717,1849743,1,46.7
405717,2125641,0,100
405717,4776926,0,95
405717,5079486,0,94.8
405717,6442862,0,94.7
405717,2616168,0,91.7
405717,4326699,0,90
405717,4577231,0,83
405717,7201361,0,69.3
405717,758582,0,16.7
1103812,3843267,2,94
1103812,4292848,2,94
1103812,2750961,2,93.8
1103812,8220086,2,93.8
1103812,2332189,2,93.3
1103812,8220088,2,93
1103812,8220085,2,92
1103812,1059165,2,92
1103812,2945096,2,91.7
1103812,8220089,2,91.2
1103812,4401695,2,91
1103812,3843263,2,90
1103812,6289840,2,90
1103812,8220087,2,90
1103812,8224183,2,90
1103812,1527127,2,90
1103812,1583317,2,90
1103812,8293805,2,89
1103812,3843271,2,82
1103812,7507311,1,66.7
1103812,8220080,1,57.5
1103812,1059168,1,53.3
1103812,3936549,1,45
1103812,864598,1,40
1103812,3486832,1,37
1103812,3297503,1,30
1103812,1659850,0,100
1103812,1736597,0,99
1103812,7076088,0,98.6
1103812,2878679,0,98.2
1103812,2641960,0,97.7
1103812,5000627,0,97.6
1103812,8097008,0,97.6
1103812,2746387,0,97.3
1103812,3978768,0,96.8
1103812,59539,0,96.4
1103812,8435739,0,96.4
1103812,4434352,0,96.2
1103812,4905647,0,96.2
1103812,8792133,0,96
1103812,2379406,0,95.8
1103812,3425644,0,95.6
1103812,3543021,0,95.6
1103812,3672744,0,95.6
1103812,4824831,0,95.4
1103812,1783582,0,95
1103812,1785498,0,95
1103812,2641953,0,95
1103812,3684048,0,95
1103812,4645341,0,95
1103812,3684042,0,94.8
1103812,4567920,0,94.8
1103812,5974245,0,94.8
1103812,7206366,0,94.8
1103812,8224181,0,94.7
1103812,4191304,0,94.5
1103812,5974240,0,94.5
1103812,6619493,0,94.4
1103812,6927987,0,94.4
1103812,239599,0,94.2
1103812,4331707,0,94
1103812,4726841,0,94
1103812,5976809,0,94
1103812,4905650,0,93.8
1103812,5564936,0,93.8
1103812,6927984,0,93.8
1103812,7285933,0,93.8
1103812,8062134,0,93.8
1103812,3591094,0,93.5
1103812,2967948,0,93.3
1103812,5581284,0,93.3
1103812,1783588,0,93
1103812,2250580,0,93
1103812,4824834,0,93
1103812,7551186,0,93
1103812,2715494,0,92.8
1103812,4455026,0,92.8
1103812,5201198,0,92.6
1103812,3936550,0,92.2
1103812,4059416,0,92
1103812,2379408,0,91.8
1103812,6103245,0,91.8
1103812,3672742,0,91.7
1103812,8237381,0,91.7
1103812,2489484,0,91
1103812,1659852,0,90
1103812,6054716,0,90
1103812,2666747,0,85.6
1103812,2379409,0,85
1103812,7242599,0,84.8
1103812,5372067,0,77
1103812,955560,0,75.8
1103812,6790264,0,74.8
1103812,2859495,0,72.2
1103812,1241994,0,71
1103812,5190505,0,70.8
1103812,5201200,0,68.8
1103812,4954262,0,60.6
1103812,4954261,0,57.8
1103812,2972402,0,47
1106007,1334336,3,96.2
1106007,1334328,3,96
1106007,4953437,3,91.7
1106007,765663,3,90
1106007,2798884,2,95
1106007,4173709,2,95
1106007,3260376,2,95
1106007,3390428,2,95
1106007,5836920,2,95
1106007,5974974,2,95
1106007,2960561,2,94
1106007,6126197,2,93.8
1106007,8204457,2,93.3
1106007,6209484,2,93.3
1106007,3537614,2,93
1106007,5971071,2,92.6
1106007,1334335,2,92.5
1106007,2621974,2,92.5
1106007,2777112,2,92.5
1106007,6126194,2,92.5
1106007,2384069,2,92
1106007,2866628,2,92
1106007,8802281,2,92
1106007,5813635,2,91.7
1106007,7685383,2,91.7
1106007,4120343,2,91.2
1106007,548434,2,91.2
1106007,2143420,2,90
1106007,2960563,2,90
1106007,2294712,2,90
1106007,2621981,2,90
1106007,4001949,2,90
1106007,4255223,2,90
1106007,5952125,2,90
1106007,5993697,2,90
1106007,8204463,2,90
1106007,7022723,2,90
1106007,7685384,2,90
1106007,7509690,2,89
1106007,2513610,2,88.8
1106007,6147546,2,88.8
1106007,8199521,2,88.3
1106007,8203964,2,86.7
1106007,4753818,2,85
1106007,8204464,1,85
1106007,2677529,1,81.2
1106007,2513608,1,80
1106007,4089153,1,78.8
1106007,5174765,1,75
1106007,7045935,1,75
1106007,7638713,1,72.5
1106007,2143418,1,71
1106007,5228016,1,71
1106007,4004166,1,70
1106007,6492973,1,70
1106007,3137010,1,68.3
1106007,2623990,1,66.7
1106007,6942456,1,64
1106007,2602346,1,62
1106007,8521958,1,61.2
1106007,2602354,1,60
1106007,8204461,1,56.7
1106007,8649212,1,52.5
1106007,13564,1,51.7
1106007,3745155,1,51.2
1106007,1530299,1,47.5
1106007,814414,1,46.2
1106007,5228015,1,45
1106007,6255354,1,40
1106007,8204460,1,39
1106007,4359726,1,35
1106007,8811080,1,35
1106007,7638720,1,31.2
1106007,920778,1,25
1106007,5913574,1,20
1106007,8141088,0,99
1106007,1343769,0,97.7
1106007,3263361,0,97.7
1106007,13561,0,96.8
1106007,7726655,0,96.4
1106007,8348781,0,96.2
1106007,3174638,0,96
1106007,4606749,0,96
1106007,2464377,0,94.8
1106007,2704004,0,94.8
1106007,5913575,0,94.6
1106007,1918089,0,94.2
1106007,3427763,0,93.8
1106007,7638716,0,93.8
1106007,2165342,0,93.3
1106007,4753821,0,93.3
1106007,7456197,0,93
1106007,2777113,0,92.5
1106007,8141089,0,92
1106007,2464378,0,91.2
1106007,8811073,0,90
1106007,4747656,0,87
1106007,5279699,0,78
1106007,8214505,0,61.7
1106007,4000699,0,54.8