query_id,relevance_docid,weighted_avg_score
264014,6641238,2
264014,4834547,2
264014,5611210,2
264014,5635521,2
264014,96854,2
264014,3666584,2
264014,4239616,2
264014,6333841,2
264014,1610714,2
264014,3666583,2
264014,2223171,2
264014,6501719,2
264014,5635519,2
264014,5328095,2
264014,3577342,2
264014,7326934,2
264014,2688537,2
264014,6337909,2
264014,1804644,2
264014,528372,2
264014,5849270,2
264014,4021598,2
264014,5950723,2
264014,96855,2
264014,4647186,2
264014,96851,2
264014,684616,2
264014,96857,2
264014,3120993,2
264014,5950722,2
264014,447992,2
264014,1313260,2
264014,6555322,2
264014,7196300,2
264014,2991665,2
264014,5896177,2
264014,6105572,2
264014,3577344,2
264014,2420367,2
264014,3683674,2
264014,3338827,2
264014,4687213,2
264014,1610710,2
264014,331933,2
264014,684618,2
264014,5063309,2
264014,1610711,2
264014,1610706,2
264014,4834545,2
264014,8502491,2
264014,5950724,2
264014,6105566,2
264014,5950719,2
264014,1163962,2
264014,4125993,2
264014,331935,2
264014,3780879,2
264014,276903,2
264014,528379,1.858823529
264014,96852,1.857142857
264014,3215992,1.855421687
264014,2572557,1.840909091
264014,96859,1.83908046
264014,340490,1.83908046
264014,3764482,1.823529412
264014,8008355,1.806818182
264014,5063302,1.698630137
264014,8531391,1.670731707
264014,3585842,1.658536585
264014,1610713,1.480519481
264014,340485,1.474358974
264014,4125994,1.472972973
264014,3720137,1.417721519
264014,2474341,1.292307692
264014,2498165,1.292307692
264014,5104401,1.268656716
264014,8531389,1.243243243
264014,5950725,1.235294118
264014,1610712,1.231884058
264014,1610709,1
264014,5386309,1
264014,3201487,1
264014,5583426,1
264014,5386314,1
264014,7317297,1
264014,5587285,1
264014,8623794,1
264014,8193533,1
264014,3338823,1
264014,1610708,1
264014,4615176,1
264014,4018139,1
264014,473960,0.967213115
264014,1697966,0.731343284
264014,8310921,0.698412698
264014,96856,0.666666667
264014,4018134,0.222222222
264014,1444280,0.068965517
264014,4425760,0.027027027
264014,2438164,0
104861,459676,2
104861,6351571,2
104861,459675,2
104861,5864693,2
104861,8495099,2
104861,8259116,2
104861,3925933,2
104861,5248340,2
104861,8546162,2
104861,5801822,2
104861,5150431,2
104861,2600385,2
104861,8516149,2
104861,1017092,2
104861,1948963,2
104861,5248341,2
104861,5150438,2
104861,2916636,2
104861,7506026,2
104861,7506028,2
104861,629274,2
104861,6585554,2
104861,629278,2
104861,5688416,2
104861,146170,2
104861,715676,2
104861,6187055,2
104861,1046334,2
104861,5688417,2
104861,1313687,2
104861,2958133,2
104861,2377050,2
104861,5836442,2
104861,2958127,2
104861,125332,2
104861,4019224,2
104861,5864689,1.894736842
104861,5688420,1.858823529
104861,2158194,1.845238095
104861,5703400,1.83908046
104861,5703401,1.837209302
104861,6241793,1.829545455
104861,7204477,1.823529412
104861,1424216,1.68
104861,1304632,1.654761905
104861,6200735,1.619047619
104861,5379458,1.492537313
104861,8546159,1.473684211
104861,1811410,1.461538462
104861,1017085,1.321428571
104861,6200737,1.257575758
104861,8141081,1.253968254
104861,409268,1.253521127
104861,6653676,1.231884058
104861,6658615,1
104861,8260035,1
104861,146178,1
104861,5688415,1
104861,6436838,1
104861,5073463,1
104861,1995989,1
104861,7666364,1
104861,4717134,1
104861,2958131,1
104861,6202527,1
104861,6788423,1
104861,7186729,1
104861,6391586,1
104861,6566321,1
104861,7462393,1
104861,672931,1
104861,8260037,1
104861,5110656,1
104861,5607729,0.976190476
104861,3915516,0.75
104861,6156641,0.735294118
104861,8400531,0.716332378
104861,5670527,0.709677419
104861,8138536,0.689655172
104861,1313691,0.689655172
104861,4563275,0.68
104861,8546679,0.642857143
104861,7817767,0.357142857
104861,5405670,0.315789474
104861,6518057,0.315789474
104861,5778133,0.296296296
104861,4961345,0.151515152
104861,4197096,0.130952381
104861,8131235,0.054054054
104861,3928196,0.050761421
104861,1365744,0.050632911
104861,4930174,0.026041667
104861,314919,0
104861,6704672,0
104861,5598961,0
104861,5667474,0
104861,6056677,0
104861,5101716,0
104861,2471336,0
104861,4350441,0
130510,4022904,2.206521739
130510,8612910,2.20212766
130510,1494936,2.195652174
130510,799647,2
130510,8612906,2
130510,8612903,2
130510,1494938,2
130510,8612909,2
130510,8612904,2
130510,8612902,2
130510,1494930,2
130510,8514425,2
130510,4022909,2
130510,1494939,2
130510,7203252,2
130510,2862522,2
130510,3163980,2
130510,5685711,2
130510,6815300,2
130510,2862518,2
130510,7501558,2
130510,7479905,2
130510,5685710,2
130510,4022905,2
130510,2490145,2
130510,6621100,1.848837209
130510,4022902,1.837209302
130510,6881820,1.831460674
130510,2862515,1.829268293
130510,3923091,1.820224719
130510,2881563,1.72972973
130510,7501557,1.692307692
130510,7125239,1.675
130510,2174992,1.662650602
130510,1481524,1.65060241
130510,1494932,1.626506024
130510,7464751,1.578947368
130510,5930011,1.4625
130510,1494931,1.333333333
130510,1799013,1.275362319
130510,2589317,1.246575342
130510,996732,1.21686747
130510,996740,1
130510,6035035,1
130510,1159414,1
130510,6881821,1
130510,3913778,1
130510,2589323,1
130510,5685708,0.987179487
130510,7603931,0.975308642
130510,2407055,0.794871795
130510,2079377,0.789473684
130510,5685706,0.765432099
130510,1494933,0.753424658
130510,1881840,0.75
130510,5930018,0.746478873
130510,3995677,0.668896321
130510,2346969,0.541176471
130510,440983,0.534883721
130510,7997887,0.526315789
130510,1110766,0.518987342
130510,6763277,0.515873016
130510,6183638,0.507042254
130510,6486232,0.506666667
130510,6881818,0.506493506
130510,6542823,0.494652406
130510,6172269,0.485714286
130510,1494935,0.481012658
130510,7501563,0.391304348
130510,566525,0.314814815
130510,7001677,0.243243243
130510,4528805,0.155902004
130510,5930013,0.135440181
130510,1494937,0.135135135
130510,4089773,0.12345679
130510,2420310,0.117647059
130510,4189500,0
130510,2079375,0
130510,5930010,0
130510,1047769,0
130510,5415276,0
130510,8095118,0
130510,5685704,0
130510,2961568,0
130510,7708723,0
130510,7696346,0
130510,5791683,0
130510,2490150,0
130510,7298862,0
130510,8612905,0
130510,7777478,0
130510,4528808,0
130510,7777480,0
130510,7792405,0
130510,5930015,0
130510,6542827,0
130510,7001679,0
130510,348429,0
130510,815703,0
130510,7529548,0
1114819,752644,2.224719101
1114819,344350,2.213362069
1114819,1738242,2.21108742
1114819,6900774,2.210526316
1114819,1724520,2.208333333
1114819,5628952,2.204301075
1114819,7803429,2.204301075
1114819,8022280,2.20212766
1114819,3781418,2.2
1114819,988369,2.197802198
1114819,988373,2
1114819,4890560,2
1114819,6941478,2
1114819,785027,2
1114819,1315998,2
1114819,8115440,2
1114819,8754397,2
1114819,1419798,2
1114819,1419801,2
1114819,785028,2
1114819,8115434,2
1114819,3906952,2
1114819,6900773,2
1114819,2590453,2
1114819,8508255,2
1114819,8096824,2
1114819,5165249,2
1114819,5019832,2
1114819,8754398,2
1114819,8336232,2
1114819,8579830,2
1114819,8115435,2
1114819,8115439,2
1114819,6900769,2
1114819,8625086,2
1114819,694735,2
1114819,988378,2
1114819,1852066,2
1114819,1315994,2
1114819,7156443,2
1114819,988370,2
1114819,3781419,2
1114819,862869,2
1114819,8579832,2
1114819,8115706,2
1114819,2926432,2
1114819,2590455,2
1114819,5156171,2
1114819,1625836,2
1114819,255279,2
1114819,812436,2
1114819,6202321,2
1114819,3144706,2
1114819,8024894,2
1114819,2831393,1.86746988
1114819,7786792,1.857142857
1114819,8088109,1.855421687
1114819,1002627,1.837209302
1114819,8088111,1.829545455
1114819,6900767,1.829545455
1114819,5718417,1.825581395
1114819,5342188,1.823529412
1114819,7132894,1.692307692
1114819,461344,1.67816092
1114819,6951105,1.640449438
1114819,1724528,1.635535308
1114819,8115703,1.608695652
1114819,5363582,1.6
1114819,1851540,1.586956522
1114819,3906954,1.578947368
1114819,5703157,1.569892473
1114819,8754403,1.5
1114819,8754404,1.486842105
1114819,783080,1.45
1114819,8022281,1.444444444
1114819,1735443,1.44047619
1114819,8754399,1.264705882
1114819,8321012,1.182795699
1114819,1009500,1.130434783
1114819,8480574,1
1114819,8336223,1
1114819,1315997,1
1114819,750446,1
1114819,988375,1
1114819,8754400,1
1114819,1724523,1
1114819,2192058,1
1114819,126884,1
1114819,1816958,0.85915493
1114819,5019830,0.762886598
1114819,3353671,0.757894737
1114819,8022279,0.689655172
1114819,4064011,0.568181818
1114819,771719,0.366666667
1114819,8336231,0.293398533
1114819,6578914,0.219178082
1114819,8022277,0.119047619
1114819,5521373,0
1114819,1315993,0
1114819,8754395,0
1110199,8160520,2
1110199,4511137,2
1110199,2796830,2
1110199,4511144,2
1110199,7821191,2
1110199,8160519,2
1110199,3342396,2
1110199,5172684,2
1110199,1901881,2
1110199,4489656,2
1110199,2796825,2
1110199,7174098,2
1110199,5857921,2
1110199,5600214,2
1110199,1426939,2
1110199,637099,2
1110199,3609843,1.857142857
1110199,1197690,1.852272727
1110199,6923050,1.83908046
1110199,735472,1.837209302
1110199,558317,1.820224719
1110199,5355385,1.820224719
1110199,7369955,1.818181818
1110199,3934419,1.813953488
1110199,5172688,1.811764706
1110199,557603,1.807228916
1110199,1411495,1.683544304
1110199,6923057,1.662650602
1110199,3684454,1.65
1110199,8160527,1.636363636
1110199,2594143,1.619047619
1110199,557605,1.447368421
1110199,2925378,1.258064516
1110199,357932,1.231884058
1110199,4438812,1.223684211
1110199,3107787,1.219512195
1110199,2218462,1.219178082
1110199,3838645,1
1110199,5218014,1
1110199,554521,1
1110199,8301971,1
1110199,398442,1
1110199,4949578,1
1110199,7680811,1
1110199,6161016,1
1110199,5049366,1
1110199,2080928,1
1110199,2777133,1
1110199,5716613,1
1110199,1795043,1
1110199,6430361,1
1110199,4438807,1
1110199,6430362,1
1110199,5007789,1
1110199,425993,1
1110199,8160524,1
1110199,8267435,1
1110199,554529,1
1110199,7628031,1
1110199,6645893,1
1110199,8113522,1
1110199,6509853,1
1110199,3588619,1
1110199,2713574,1
1110199,879021,0.742857143
1110199,2279578,0.716666667
1110199,6392463,0.71641791
1110199,3817715,0.67114094
1110199,5326655,0.64
1110199,6161010,0.546666667
1110199,8301973,0.544303797
1110199,6392469,0.536585366
1110199,3722531,0.520833333
1110199,2777132,0.512820513
1110199,4082283,0.493150685
1110199,2811563,0.467032967
1110199,5279606,0.463768116
1110199,8160523,0.457142857
1110199,5719120,0.442477876
1110199,4411531,0.314009662
1110199,554522,0.275689223
1110199,2312587,0.266666667
1110199,879019,0.208333333
1110199,3647394,0.181818182
1110199,4750530,0.16091954
1110199,507878,0.15625
1110199,5555051,0.138248848
1110199,5846443,0.125
1110199,3588624,0.1
1110199,167604,0
1110199,1957395,0
1110199,7267932,0
1110199,3447960,0
1110199,4680533,0
1110199,507875,0
1110199,2612594,0
1110199,3270581,0
1110199,6475269,0
1110199,6822586,0
1110199,6503962,0
1129237,3905802,2.608247423
1129237,8588222,2.406593407
1129237,2697752,2.391304348
1129237,7911557,2.212765957
1129237,3905057,2.210526316
1129237,998751,2.20212766
1129237,3683096,2.2
1129237,6080460,2.195652174
1129237,128984,2.191489362
1129237,8588219,2
1129237,2697746,2
1129237,4233383,2
1129237,8588227,2
1129237,3097761,2
1129237,5906130,2
1129237,6343521,2
1129237,3153068,2
1129237,8682824,2
1129237,5831781,2
1129237,6343520,2
1129237,4233385,2
1129237,5122274,2
1129237,1779229,2
1129237,806652,2
1129237,5094333,1.863013699
1129237,3858675,1.858823529
1129237,3993743,1.824175824
1129237,392579,1.813953488
1129237,3409660,1.448717949
1129237,4367170,1.3
1129237,7688471,1.25
1129237,7874566,1.242424242
1129237,4773351,1.228915663
1129237,3279719,1
1129237,4779185,1
1129237,305088,1
1129237,262492,1
1129237,7688465,1
1129237,461837,1
1129237,8588226,0.771084337
1129237,1770027,0.712121212
1129237,6225977,0.689655172
1129237,3905806,0.654545455
1129237,302210,0.595744681
1129237,8712732,0.55
1129237,2955239,0.536585366
1129237,4066969,0.534883721
1129237,7769728,0.5
1129237,4915547,0.493150685
1129237,1325030,0.452830189
1129237,3858678,0.357142857
1129237,6194648,0.329268293
1129237,3641168,0.321428571
1129237,3832685,0.297297297
1129237,2015118,0.243243243
1129237,6868144,0.193548387
1129237,2188742,0.192307692
1129237,461835,0.188888889
1129237,3832058,0.181818182
1129237,7350325,0.179104478
1129237,3588805,0.174418605
1129237,4723973,0.172413793
1129237,1721142,0.142857143
1129237,3649330,0.139534884
1129237,2971620,0.136363636
1129237,4003056,0.136363636
1129237,3826659,0.092592593
1129237,2777625,0.091324201
1129237,6194643,0.052631579
1129237,6884449,0.04950495
1129237,4328625,0.026666667
1129237,5916672,0.026315789
1129237,2351491,0.025641026
1129237,2176863,0
1129237,8150178,0
1129237,6386977,0
1129237,2971621,0
1129237,2976015,0
1129237,8357400,0
1129237,7769727,0
1129237,3588803,0
1129237,8633911,0
1129237,6166230,0
1129237,6325273,0
1129237,4425405,0
1129237,1421371,0
1129237,4162487,0
1129237,2364443,0
1129237,162127,0
1129237,1959030,0
1129237,3826651,0
1129237,2777623,0
1129237,1526193,0
1129237,2384636,0
1129237,8588223,0
1129237,6705270,0
1129237,3826653,0
1129237,3826656,0
1129237,818342,0
1129237,6585295,0
573724,394138,2.404255319
573724,3146236,2.212765957
573724,1509942,2.210526316
573724,1509940,2.204301075
573724,8833192,2.195652174
573724,5339620,2
573724,3365633,2
573724,3365638,2
573724,3365631,2
573724,394139,2
573724,1165129,2
573724,3365636,2
573724,7199669,2
573724,394136,2
573724,87405,2
573724,7609927,2
573724,3146238,2
573724,5047796,2
573724,5310530,2
573724,1816038,2
573724,7104826,2
573724,7674858,2
573724,8441642,2
573724,7384332,2
573724,7199675,2
573724,7609928,2
573724,7199674,2
573724,2417985,2
573724,7104825,2
573724,394142,2
573724,8444730,2
573724,7199672,2
573724,7199673,2
573724,7609930,2
573724,7199667,2
573724,7609926,2
573724,5384308,2
573724,41433,2
573724,3365640,2
573724,3365632,2
573724,3146240,2
573724,1165128,2
573724,5962426,2
573724,2133806,2
573724,5962428,2
573724,2186124,2
573724,8047166,2
573724,5185671,2
573724,5185664,2
573724,5962419,2
573724,5962423,2
573724,7609932,2
573724,3365635,2
573724,1509937,2
573724,5721833,2
573724,1509944,2
573724,8444727,2
573724,5306910,2
573724,7134411,2
573724,1113579,2
573724,2002445,2
573724,8492171,1.831325301
573724,4360246,1.822222222
573724,2002448,1.817073171
573724,8833199,1.802197802
573724,3546092,1.8
573724,2021252,1.675
573724,4017883,1.641975309
573724,8436350,1.636363636
573724,3365639,1.565217391
573724,1293333,1.493150685
573724,5962424,1.467532468
573724,1509939,1.425287356
573724,6462957,1
573724,7275118,1
573724,1817741,1
573724,7609929,1
573724,7609933,1
573724,141998,1
573724,6121093,0.962264151
573724,8404002,0.95
573724,3617636,0.786516854
573724,8450864,0.355029586
573724,1183181,0.344827586
573724,1376205,0.272727273
573724,1033756,0.257069409
573724,148753,0.233333333
573724,4966874,0.191176471
573724,2910045,0.181818182
573724,1183178,0.172413793
573724,4457787,0.084745763
573724,3644944,0.026315789
573724,2084571,0.025706941
573724,7384325,0
573724,6911370,0
573724,87409,0
573724,148751,0
573724,1376204,0
573724,525215,0
573724,8540429,0
1121709,8049578,2
1121709,8049580,1.604395604
1121709,8049577,1.569892473
1121709,3423062,1.2
1121709,8327576,1
1121709,1112487,0.641509434
1121709,1729290,0.437317784
1121709,731070,0.327102804
1121709,3709758,0.301932367
1121709,3875032,0.256756757
1121709,6054702,0.157657658
1121709,6076433,0.115740741
1121709,2879470,0.115207373
1121709,16845,0.114416476
1121709,1937668,0.113122172
1121709,7841119,0.112107623
1121709,7229531,0.095238095
1121709,2440458,0.092879257
1121709,7434522,0.050251256
1121709,812328,0.04950495
1121709,7499157,0.049140049
1121709,4707664,0.038961039
1121709,7586674,0.038071066
1121709,701349,0.026455026
1121709,51033,0.025974026
1121709,6694095,0.025125628
1121709,88402,0.024630542
1121709,6630430,0
1121709,669004,0
1121709,8500135,0
1121709,3552218,0
1121709,3030903,0
1121709,3446958,0
1121709,2517708,0
1121709,3055199,0
1121709,6007524,0
1121709,4644464,0
1121709,4038354,0
1121709,4769720,0
1121709,5264299,0
1121709,4896238,0
1121709,1698341,0
1121709,6886933,0
1121709,6657504,0
1121709,1392360,0
1121709,7591000,0
1121709,3098031,0
1121709,3221617,0
1121709,4836900,0
1121709,306414,0
1121709,208465,0
1121709,1760876,0
1121709,5530626,0
1121709,3709755,0
1121709,1271795,0
1121709,1077530,0
1121709,7591002,0
1121709,8492081,0
1121709,5915729,0
1121709,7370525,0
1121709,5177794,0
1121709,5209523,0
1121709,2874652,0
1121709,6690192,0
1121709,2302396,0
1121709,419129,0
1121709,2851223,0
1121709,747368,0
1121709,3386509,0
1121709,7744250,0
1121709,7849690,0
1121709,2964602,0
1121709,7209949,0
1121709,3552222,0
1121709,4580133,0
1121709,3742654,0
1121709,3545984,0
1121709,2615981,0
1121709,1169279,0
1121709,1114393,0
1121709,4580131,0
1121709,8283424,0
1121709,291564,0
1121709,1643334,0
1121709,6212343,0
1121709,5879625,0
1121709,2432508,0
1121709,7565881,0
1121709,3869997,0
1121709,5346546,0
1121709,950984,0
1121709,4861638,0
1121709,2317095,0
1121709,862855,0
1121709,1243178,0
1121709,8643664,0
1121709,3381112,0
1121709,1736566,0
1121709,4575770,0
1121709,3064096,0
489204,216492,2
489204,678245,2
489204,3075337,2
489204,6237430,2
489204,5519177,2
489204,113238,2
489204,6237429,2
489204,4917998,2
489204,5895917,2
489204,7718090,2
489204,1950273,2
489204,6753502,2
489204,7734612,2
489204,6753503,2
489204,3778489,2
489204,1418935,2
489204,6665319,2
489204,8395205,2
489204,3075338,2
489204,1319513,2
489204,1410255,2
489204,6237427,2
489204,1410249,2
489204,1736553,2
489204,1759354,2
489204,8054792,2
489204,5815950,2
489204,6397957,1.915492958
489204,4430765,1.846153846
489204,7113153,1.841463415
489204,973923,1.837209302
489204,528348,1.835294118
489204,4088951,1.807228916
489204,7564977,1.804878049
489204,6327178,1.671232877
489204,1950269,1.670886076
489204,4917999,1.662337662
489204,7432758,1.644736842
489204,3012141,1.62962963
489204,1276947,1.615384615
489204,1310107,1.480519481
489204,8420374,1.457142857
489204,753265,1.395348837
489204,1225589,1.269230769
489204,8737053,1.264705882
489204,2053095,1.253968254
489204,1759357,1.253333333
489204,7564980,1.25
489204,528349,1.25
489204,4387756,1.240506329
489204,66437,1.23943662
489204,6327179,1.230769231
489204,1310101,1.228571429
489204,6327182,1.164179104
489204,1479542,1
489204,1051498,1
489204,1778458,1
489204,2268657,1
489204,8737051,1
489204,1310106,1
489204,1310108,1
489204,2163701,1
489204,1538587,1
489204,7660249,1
489204,6661536,1
489204,5629373,1
489204,7116533,1
489204,3980122,1
489204,2959687,1
489204,114148,1
489204,8376910,1
489204,3980126,1
489204,855969,1
489204,8376906,1
489204,3744940,1
489204,3608627,1
489204,1759360,1
489204,4279451,1
489204,465742,1
489204,855967,1
489204,6301568,1
489204,4929952,1
489204,1070807,1
489204,4029846,1
489204,2016623,1
489204,216490,1
489204,8055356,1
489204,6327176,0.787878788
489204,5815958,0.742857143
489204,8594276,0.341463415
489204,2218038,0.205882353
489204,5583224,0.098765432
489204,3049941,0
489204,4918005,0
489204,1418931,0
489204,4918001,0
489204,535375,0
489204,6087671,0
489204,1310103,0
489204,8083618,0
131843,985994,3
131843,8305158,3
131843,8305153,2.597826087
131843,8305152,2.212765957
131843,8305156,2.20212766
131843,985991,2.197802198
131843,3841396,2
131843,14055,2
131843,8305154,2
131843,8710814,2
131843,8710812,2
131843,8305155,2
131843,985989,2
131843,2041693,2
131843,2683747,2
131843,8710810,1.6
131843,985990,1.204819277
131843,7707868,1.173913043
131843,985988,0.818181818
131843,985995,0.773333333
131843,8305151,0.709677419
131843,8102602,0.330188679
131843,7078434,0.21978022
131843,985992,0.193548387
131843,5121126,0.147492625
131843,8589858,0.025706941
131843,6787809,0.025641026
131843,8710813,0
131843,4254836,0
131843,3400903,0
131843,3400902,0
131843,3884881,0
131843,8085708,0
131843,97739,0
131843,1941266,0
131843,788586,0
131843,4682759,0
131843,8073461,0
131843,8318153,0
131843,3299960,0
131843,4911365,0
131843,6604053,0
131843,6249757,0
131843,8519713,0
131843,7066446,0
131843,1267422,0
131843,2669218,0
131843,8117361,0
131843,5038538,0
131843,5000167,0
131843,7451207,0
131843,3930069,0
131843,8780616,0
131843,8146334,0
131843,7451206,0
131843,1965924,0
131843,6959233,0
131843,6718494,0
131843,491120,0
131843,542347,0
131843,6782345,0
131843,6820615,0
131843,7678189,0
131843,1073193,0
131843,208011,0
131843,7208948,0
131843,8090240,0
131843,8191894,0
131843,3844836,0
131843,4099926,0
131843,278279,0
131843,3919317,0
131843,5056232,0
131843,4013724,0
131843,5858902,0
131843,7073518,0
131843,7078432,0
131843,8530759,0
131843,8685913,0
131843,2495625,0
131843,7073516,0
131843,6248852,0
131843,8024309,0
131843,4931453,0
131843,68427,0
131843,7082304,0
131843,1959309,0
131843,373498,0
131843,6187402,0
131843,2333348,0
131843,68421,0
131843,1993076,0
131843,7589014,0
131843,3884882,0
131843,5125375,0
131843,1907695,0
131843,3761239,0
131843,7091663,0
131843,2896791,0
131843,6187399,0
207786,7941579,2.212765957
207786,2763917,2
207786,8273763,2
207786,8273758,2
207786,6031630,2
207786,8273762,2
207786,7510472,2
207786,7639366,2
207786,8273761,2
207786,8273757,2
207786,7599318,2
207786,8273756,1.214285714
207786,8273754,1
207786,3773663,1
207786,2315834,1
207786,706234,1
207786,6547477,1
207786,3931763,1
207786,13254,0.739726027
207786,6060398,0.506666667
207786,3597549,0.472222222
207786,13262,0.424242424
207786,1081011,0.37704918
207786,8273755,0.348837209
207786,7777867,0.341176471
207786,2288092,0.337349398
207786,8273760,0.297029703
207786,4660027,0.297029703
207786,5170143,0.289473684
207786,5175113,0.285714286
207786,8185061,0.282051282
207786,4754014,0.275689223
207786,5114969,0.27027027
207786,7869794,0.253333333
207786,4257473,0.251046025
207786,5170147,0.222222222
207786,6226377,0.219178082
207786,1085404,0.172413793
207786,2397607,0.170940171
207786,4660025,0.168539326
207786,6133373,0.146341463
207786,673361,0.144927536
207786,8273759,0.141176471
207786,3103885,0.141176471
207786,5804666,0.137931034
207786,6309220,0.119047619
207786,7780967,0.117647059
207786,3506136,0.115207373
207786,4660023,0.111464968
207786,5321444,0.108433735
207786,6474686,0.103926097
207786,3522830,0.098360656
207786,403538,0.061728395
207786,5624831,0.050632911
207786,5745781,0.026666667
207786,6563690,0.025641026
207786,7449213,0.013192612
207786,8185064,0
207786,2998723,0
207786,8367880,0
207786,5624828,0
207786,3352521,0
207786,4580648,0
207786,4672265,0
207786,6736451,0
207786,688486,0
207786,5365946,0
207786,5624830,0
207786,8622991,0
207786,5388266,0
207786,5990374,0
207786,5624832,0
207786,3931757,0
207786,1085406,0
207786,6003357,0
207786,6003360,0
207786,8185063,0
207786,5195205,0
207786,3232784,0
207786,8265334,0
207786,263210,0
207786,4660028,0
207786,1081009,0
207786,2998726,0
207786,197297,0
207786,5624825,0
207786,5745786,0
207786,655407,0
207786,5624834,0
207786,280082,0
207786,1081010,0
207786,5990371,0
207786,4674262,0
207786,2322024,0
207786,6309217,0
207786,6309223,0
207786,6226372,0
207786,2288091,0
207786,7449212,0
207786,5388259,0
359349,68649,2
359349,68647,2
359349,68648,2
359349,576629,2
359349,943229,2
359349,2826510,2
359349,2293820,2
359349,3223833,2
359349,576628,2
359349,3223831,2
359349,3193824,2
359349,6108721,2
359349,457673,2
359349,1830517,2
359349,4020470,2
359349,5615181,2
359349,3900185,2
359349,68650,1.825581395
359349,3176541,1
359349,3176543,1
359349,6113314,1
359349,15801,1
359349,15806,1
359349,4020476,1
359349,576627,1
359349,4474866,1
359349,5773713,1
359349,15807,1
359349,4881617,1
359349,8748954,1
359349,2826513,0.953488372
359349,5773716,0.727272727
359349,68653,0.71641791
359349,1622457,0.705882353
359349,5773715,0.694915254
359349,15805,0.689655172
359349,607024,0.62962963
359349,5773717,0.571428571
359349,5773718,0.567567568
359349,15799,0.538461538
359349,7277971,0.506666667
359349,4020471,0.485714286
359349,4551556,0.421875
359349,5806106,0.387096774
359349,4013720,0.383333333
359349,576632,0.272727273
359349,4020479,0.266666667
359349,3176540,0.260869565
359349,4344099,0.26
359349,5219970,0.244897959
359349,5345720,0.237467018
359349,6440028,0.2
359349,5773719,0.159090909
359349,5806110,0.152439024
359349,6113313,0.136363636
359349,7857632,0.136363636
359349,15808,0.120481928
359349,15803,0.116550117
359349,5219971,0.116550117
359349,5322530,0.111111111
359349,15800,0.098360656
359349,4020472,0.095238095
359349,4463573,0.075
359349,4087268,0.052631579
359349,5219976,0.050125313
359349,8398223,0.05
359349,4087265,0.038071066
359349,5773714,0.035714286
359349,4344100,0.026666667
359349,2229870,0.025706941
359349,4013723,0
359349,3176542,0
359349,576635,0
359349,3176548,0
359349,4020478,0
359349,15804,0
359349,15802,0
359349,5615187,0
359349,4474872,0
359349,4463574,0
359349,7857634,0
359349,4463572,0
359349,7857629,0
359349,4013725,0
359349,5151802,0
359349,4344098,0
359349,3215625,0
359349,7329397,0
359349,8058869,0
359349,7579885,0
359349,1622452,0
359349,8811558,0
359349,2964479,0
359349,2259899,0
359349,5322532,0
359349,4013719,0
359349,7857628,0
359349,1622451,0
359349,4551557,0
359349,4013724,0
443396,8536118,2
443396,8171402,2
443396,2143847,2
443396,4792655,2
443396,8687371,1.855421687
443396,8079039,1.831460674
443396,5053511,1.679012346
443396,7620276,1.662650602
443396,4792649,1.639534884
443396,4774806,1.632183908
443396,7617065,1.619047619
443396,7922077,1.582417582
443396,1465664,1.48
443396,4052112,1.266666667
443396,4792650,1.228915663
443396,8079046,1.205128205
443396,2490482,1
443396,3007982,1
443396,1465667,1
443396,6397543,1
443396,8542630,1
443396,4526744,1
443396,8769481,0.76
443396,8769489,0.75
443396,4896251,0.735294118
443396,7422742,0.709677419
443396,6056355,0.492957746
443396,789926,0.419354839
443396,5653999,0.413043478
443396,5932403,0.391304348
443396,844323,0.387096774
443396,3703289,0.387096774
443396,456708,0.375
443396,5285667,0.357142857
443396,4208445,0.329268293
443396,2448872,0.325301205
443396,227255,0.311004785
443396,1469068,0.307692308
443396,3961940,0.236842105
443396,3526411,0.202380952
443396,339130,0.1875
443396,1367150,0.179104478
443396,3222557,0.176470588
443396,3008668,0.16091954
443396,6349608,0.159235669
443396,2143845,0.152941176
443396,3007987,0.151515152
443396,3648921,0.15
443396,3961947,0.148063781
443396,822437,0.139534884
443396,3526407,0.136363636
443396,2038000,0.119047619
443396,456710,0.116550117
443396,822432,0.113636364
443396,8348187,0.094339623
443396,279294,0.078947368
443396,759261,0.050761421
443396,3438593,0.05
443396,8204431,0.024630542
443396,2654920,0.012987013
443396,483935,0
443396,8079040,0
443396,453706,0
443396,2144852,0
443396,8266065,0
443396,2654918,0
443396,5468743,0
443396,2434039,0
443396,2654922,0
443396,5048840,0
443396,2188880,0
443396,2082395,0
443396,7242384,0
443396,3861791,0
443396,1587663,0
443396,2434043,0
443396,6590997,0
443396,368001,0
443396,3519033,0
443396,1091609,0
443396,2438904,0
443396,1211156,0
443396,1367154,0
443396,6781701,0
443396,8117806,0
443396,2654914,0
443396,1367149,0
443396,3750163,0
443396,2349193,0
443396,4452727,0
443396,6704846,0
443396,755968,0
443396,7242390,0
443396,7730354,0
443396,6776524,0
443396,8599548,0
443396,6587149,0
443396,1826142,0
443396,6568383,0
443396,8699743,0
146187,8434623,2
146187,8434619,2
146187,8434624,2
146187,8434626,2
146187,8434618,2
146187,4777144,2
146187,8434625,2
146187,76348,2
146187,6430258,2
146187,2226093,2
146187,5332231,2
146187,5332230,2
146187,76342,2
146187,6015026,1.83908046
146187,7093334,1.820224719
146187,6430259,1.818181818
146187,76344,1.80952381
146187,5548652,1.696202532
146187,76349,1.639534884
146187,3963185,1.613636364
146187,1254157,1.6
146187,1230566,1.3
146187,4921740,1.296875
146187,4216895,1.25
146187,7956019,1.230769231
146187,744165,1
146187,8434620,1
146187,6430260,1
146187,8664004,1
146187,5548651,1
146187,5590506,1
146187,1246346,1
146187,4921741,1
146187,2257806,1
146187,8795494,1
146187,1972078,1
146187,7704677,1
146187,8795488,1
146187,4111407,1
146187,8795491,1
146187,5954584,1
146187,3963187,1
146187,4216897,1
146187,7405002,1
146187,4216901,1
146187,5836454,1
146187,3505470,1
146187,8042965,1
146187,2226094,1
146187,1841192,0.973684211
146187,4216902,0.76
146187,3963189,0.742857143
146187,744167,0.739130435
146187,8042972,0.736111111
146187,7307399,0.732394366
146187,8361902,0.660377358
146187,8434622,0.588235294
146187,4908916,0.525641026
146187,7836296,0.492957746
146187,8795489,0.473684211
146187,7093332,0.473537604
146187,4026486,0.4375
146187,7096823,0.406779661
146187,8792967,0.333333333
146187,1028969,0.314814815
146187,8042967,0.3125
146187,5929430,0.308641975
146187,6658185,0.285714286
146187,7095976,0.2734375
146187,8481818,0.257069409
146187,6241267,0.157303371
146187,1138801,0.157303371
146187,2509,0.139534884
146187,5844996,0.137931034
146187,7836295,0.136363636
146187,1043679,0.130952381
146187,1028971,0.117924528
146187,8042971,0.096774194
146187,7096817,0.094339623
146187,7096819,0.074349442
146187,3878277,0.025316456
146187,315525,0
146187,8361899,0
146187,8042974,0
146187,2087678,0
146187,2040185,0
146187,3860555,0
146187,3531644,0
146187,1043683,0
146187,8795495,0
146187,3241340,0
146187,5226113,0
146187,4216894,0
146187,4825394,0
146187,4216899,0
146187,2345126,0
146187,8042966,0
146187,7471713,0
146187,5889120,0
146187,744168,0
148538,8283527,2.033707865
148538,7407803,2
148538,1950974,2
148538,4185812,2
148538,1950979,2
148538,4539657,2
148538,231455,2
148538,2915327,2
148538,8283532,2
148538,5077707,2
148538,1985491,2
148538,985488,2
148538,1969519,2
148538,985491,2
148538,5305311,2
148538,3557943,2
148538,1384446,2
148538,1950983,2
148538,1950977,2
148538,5077704,2
148538,6506241,2
148538,3918785,2
148538,4264129,2
148538,332401,2
148538,615407,2
148538,4410448,2
148538,332400,2
148538,6894608,2
148538,231453,2
148538,734990,2
148538,7318210,2
148538,7407804,2
148538,8283531,2
148538,2915323,2
148538,4607267,2
148538,1963585,2
148538,2368187,2
148538,2915322,2
148538,820304,2
148538,5825400,2
148538,2993237,2
148538,3446014,2
148538,985492,2
148538,6438296,2
148538,1384447,2
148538,8080460,2
148538,3138645,2
148538,2368185,2
148538,6006382,2
148538,615401,2
148538,820313,2
148538,4976407,2
148538,1384441,2
148538,820312,2
148538,5679985,2
148538,615404,2
148538,1671257,2
148538,1985495,2
148538,6846343,2
148538,190794,2
148538,4959634,2
148538,1311206,2
148538,436836,1.858823529
148538,5592685,1.83908046
148538,1950976,1.829545455
148538,7529434,1.825581395
148538,615405,1.820224719
148538,1311204,1.811111111
148538,3165111,1.793478261
148538,1247539,1.654320988
148538,2951883,1.647058824
148538,5020788,1.635294118
148538,512198,1.632183908
148538,7696609,1.444444444
148538,5588133,1.422222222
148538,5588137,1.409090909
148538,985493,1.25
148538,231452,1
148538,8814767,1
148538,5533647,1
148538,6567031,1
148538,6222119,1
148538,8730430,1
148538,8610395,1
148538,4447659,0.776470588
148538,5533652,0.772151899
148538,6438297,0.554216867
148538,8181574,0.526315789
148538,844360,0.5
148538,2419541,0.314769976
148538,5693666,0.289473684
148538,5843047,0.278481013
148538,5844625,0.278481013
148538,6017980,0.164835165
148538,6425028,0.134228188
148538,5809605,0.096774194
148538,2805681,0.025510204
148538,4447601,0
148538,4185814,0
148538,615406,0
527433,8617271,2
527433,5466807,2
527433,5466810,2
527433,1379240,2
527433,8617274,2
527433,1664523,2
527433,1379245,2
527433,547444,2
527433,422228,2
527433,6045939,1.851851852
527433,7607669,1.790697674
527433,8322920,1.670886076
527433,269430,1.644736842
527433,4046876,1.586666667
527433,3139056,1.280701754
527433,6186391,1.279411765
527433,6667279,1.260869565
527433,8306449,1
527433,269424,1
527433,2331984,1
527433,4402994,1
527433,269429,0.943661972
527433,5603306,0.757575758
527433,269426,0.732394366
527433,7514090,0.71875
527433,1251480,0.71641791
527433,7514088,0.709677419
527433,653097,0.705882353
527433,2331982,0.654545455
527433,4402992,0.5375
527433,4351171,0.520304569
527433,2496224,0.515151515
527433,653103,0.392857143
527433,6743093,0.387096774
527433,8306451,0.333333333
527433,2004910,0.317073171
527433,2235421,0.303797468
527433,6928819,0.279187817
527433,3786813,0.25
527433,6186394,0.244897959
527433,2331981,0.176470588
527433,5479502,0.170454545
527433,1317225,0.166666667
527433,6038398,0.16091954
527433,269428,0.158311346
527433,2496227,0.149425287
527433,1251475,0.137931034
527433,6038397,0.130952381
527433,1251478,0.12195122
527433,1753605,0.119047619
527433,653104,0.098765432
527433,3136613,0.075
527433,1721940,0.073170732
527433,4903731,0
527433,269423,0
527433,4958697,0
527433,4958696,0
527433,1317224,0
527433,5603301,0
527433,1993699,0
527433,8617275,0
527433,6743092,0
527433,269425,0
527433,1993691,0
527433,301243,0
527433,4958693,0
527433,5501454,0
527433,1101462,0
527433,1511554,0
527433,1251477,0
527433,5878263,0
527433,319844,0
527433,1251481,0
527433,422236,0
527433,5603299,0
527433,5331576,0
527433,6708088,0
527433,3294600,0
527433,2981253,0
527433,8371764,0
527433,7514089,0
527433,2981256,0
527433,1101457,0
527433,1753608,0
527433,4903729,0
527433,4402995,0
527433,4351175,0
527433,5479497,0
527433,5603305,0
527433,278402,0
527433,1317222,0
527433,5603300,0
527433,4351170,0
527433,2018341,0
527433,1101460,0
527433,6897131,0
527433,5629888,0
527433,4903736,0
527433,1542069,0
527433,1753610,0
1037798,3641634,2.206680585
1037798,3673022,2.204545455
1037798,8760867,2
1037798,3620983,2
1037798,8537479,2
1037798,8760870,2
1037798,4974552,2
1037798,8760871,2
1037798,8760866,2
1037798,2914156,2
1037798,4439951,2
1037798,994978,1.83908046
1037798,5732889,1.826086957
1037798,5702713,1.804347826
1037798,7822415,1.622222222
1037798,4095286,1.590909091
1037798,8760864,1.253333333
1037798,8760873,1.253333333
1037798,4788864,1.246753247
1037798,5438881,1.246376812
1037798,2868741,1.236842105
1037798,720665,1.216216216
1037798,3641640,1
1037798,3387556,1
1037798,2863296,1
1037798,6912814,1
1037798,7253357,1
1037798,5904351,1
1037798,1499298,1
1037798,4714121,1
1037798,7466652,1
1037798,3681010,1
1037798,1520773,1
1037798,6060285,1
1037798,7967207,1
1037798,4297400,1
1037798,4482918,1
1037798,2266020,1
1037798,6605199,0.952380952
1037798,4227882,0.756410256
1037798,6155141,0.690909091
1037798,2608688,0.689655172
1037798,4877594,0.638686131
1037798,3167284,0.543478261
1037798,6511237,0.470588235
1037798,2157456,0.411764706
1037798,2157450,0.352941176
1037798,4114353,0.304878049
1037798,4273497,0.3
1037798,1232011,0.287769784
1037798,6421952,0.287769784
1037798,8820474,0.176470588
1037798,2634475,0.176470588
1037798,4297405,0.172413793
1037798,1137775,0.170212766
1037798,5748541,0.168067227
1037798,6605198,0.164835165
1037798,3641442,0.16091954
1037798,5099520,0.141176471
1037798,4936037,0.125
1037798,4291373,0.109375
1037798,8760868,0.098360656
1037798,7780938,0.098360656
1037798,2403955,0.097560976
1037798,8087396,0.096385542
1037798,1780966,0.095238095
1037798,2354063,0.091743119
1037798,5753978,0.06557377
1037798,1232012,0.049627792
1037798,1308037,0.026666667
1037798,4083926,0.025974026
1037798,2403951,0.025641026
1037798,3295328,0.025188917
1037798,2787508,0
1037798,3030655,0
1037798,7943228,0
1037798,3030654,0
1037798,2572535,0
1037798,8417086,0
1037798,7995048,0
1037798,4296396,0
1037798,8010124,0
1037798,7950016,0
1037798,8223340,0
1037798,5171588,0
1037798,1520771,0
1037798,8717816,0
1037798,8355398,0
1037798,8230221,0
1037798,811306,0
1037798,2256138,0
1037798,6511240,0
1037798,5538667,0
1037798,1057605,0
1037798,2970896,0
1037798,1149704,0
1037798,7827293,0
1037798,6765783,0
1037798,2232394,0
1037798,1715850,0
490595,7698193,2.206521739
490595,5488538,2.2
490595,1929910,2
490595,4737060,2
490595,4842897,2
490595,3937200,2
490595,8485139,2
490595,7839904,2
490595,3572695,2
490595,1288943,2
490595,4737059,2
490595,3572701,2
490595,1620438,2
490595,4737066,2
490595,3937197,2
490595,1530274,2
490595,549465,2
490595,4842891,2
490595,805046,2
490595,1894652,2
490595,2197786,2
490595,6742119,2
490595,3937204,2
490595,4737063,2
490595,2788470,2
490595,1894653,2
490595,1894656,2
490595,4292443,2
490595,7598980,2
490595,5247992,2
490595,805048,2
490595,4842890,2
490595,7839910,2
490595,7340532,2
490595,1391477,2
490595,6845345,2
490595,7839903,2
490595,3403265,2
490595,8544459,2
490595,3175975,2
490595,4842894,1.857142857
490595,7385093,1.857142857
490595,6412650,1.840909091
490595,1288938,1.826086957
490595,1288940,1.820224719
490595,6206562,1.816091954
490595,7839906,1.8
490595,3572698,1.686746988
490595,5247999,1.604395604
490595,7839908,1.595505618
490595,6742115,1.590909091
490595,3845163,1.586956522
490595,8709994,1.485714286
490595,805051,1.425287356
490595,2507917,1.219178082
490595,1652460,1.210526316
490595,1160847,1.2
490595,4737067,1
490595,2850740,1
490595,4842889,1
490595,5248000,1
490595,4737061,1
490595,1929911,1
490595,5359212,1
490595,1754202,1
490595,805049,1
490595,3833413,0.987179487
490595,3833409,0.973333333
490595,4737065,0.956521739
490595,7839911,0.757575758
490595,7839907,0.703125
490595,1473259,0.545454545
490595,4737068,0.537313433
490595,549466,0.496083551
490595,4763065,0.489690722
490595,5633631,0.360465116
490595,7045863,0.322580645
490595,5633627,0.303797468
490595,5112294,0.3
490595,6976960,0.3
490595,4420107,0.246575342
490595,5128293,0.23943662
490595,5359213,0.166666667
490595,5612099,0.13667426
490595,526093,0.12345679
490595,1194055,0.063451777
490595,4842896,0
490595,4737064,0
490595,4763070,0
490595,4763066,0
490595,3403268,0
490595,1194060,0
490595,3595606,0
490595,3833408,0
490595,6976956,0
490595,2661183,0
490595,3572694,0
490595,3497876,0
490595,5612095,0
490595,8485138,0
451602,5179251,2.206521739
451602,8621776,2.2
451602,6286981,2
451602,4874640,2
451602,2176455,2
451602,8214452,2
451602,8390518,2
451602,2176459,2
451602,4345752,2
451602,2084905,2
451602,1094138,2
451602,8383461,2
451602,5538937,2
451602,4874641,2
451602,5538936,1.87012987
451602,8540468,1.87012987
451602,8787234,1.857142857
451602,4453608,1.837209302
451602,6286982,1.827586207
451602,5538938,1.825581395
451602,1277293,1.825581395
451602,7800959,1.813186813
451602,2176450,1.702702703
451602,3177691,1.662650602
451602,6286974,1.654320988
451602,5211036,1.641025641
451602,5018392,1.607594937
451602,7315074,1.486486486
451602,5538940,1.484848485
451602,5475308,1.441558442
451602,705851,1.43902439
451602,7792099,1.271428571
451602,1078139,1.260869565
451602,2176453,1.230769231
451602,4453605,1.213333333
451602,1277290,1.212121212
451602,2482418,1
451602,8033474,1
451602,2922141,1
451602,7403454,1
451602,7326276,1
451602,3347274,1
451602,5018391,1
451602,8485136,1
451602,8025740,1
451602,6618756,1
451602,2176454,1
451602,3347278,1
451602,5741073,0.971428571
451602,1078134,0.768115942
451602,2084909,0.746478873
451602,4358117,0.728291317
451602,3177700,0.724233983
451602,2922145,0.705882353
451602,2329889,0.703125
451602,5053853,0.7
451602,5538945,0.7
451602,7859334,0.694915254
451602,1575781,0.68852459
451602,6286977,0.678571429
451602,2244882,0.582089552
451602,3090672,0.544303797
451602,2922142,0.527777778
451602,1277287,0.5
451602,3090670,0.481586402
451602,3746411,0.478873239
451602,3052112,0.447761194
451602,7804169,0.372093023
451602,1277289,0.333333333
451602,2284888,0.332103321
451602,8485132,0.307692308
451602,1626653,0.307692308
451602,5018394,0.283505155
451602,1640289,0.25
451602,4176454,0.177777778
451602,1715030,0.138568129
451602,124065,0.126582278
451602,2922147,0.119047619
451602,6250347,0.119047619
451602,8383465,0.098280098
451602,6994774,0.075
451602,5913111,0.074074074
451602,3090663,0.073170732
451602,96224,0.052631579
451602,5534586,0.051282051
451602,7510020,0.04950495
451602,3090666,0
451602,4487185,0
451602,7864188,0
451602,3177692,0
451602,3090668,0
451602,949152,0
451602,6225558,0
451602,6242935,0
451602,2154597,0
451602,5371416,0
451602,5902818,0
451602,7510025,0
451602,3090671,0
451602,1078133,0
182539,7371255,3
182539,2165968,2.793478261
182539,2909960,2.4
182539,6816572,2.2
182539,57443,2
182539,8757181,2
182539,57447,2
182539,7371262,2
182539,1307235,2
182539,8757178,2
182539,3883077,2
182539,8299665,2
182539,3883081,2
182539,8299659,2
182539,8757179,2
182539,6037973,2
182539,6816573,2
182539,6816571,2
182539,57449,2
182539,7371257,2
182539,7371259,2
182539,8757182,2
182539,4730803,2
182539,1307234,2
182539,8299661,2
182539,8757180,2
182539,7583024,2
182539,2909961,2
182539,2909954,2
182539,8598792,2
182539,2092202,2
182539,1307232,2
182539,2840563,2
182539,6816579,2
182539,6783449,2
182539,6816576,2
182539,7154102,2
182539,6980965,2
182539,8299668,2
182539,7527837,2
182539,1654895,2
182539,4487755,2
182539,6135907,2
182539,721170,2
182539,7883763,2
182539,2623668,2
182539,518150,2
182539,7850108,2
182539,8752298,1.823529412
182539,5618254,1.79787234
182539,1638691,1.774193548
182539,8757184,1.688311688
182539,2053701,1.683544304
182539,941371,1.666666667
182539,5567729,1.65060241
182539,3760964,1.642857143
182539,7371261,1.617977528
182539,1638694,1.6
182539,738025,1.595505618
182539,6957819,1.590909091
182539,2751871,1.581395349
182539,1638690,1.444444444
182539,57448,1.43373494
182539,7206189,1.276923077
182539,3729714,1.272727273
182539,8515182,1.182795699
182539,1638687,1.157894737
182539,3127071,1
182539,6816574,1
182539,6981225,1
182539,6201542,1
182539,8147663,1
182539,4096478,1
182539,8337703,1
182539,3198392,0.98630137
182539,57450,0.76
182539,1638689,0.732394366
182539,5020094,0.68852459
182539,7579347,0.608695652
182539,1638688,0.602409639
182539,8757183,0.56097561
182539,3760957,0.317647059
182539,6816577,0.202898551
182539,7148714,0.191489362
182539,7919974,0.15625
182539,57444,0.146396396
182539,7637811,0.139534884
182539,3779895,0.11682243
182539,7617321,0.096774194
182539,7579349,0.050632911
182539,5567732,0
182539,7579350,0
182539,7579351,0
182539,7579346,0
182539,171653,0
182539,7303730,0
182539,6201541,0
182539,2839827,0
182539,6355993,0
182539,5793580,0
87452,7965004,2
87452,8819114,2
87452,8819112,2
87452,6018169,2
87452,5286924,1.813953488
87452,8333912,1.808988764
87452,6018168,1.802325581
87452,186939,1.7875
87452,7965007,1.657894737
87452,4872055,1.630952381
87452,5048394,1.465753425
87452,6018164,1.445783133
87452,186931,1.444444444
87452,5296736,1.44
87452,8436577,1.426829268
87452,2035306,1.261538462
87452,8333920,1.257142857
87452,6018163,1
87452,7843984,1
87452,2026777,1
87452,8819113,1
87452,5751686,1
87452,8081937,1
87452,3919937,1
87452,8436571,1
87452,7897962,1
87452,6159694,1
87452,5500606,1
87452,1890450,1
87452,2127122,1
87452,3808783,1
87452,7965011,0.88
87452,4248450,0.833333333
87452,6018160,0.790697674
87452,5851090,0.75
87452,8819111,0.742857143
87452,5836705,0.736842105
87452,1395625,0.731343284
87452,8436578,0.616438356
87452,8152222,0.56097561
87452,8819116,0.541176471
87452,5746165,0.535714286
87452,861789,0.5
87452,2571223,0.409836066
87452,8333919,0.367816092
87452,1642159,0.349099099
87452,4634899,0.333333333
87452,5052034,0.333333333
87452,6018166,0.322195704
87452,3732121,0.3125
87452,6018167,0.308641975
87452,7897960,0.28
87452,3347348,0.276315789
87452,1749882,0.266666667
87452,1118401,0.212765957
87452,8496921,0.211267606
87452,3809016,0.2
87452,3809017,0.194444444
87452,6018161,0.177777778
87452,3732895,0.176470588
87452,6679972,0.175824176
87452,4557555,0.168539326
87452,8079127,0.167037862
87452,4502603,0.154761905
87452,6679974,0.126984127
87452,4312660,0.120481928
87452,3540111,0.119047619
87452,8496922,0.117924528
87452,6931702,0.117647059
87452,1971830,0.096385542
87452,4496459,0.09569378
87452,1185292,0.076923077
87452,3347347,0.075
87452,7499678,0.052631579
87452,8436576,0
87452,8436579,0
87452,6042747,0
87452,7843982,0
87452,2951800,0
87452,7588883,0
87452,7499676,0
87452,7542008,0
87452,2571221,0
87452,2571220,0
87452,5338945,0
87452,8436572,0
87452,5694214,0
87452,8055167,0
87452,8436575,0
87452,2026775,0
87452,6621971,0
87452,4157764,0
87452,3809018,0
87452,4496461,0
87452,119522,0
87452,7499674,0
87452,1150485,0
87452,8819115,0
87452,6096580,0
87452,8055172,0
156493,2949801,3
156493,2411918,2.806451613
156493,7371077,2.604395604
156493,2949802,2.6
156493,8245439,2.593406593
156493,1277727,2.406593407
156493,1277725,2.395604396
156493,2317807,2.208333333
156493,3288600,2
156493,8182166,2
156493,6139386,2
156493,3288596,2
156493,1960255,2
156493,8393766,2
156493,8182159,2
156493,6139382,2
156493,2259182,2
156493,885944,2
156493,2259180,2
156493,3288597,2
156493,8029433,2
156493,2259183,2
156493,1960260,2
156493,4940228,2
156493,8182165,2
156493,95514,2
156493,750111,2
156493,95519,2
156493,8182161,2
156493,3288601,2
156493,1960257,2
156493,1347266,2
156493,1277724,2
156493,7371078,2
156493,2928707,2
156493,7371079,2
156493,8182160,2
156493,8273017,2
156493,95515,2
156493,1960261,2
156493,1277720,2
156493,4131138,2
156493,5530082,2
156493,1277726,2
156493,5022725,2
156493,1277721,2
156493,7663272,2
156493,349638,2
156493,8273019,2
156493,2598786,2
156493,2928704,2
156493,2317802,2
156493,1101607,2
156493,2259179,2
156493,6464089,2
156493,2616515,2
156493,1277722,2
156493,2928700,2
156493,6524745,2
156493,2616513,2
156493,8803136,2
156493,4527706,2
156493,6524746,2
156493,5346660,2
156493,2317800,2
156493,349643,2
156493,6357270,2
156493,2928702,2
156493,2612491,2
156493,5406908,2
156493,6267258,2
156493,6859031,1.858823529
156493,5549994,1.857142857
156493,278176,1.831460674
156493,2612490,1.818181818
156493,1171595,1.816091954
156493,8245444,1.813953488
156493,1277723,1.632183908
156493,6343406,1.626506024
156493,349639,1.513513514
156493,2612492,1.441558442
156493,1347264,1.264705882
156493,3288599,1.234567901
156493,6859022,1.225352113
156493,3288598,1
156493,5122747,1
156493,8273018,1
156493,627307,1
156493,2141931,1
156493,994488,1
156493,8811146,1
156493,6524741,1
156493,7976153,1
156493,349637,0.653846154
156493,5059020,0.4375
156493,1171598,0.403225806
156493,1172287,0.333333333
156493,8463133,0.307692308
156493,4940229,0
156493,8273014,0
915593,3538160,2.2
915593,82107,2.193548387
915593,8178998,2
915593,3538164,2
915593,8103067,2
915593,3538167,2
915593,5931269,2
915593,5931268,2
915593,7742098,2
915593,82110,2
915593,2210593,2
915593,2923494,2
915593,3485338,2
915593,8029525,2
915593,3538166,1.901234568
915593,2923498,1.858823529
915593,2923497,1.857142857
915593,8029533,1.829268293
915593,3357360,1.818181818
915593,8103065,1.813186813
915593,4566819,1.802197802
915593,6923050,1.768115942
915593,3538163,1.684210526
915593,3375966,1.666666667
915593,8455302,1.666666667
915593,7837086,1.662337662
915593,4566822,1.65060241
915593,7861749,1.627906977
915593,1396701,1.627906977
915593,2588143,1.625
915593,8002855,1.484848485
915593,7816726,1.466666667
915593,8402974,1.267605634
915593,6181638,1.264705882
915593,2210594,1.260869565
915593,2210595,1.260273973
915593,2744909,1.253731343
915593,2923496,1.243243243
915593,6761346,1.2375
915593,8179001,1.226666667
915593,6923052,1.222222222
915593,6923057,1.179104478
915593,82113,1
915593,210379,1
915593,4566816,1
915593,3538162,1
915593,4566823,1
915593,275732,1
915593,7861751,1
915593,7861756,1
915593,2923501,1
915593,4691129,1
915593,82114,1
915593,2210597,1
915593,8402970,1
915593,8455306,1
915593,4818067,1
915593,4834226,1
915593,3385971,1
915593,5931266,1
915593,4910037,1
915593,5931264,1
915593,3143377,1
915593,7861753,1
915593,8103068,1
915593,8103063,1
915593,3573479,0.731343284
915593,3523602,0.724137931
915593,3523599,0.720588235
915593,4566818,0.712121212
915593,1815965,0.704918033
915593,8402973,0.677966102
915593,7837084,0.567567568
915593,8420020,0.473537604
915593,8178996,0.413043478
915593,7861747,0.34562212
915593,5931265,0.327272727
915593,3991910,0.30075188
915593,1396707,0.205882353
915593,5931270,0.204918033
915593,8455301,0.179104478
915593,82109,0.177777778
915593,8178999,0.175824176
915593,8179000,0.136363636
915593,3538165,0.131578947
915593,1772930,0.119047619
915593,2210591,0.117647059
915593,5931271,0.049627792
915593,8029532,0.046511628
915593,3890492,0.032258065
915593,4566815,0
915593,82111,0
915593,82105,0
915593,8179003,0
915593,8402972,0
915593,1396704,0
915593,1396706,0
915593,8179005,0
915593,6923055,0
915593,8455304,0
19335,8412684,2
19335,8412682,2
19335,8412681,2
19335,8412683,2
19335,8635981,2
19335,8151650,2
19335,8151642,2
19335,3175484,1.857142857
19335,3539483,1.857142857
19335,527690,1.461538462
19335,1389479,1.25
19335,8412685,1.246575342
19335,3175481,1
19335,1729,1
19335,7267248,1
19335,1726,1
19335,5843331,1
19335,901325,1
19335,6783161,1
19335,1389478,1
19335,342431,1
19335,630063,1
19335,6867870,1
19335,1746951,1
19335,7042455,1
19335,5140471,1
19335,1725697,1
19335,712802,1
19335,6010966,1
19335,5379897,0.768115942
19335,7367411,0.724637681
19335,1730,0.71875
19335,527698,0.707692308
19335,2943087,0.698412698
19335,6452949,0.689655172
19335,6999143,0.678571429
19335,2108336,0.666666667
19335,342432,0.625
19335,5843332,0.524590164
19335,436828,0.506666667
19335,8754859,0.5
19335,7692043,0.493150685
19335,3497214,0.492957746
19335,6999135,0.489130435
19335,8412687,0.485714286
19335,527689,0.485714286
19335,8798990,0.4
19335,8525221,0.337209302
19335,1616883,0.317848411
19335,2046505,0.317460317
19335,4540808,0.315789474
19335,6144461,0.263157895
19335,527694,0.240641711
19335,8612877,0.234042553
19335,1705525,0.23255814
19335,901329,0.196721311
19335,6179483,0.185022026
19335,5051739,0.16091954
19335,2046341,0.149700599
19335,7367407,0.138248848
19335,1837110,0.119047619
19335,8024611,0.116550117
19335,1994172,0.109717868
19335,7727462,0.097560976
19335,7298840,0.094339623
19335,4835655,0.053333333
19335,527695,0
19335,819168,0
19335,4540816,0
19335,7367402,0
19335,6109209,0
19335,7298837,0
19335,6214701,0
19335,3260688,0
19335,5454283,0
19335,129764,0
19335,7298833,0
19335,7256139,0
19335,8080924,0
19335,4349928,0
19335,4540809,0
19335,691498,0
19335,1568085,0
19335,5454280,0
19335,3653053,0
19335,7276206,0
19335,3156238,0
19335,1359917,0
19335,1722,0
19335,1796647,0
19335,1280402,0
19335,691497,0
19335,5629115,0
19335,1568088,0
19335,1555319,0
19335,3445058,0
19335,1568084,0
19335,712806,0
19335,691492,0
19335,8218756,0
47923,6643066,3
47923,6919836,3
47923,8348762,3
47923,6241150,2.804347826
47923,5147528,2.8
47923,4297620,2.6
47923,8641107,2.412371134
47923,6241153,2.410526316
47923,6241147,2.410526316
47923,5586331,2.217391304
47923,8418681,2.215053763
47923,2135499,2.212765957
47923,2699737,2.208791209
47923,2699736,2.208791209
47923,6210760,2.208333333
47923,525511,2.206521739
47923,1681331,2.204301075
47923,5417582,2.20212766
47923,8418683,2.2
47923,1488918,2.2
47923,1488919,2.195652174
47923,1868437,2
47923,6191,2
47923,5417580,2
47923,1681332,2
47923,473809,2
47923,3348838,2
47923,2044900,2
47923,7038128,2
47923,3348834,2
47923,6241151,2
47923,1681336,2
47923,1868438,2
47923,1488916,2
47923,1681337,2
47923,2408264,2
47923,2838662,2
47923,8619129,2
47923,6626705,2
47923,5417583,2
47923,473807,2
47923,8641104,2
47923,1960681,2
47923,4991357,2
47923,8619126,2
47923,7417276,2
47923,4652799,2
47923,8418678,2
47923,1565060,2
47923,7747055,2
47923,6935784,2
47923,8641106,2
47923,4587558,2
47923,4257345,2
47923,7137895,2
47923,618556,2
47923,1161940,2
47923,4684893,2
47923,4684895,2
47923,1827449,2
47923,2704000,2
47923,6919841,2
47923,3589347,2
47923,1496426,2
47923,2402776,1.923076923
47923,5147529,1.857142857
47923,5147526,1.857142857
47923,2508230,1.83908046
47923,8418684,1.831460674
47923,6626703,1.820224719
47923,5032364,1.818181818
47923,5147527,1.816091954
47923,146706,1.658823529
47923,6267282,1.658536585
47923,6089359,1.642857143
47923,1681334,1.612903226
47923,5032362,1.574468085
47923,6241152,1.565217391
47923,1506786,1.25
47923,5911790,1.246376812
47923,8418679,1.243243243
47923,4818815,1.232876712
47923,4523464,1
47923,7774318,1
47923,8284608,1
47923,6696631,1
47923,5417584,1
47923,7071694,1
47923,99926,1
47923,2284132,1
47923,5147530,1
47923,3785497,1
47923,3703415,1
47923,7914498,1
47923,7774316,0.756756757
47923,7071695,0.735294118
47923,8619130,0.666666667
47923,766019,0.512195122
47923,8110288,0.168674699
47923,3883233,0
183378,4493915,3
183378,4493920,3
183378,8570256,3
183378,8570258,3
183378,4803848,3
183378,8570257,2.809322034
183378,4803847,2.808510638
183378,1289496,2.8
183378,8570260,2.617021277
183378,4493922,2.610526316
183378,5534707,2.608695652
183378,8570261,2.597826087
183378,4493914,2.412371134
183378,8794308,2.404255319
183378,1289497,2.397849462
183378,7677975,2.393617021
183378,3093215,2.390295359
183378,7449744,2.206521739
183378,4727412,2.204301075
183378,2533256,2.204301075
183378,4493916,2.201698514
183378,327908,2.2
183378,4862063,2.195652174
183378,2493332,2.193548387
183378,3389580,2.191489362
183378,8794304,2
183378,2533260,2
183378,8794302,2
183378,4803856,2
183378,5534711,2
183378,5534703,2
183378,4493921,2
183378,4727418,2
183378,4493913,2
183378,7449752,2
183378,7449751,2
183378,229739,2
183378,2234245,2
183378,1773959,2
183378,4493919,2
183378,6548235,2
183378,8794303,2
183378,2499865,2
183378,3389579,2
183378,5391353,2
183378,7449750,2
183378,1289489,2
183378,8121377,2
183378,7703397,2
183378,5798333,2
183378,7952865,2
183378,828108,2
183378,8191188,2
183378,3605404,1.857142857
183378,6880045,1.827160494
183378,4803850,1.638554217
183378,4856305,1.521126761
183378,376576,1.406593407
183378,2089154,1.279411765
183378,8577215,1.267605634
183378,4716324,1.258064516
183378,2639939,1
183378,8779628,1
183378,3662782,1
183378,4835769,1
183378,2068968,1
183378,749548,1
183378,5534708,1
183378,8507877,1
183378,8643931,1
183378,1765863,1
183378,6295431,0.684210526
183378,4810802,0.64
183378,8079968,0.55
183378,1289495,0.472222222
183378,4371183,0.454545455
183378,4803851,0.35
183378,7878227,0.308880309
183378,3576225,0.217391304
183378,5728400,0.138248848
183378,6960777,0.1
183378,711450,0.096774194
183378,5105265,0.051948052
183378,8121380,0
183378,324175,0
183378,8079970,0
183378,5286899,0
183378,324177,0
183378,324178,0
183378,424997,0
183378,2095187,0
183378,8756893,0
183378,1603314,0
183378,1603312,0
183378,4530314,0
183378,6569755,0
183378,2805325,0
183378,3576220,0
183378,2796241,0
183378,1261035,0
87181,2986227,2
87181,6521366,2
87181,8332546,2
87181,6484575,2
87181,8332547,2
87181,5197135,2
87181,8614360,2
87181,4689525,2
87181,1902826,2
87181,8151921,2
87181,47207,2
87181,8614359,2
87181,6262331,2
87181,6774305,2
87181,8151919,2
87181,4786305,2
87181,1179100,2
87181,8565420,2
87181,7057928,2
87181,8683178,2
87181,8522403,2
87181,8082516,2
87181,4632251,2
87181,2530227,2
87181,8151926,2
87181,3216315,2
87181,6685092,2
87181,4689523,2
87181,742425,2
87181,8332555,2
87181,6484576,2
87181,8683185,2
87181,6969187,2
87181,2307979,2
87181,5469038,2
87181,3914970,2
87181,7112964,2
87181,2530257,2
87181,6029788,2
87181,8246410,2
87181,1856241,2
87181,935164,2
87181,1700168,2
87181,8534134,2
87181,3198047,2
87181,921633,2
87181,8738512,2
87181,4632256,2
87181,1950525,2
87181,6055562,2
87181,1519996,2
87181,2556151,1.847058824
87181,8151922,1.821428571
87181,6484578,1.818181818
87181,1961300,1.808988764
87181,7666831,1.675
87181,2374850,1.617283951
87181,7112968,1.582417582
87181,123548,1.472222222
87181,8476330,1.470588235
87181,47211,1.45
87181,8534135,1.230769231
87181,7139898,1
87181,3354162,1
87181,1692902,1
87181,2763490,1
87181,4689524,1
87181,2024860,1
87181,6928212,0.709677419
87181,2345225,0.585774059
87181,8183977,0.532467532
87181,1766470,0.358974359
87181,47212,0.352941176
87181,2530252,0.333333333
87181,8183982,0.328571429
87181,2556150,0.202558635
87181,6521360,0.191897655
87181,123547,0.174291939
87181,8332548,0.066666667
87181,2556144,0
87181,47210,0
87181,8683181,0
87181,8332551,0
87181,5197130,0
87181,5197133,0
87181,8183981,0
87181,7666828,0
87181,8165398,0
87181,8165403,0
87181,47208,0
87181,8664069,0
87181,47206,0
87181,47203,0
87181,5197138,0
87181,2556149,0
87181,1902827,0
87181,803955,0
87181,3423884,0
87181,2556146,0
87181,5197136,0
1133167,8033646,2.609704641
1133167,1379370,2.4
1133167,8255706,2.20212766
1133167,3421900,2.197802198
1133167,5674622,2
1133167,8255705,2
1133167,8160241,2
1133167,7093509,2
1133167,1883281,2
1133167,3953805,2
1133167,190809,2
1133167,5674623,2
1133167,1824488,2
1133167,7793414,2
1133167,1883280,2
1133167,6467518,2
1133167,6299575,2
1133167,190806,2
1133167,8033645,2
1133167,2276678,2
1133167,4443375,2
1133167,4443370,2
1133167,8839920,2
1133167,2613293,2
1133167,6103289,2
1133167,4498479,2
1133167,7486597,2
1133167,3074598,2
1133167,6142,2
1133167,823275,2
1133167,7093512,2
1133167,2010281,2
1133167,6299574,2
1133167,7486599,2
1133167,823279,2
1133167,8250498,2
1133167,4494097,2
1133167,6112586,2
1133167,4926204,2
1133167,8255701,2
1133167,8484849,2
1133167,6467519,2
1133167,190805,2
1133167,823273,2
1133167,2439240,2
1133167,8033647,2
1133167,434124,2
1133167,1824481,2
1133167,2623303,2
1133167,7218012,2
1133167,3355083,2
1133167,1824487,2
1133167,6157114,2
1133167,6112590,2
1133167,7091940,2
1133167,3074599,2
1133167,563738,2
1133167,4550240,2
1133167,4712273,2
1133167,7793408,2
1133167,6999438,2
1133167,6257038,2
1133167,6467517,2
1133167,7793416,2
1133167,8160224,2
1133167,3421898,2
1133167,4557439,2
1133167,1824483,2
1133167,8405623,2
1133167,1790122,2
1133167,332787,1.860465116
1133167,823277,1.814814815
1133167,1883278,1.813953488
1133167,7793409,1.806818182
1133167,5985458,1.78313253
1133167,8484845,1.627906977
1133167,434126,1.620253165
1133167,2491371,1.480519481
1133167,7217706,1.264705882
1133167,7218019,1.257575758
1133167,7091943,1.257142857
1133167,6112592,1.25
1133167,4443368,1.238095238
1133167,4494100,1.2
1133167,823272,1
1133167,7218016,1
1133167,6467522,1
1133167,7486594,1
1133167,8160243,1
1133167,1883277,1
1133167,6112588,1
1133167,8250500,0.365853659
1133167,6112589,0.142857143
1133167,8250501,0.141176471
1133167,8160230,0.13667426
1133167,8484851,0
1133167,2613290,0
1133167,4625145,0
1133167,3421904,0
1133167,6332045,0
855410,8651775,2
855410,8651772,1.658536585
855410,8651776,1
855410,576583,1
855410,8651771,0.949868074
855410,8651770,0.766233766
855410,6338974,0.742857143
855410,5130380,0.647058824
855410,2737046,0.412698413
855410,1147810,0.320987654
855410,1147811,0.307692308
855410,4685777,0.288461538
855410,7066410,0.279187817
855410,5232523,0.212765957
855410,6941139,0.206043956
855410,5239970,0.205882353
855410,7210777,0.2
855410,3948069,0.197183099
855410,1147809,0.177777778
855410,1795261,0.174291939
855410,884436,0.157303371
855410,229903,0.149253731
855410,884430,0.137931034
855410,6133647,0.122249389
855410,5594994,0.117647059
855410,6197317,0.11627907
855410,1294308,0.106132075
855410,3006601,0.098360656
855410,8140208,0.094562648
855410,352146,0.094043887
855410,1294305,0.092879257
855410,1561018,0.064724919
855410,6706455,0.063291139
855410,3724700,0.05
855410,6759238,0.033898305
855410,6674058,0.02739726
855410,6688284,0.026315789
855410,2418458,0.026315789
855410,5095701,0
855410,5095702,0
855410,1041939,0
855410,6796749,0
855410,8145658,0
855410,3340204,0
855410,7099015,0
855410,6301996,0
855410,3340202,0
855410,6859899,0
855410,5550193,0
855410,8144663,0
855410,5629792,0
855410,788830,0
855410,6218319,0
855410,7747483,0
855410,2418890,0
855410,7240299,0
855410,6936951,0
855410,4406031,0
855410,1929957,0
855410,6301992,0
855410,1719692,0
855410,326818,0
855410,4518587,0
855410,1051865,0
855410,6893643,0
855410,5478153,0
855410,8533683,0
855410,232305,0
855410,6936948,0
855410,3724701,0
855410,7140868,0
855410,6152822,0
855410,5232525,0
855410,7151082,0
855410,1970390,0
855410,4275296,0
855410,3527605,0
855410,6098860,0
855410,8165085,0
855410,6301995,0
855410,984177,0
855410,159665,0
855410,3113274,0
855410,5558891,0
855410,4503925,0
855410,1685597,0
855410,1874884,0
855410,2519077,0
855410,2418893,0
855410,7456767,0
855410,3200693,0
855410,8407524,0
855410,2506511,0
855410,4636144,0
855410,6647485,0
855410,6760182,0
855410,3110654,0
855410,7066409,0
855410,8448246,0
855410,2350118,0
1115776,8106321,2
1115776,8106324,2
1115776,4314175,2
1115776,4314172,2
1115776,4314176,2
1115776,4314169,2
1115776,4314173,2
1115776,8106320,2
1115776,4314174,1.833333333
1115776,4314178,1.684210526
1115776,5264931,1.492957746
1115776,3081626,1.455696203
1115776,8495250,1.272727273
1115776,8106318,1
1115776,4314171,1
1115776,3469357,1
1115776,5605159,1
1115776,7129178,1
1115776,8828147,1
1115776,6989198,1
1115776,8106322,1
1115776,5295699,1
1115776,580737,1
1115776,8447122,1
1115776,5305147,1
1115776,6934016,1
1115776,1440028,1
1115776,3977422,1
1115776,1593007,0.754098361
1115776,8180097,0.746268657
1115776,4620863,0.735294118
1115776,7618006,0.677966102
1115776,8078183,0.666666667
1115776,7318318,0.653846154
1115776,7129173,0.521126761
1115776,3411245,0.4
1115776,8106323,0.392857143
1115776,2230480,0.372881356
1115776,5599692,0.34939759
1115776,941057,0.348837209
1115776,5232955,0.325
1115776,7183516,0.320987654
1115776,6747926,0.316455696
1115776,4051141,0.314814815
1115776,7618005,0.307328605
1115776,758999,0.168539326
1115776,257268,0.149253731
1115776,1593008,0.141176471
1115776,6989199,0.13667426
1115776,8388343,0.133928571
1115776,5605160,0.121580547
1115776,1540838,0.117924528
1115776,6919096,0.117647059
1115776,7618008,0.075
1115776,5232963,0.075
1115776,3296854,0.063091483
1115776,6616844,0.061881188
1115776,3743894,0.050125313
1115776,8355020,0.04950495
1115776,6616842,0.026737968
1115776,7442432,0.026666667
1115776,600966,0
1115776,6934013,0
1115776,8706770,0
1115776,8345724,0
1115776,8757348,0
1115776,1440035,0
1115776,1826911,0
1115776,7840022,0
1115776,2471196,0
1115776,1565105,0
1115776,3680291,0
1115776,8710004,0
1115776,8108815,0
1115776,6251729,0
1115776,4984390,0
1115776,8108818,0
1115776,5555296,0
1115776,6246928,0
1115776,258978,0
1115776,2230483,0
1115776,896003,0
1115776,6702136,0
1115776,1621981,0
1115776,1328463,0
1115776,3276364,0
1115776,6397841,0
1115776,8046348,0
1115776,2230476,0
1115776,2230477,0
1115776,2196566,0
1115776,1328460,0
1115776,143334,0
1115776,3366472,0
1115776,2903177,0
1115776,480800,0
1115776,8355028,0
1115776,2017908,0
1115776,2017909,0
1115776,2337363,0
1124210,2258597,3
1124210,8492305,3
1124210,5587711,3
1124210,6541866,3
1124210,2258591,3
1124210,6737729,3
1124210,6737727,3
1124210,3466956,3
1124210,4002454,3
1124210,5098936,3
1124210,8547690,3
1124210,2461683,2.812108559
1124210,6541868,2.808510638
1124210,3162331,2.806122449
1124210,2258598,2.804123711
1124210,3289568,2.804123711
1124210,181177,2.802083333
1124210,2859501,2.802083333
1124210,3263727,2.795698925
1124210,4942992,2.610526316
1124210,5098941,2.610526316
1124210,2258594,2.608247423
1124210,6541864,2.608247423
1124210,7695217,2.606382979
1124210,8026735,2.604166667
1124210,5587709,2.6
1124210,8650642,2.416666667
1124210,1689639,2.412371134
1124210,2494574,2.412371134
1124210,4002456,2.410526316
1124210,2258592,2.4092827
1124210,8087696,2.408602151
1124210,4648414,2.404255319
1124210,6720368,2.404255319
1124210,2825130,2.402173913
1124210,6255796,2.4
1124210,2494577,2.393617021
1124210,2258595,2.215053763
1124210,8558068,2.212765957
1124210,2433609,2.212765957
1124210,7942807,2.210526316
1124210,7203360,2.210526316
1124210,2258596,2.208333333
1124210,7443588,2.204301075
1124210,5941717,2.2
1124210,8355477,2.197802198
1124210,8355483,2.195652174
1124210,181175,2.193548387
1124210,8026737,2
1124210,6636931,2
1124210,8026743,2
1124210,4303129,2
1124210,8087702,2
1124210,2258599,2
1124210,6507996,2
1124210,2685123,2
1124210,931162,2
1124210,943794,2
1124210,131190,2
1124210,2433603,2
1124210,1244877,2
1124210,2433601,2
1124210,2433604,2
1124210,4535489,2
1124210,2958020,2
1124210,2399822,2
1124210,2608221,2
1124210,8828525,2
1124210,6498977,2
1124210,3517427,2
1124210,2070515,2
1124210,6636936,2
1124210,8026738,2
1124210,2089544,1.822222222
1124210,522220,1.794117647
1124210,7443586,1.791666667
1124210,8802909,1.776595745
1124210,6233255,1.776595745
1124210,7224102,1.776595745
1124210,7146473,1.658536585
1124210,522219,1.6
1124210,1280828,1.6
1124210,2650269,1.595744681
1124210,6620551,1.595744681
1124210,6146809,1.591397849
1124210,2728448,1.578947368
1124210,8026740,1.574468085
1124210,2753148,1.574468085
1124210,284020,1.574468085
1124210,7806222,1.387755102
1124210,5664148,1.204301075
1124210,7806221,1.178947368
1124210,7146478,1
1124210,4616435,1
1124210,4174699,1
1124210,7715335,1
1124210,931165,0.778947368
1124210,3225197,0
1124210,92049,0
1124210,8406413,0
962179,3705165,3
962179,4606387,2.20212766
962179,2978870,2.195652174
962179,2329699,2.193548387
962179,2329697,2
962179,8785371,2
962179,6980697,2
962179,1645080,2
962179,302861,2
962179,2978866,2
962179,8785373,2
962179,1645087,2
962179,8032264,1.994535519
962179,4606388,1.87654321
962179,8785374,1.822222222
962179,302868,1.633333333
962179,3173623,1.574468085
962179,302866,1.559020045
962179,4257873,1.486486486
962179,7588230,1.290909091
962179,8785368,1
962179,7428146,1
962179,6675259,1
962179,8785372,1
962179,6675261,1
962179,902373,0.772151899
962179,6575567,0.709677419
962179,5919341,0.694915254
962179,3661633,0.642857143
962179,6675257,0.6
962179,8811426,0.583333333
962179,2929465,0.574712644
962179,8785370,0.5625
962179,536178,0.55
962179,4511498,0.538461538
962179,6898290,0.513513514
962179,1006866,0.419354839
962179,5642479,0.416666667
962179,1015976,0.401234568
962179,2929469,0.395604396
962179,4309122,0.393442623
962179,302865,0.387096774
962179,8032269,0.387096774
962179,4717426,0.345238095
962179,931124,0.338983051
962179,4511504,0.337209302
962179,4209392,0.294871795
962179,3422317,0.25974026
962179,5427064,0.197183099
962179,4606390,0.193965517
962179,2131893,0.170940171
962179,2017003,0.170940171
962179,3422321,0.157303371
962179,3982060,0.147492625
962179,1006868,0.135135135
962179,3422318,0.12195122
962179,536180,0.121580547
962179,902372,0.113895216
962179,6675262,0.112903226
962179,1006860,0.096774194
962179,5653652,0.084745763
962179,6904865,0.068965517
962179,6575560,0.064724919
962179,181089,0.06127451
962179,8689053,0.052631579
962179,6675258,0.050847458
962179,7126025,0.050251256
962179,2017001,0.038461538
962179,6980701,0.037974684
962179,4717424,0.033333333
962179,8768974,0.026041667
962179,5427070,0.025773196
962179,4511501,0
962179,8689054,0
962179,8689056,0
962179,5773189,0
962179,8689057,0
962179,5427063,0
962179,5773184,0
962179,4606389,0
962179,1006859,0
962179,5320368,0
962179,5886688,0
962179,1006867,0
962179,6898292,0
962179,2632688,0
962179,1006865,0
962179,8689058,0
962179,8689055,0
962179,7428143,0
962179,4511497,0
962179,5427065,0
962179,6898295,0
962179,5653655,0
962179,5653657,0
962179,6675265,0
962179,8746010,0
962179,1006861,0
962179,2925975,0
962179,5642481,0
833860,6230227,2.202380952
833860,8344031,2
833860,5167513,2
833860,6230220,2
833860,6230221,2
833860,3437288,1.68
833860,6230226,1.657534247
833860,6230229,1.632911392
833860,6230222,1.540229885
833860,8697642,1.197183099
833860,2702357,1
833860,3437285,1
833860,3437289,1
833860,8160728,1
833860,4736124,1
833860,1400521,1
833860,1524648,0.703703704
833860,2036934,0.470588235
833860,6886846,0.458452722
833860,6738736,0.4
833860,611992,0.333333333
833860,2386361,0.296296296
833860,6406715,0.253333333
833860,6610436,0.2
833860,1971028,0.195530726
833860,7826521,0.184782609
833860,4460348,0.173913043
833860,8683095,0.153846154
833860,5229080,0.151515152
833860,7184644,0.146341463
833860,5988243,0.137931034
833860,3087477,0.125
833860,6406714,0.120481928
833860,3026174,0.115207373
833860,7973006,0.1
833860,6829804,0.098360656
833860,2702358,0.075
833860,115142,0.06779661
833860,6654798,0.066666667
833860,541470,0.050632911
833860,5178289,0.049140049
833860,8112006,0.037974684
833860,7508039,0.026666667
833860,1524402,0.025380711
833860,6297606,0
833860,1524406,0
833860,1969741,0
833860,1900577,0
833860,2829180,0
833860,3107240,0
833860,3107242,0
833860,1524403,0
833860,1524401,0
833860,2829181,0
833860,8742336,0
833860,2188108,0
833860,2488236,0
833860,1694695,0
833860,7153355,0
833860,5967462,0
833860,456068,0
833860,280004,0
833860,280008,0
833860,8469913,0
833860,5759683,0
833860,1448548,0
833860,2488241,0
833860,7192576,0
833860,7153349,0
833860,1524644,0
833860,4967639,0
833860,8119467,0
833860,557588,0
833860,4046129,0
833860,1751577,0
833860,1859403,0
833860,3798217,0
833860,2727126,0
833860,7007433,0
833860,8584923,0
833860,1524399,0
833860,8189156,0
833860,3729262,0
833860,4565141,0
833860,2597196,0
833860,5500892,0
833860,7023585,0
833860,6277473,0
833860,2192805,0
833860,5639026,0
833860,3544301,0
833860,6510230,0
833860,1016915,0
833860,1799623,0
833860,4565899,0
833860,6209174,0
833860,1579406,0
833860,7548089,0
833860,6541901,0
833860,7184650,0
1114646,6704401,2.211764706
1114646,6704400,2.206521739
1114646,2647994,2.2
1114646,8117094,2
1114646,771368,2
1114646,5417954,2
1114646,8117087,2
1114646,5417953,2
1114646,6711103,2
1114646,8117092,2
1114646,5417952,2
1114646,5959593,2
1114646,2676807,2
1114646,5279567,2
1114646,7196956,2
1114646,7984234,2
1114646,579554,2
1114646,6348309,2
1114646,4771285,2
1114646,3184851,2
1114646,2911039,2
1114646,5041692,2
1114646,8117095,2
1114646,2201127,2
1114646,8327369,2
1114646,3467664,2
1114646,5640856,2
1114646,266552,2
1114646,687064,2
1114646,5217702,2
1114646,2911035,2
1114646,5640859,2
1114646,5229617,2
1114646,3467665,2
1114646,3056368,2
1114646,5661838,2
1114646,5836029,2
1114646,1544838,2
1114646,7065010,2
1114646,3470484,2
1114646,3184850,1.858823529
1114646,8117093,1.818181818
1114646,7196961,1.818181818
1114646,2911040,1.816091954
1114646,4332918,1.604395604
1114646,4908870,1.397590361
1114646,8117088,1
1114646,4438502,1
1114646,5661840,1
1114646,6455057,1
1114646,4656404,0.971428571
1114646,1038132,0.424242424
1114646,3741322,0.263157895
1114646,444382,0.237467018
1114646,3828281,0.168674699
1114646,4656405,0.152941176
1114646,7702599,0.137931034
1114646,5829214,0.136986301
1114646,4453440,0.063291139
1114646,4655941,0.050632911
1114646,1760178,0.033898305
1114646,4314094,0.026666667
1114646,2407770,0.026315789
1114646,153138,0.026315789
1114646,4776382,0.025188917
1114646,2343615,0
1114646,2343621,0
1114646,2505776,0
1114646,46323,0
1114646,1884059,0
1114646,2343618,0
1114646,4270203,0
1114646,4908869,0
1114646,444375,0
1114646,400354,0
1114646,2995800,0
1114646,2505772,0
1114646,898854,0
1114646,6120716,0
1114646,7012106,0
1114646,6214269,0
1114646,76836,0
1114646,5080866,0
1114646,6157422,0
1114646,8825558,0
1114646,8074924,0
1114646,773300,0
1114646,860901,0
1114646,3092012,0
1114646,7629822,0
1114646,5128542,0
1114646,2319282,0
1114646,4824843,0
1114646,6501323,0
1114646,4603841,0
1114646,1647183,0
1114646,400352,0
1114646,4327099,0
1114646,3123685,0
1114646,6589360,0
1113437,4498864,3
1113437,8128794,2
1113437,8128790,2
1113437,8128796,2
1113437,1066532,2
1113437,8128798,2
1113437,8363317,2
1113437,2354940,2
1113437,3518298,2
1113437,5546289,2
1113437,742037,2
1113437,5938419,2
1113437,2354941,2
1113437,3064610,1.879518072
1113437,1520227,1.835294118
1113437,7497491,1.829545455
1113437,3049194,1.6375
1113437,5188745,1.480519481
1113437,5545723,1.45
1113437,6021898,1.447368421
1113437,7277236,1.264705882
1113437,213011,1.23880597
1113437,4016939,1.236842105
1113437,4981632,1
1113437,520325,1
1113437,3997986,1
1113437,6601849,1
1113437,2535148,1
1113437,7385216,1
1113437,4498873,1
1113437,5188746,1
1113437,8162984,1
1113437,4016934,1
1113437,6017945,1
1113437,657400,1
1113437,7385217,1
1113437,8336306,1
1113437,8128793,1
1113437,3518300,1
1113437,1287014,1
1113437,3049193,1
1113437,213006,1
1113437,5313809,1
1113437,4016930,1
1113437,213009,1
1113437,6597538,1
1113437,2110583,1
1113437,7458700,1
1113437,4615569,0.977272727
1113437,4628483,0.753424658
1113437,6302495,0.735294118
1113437,807274,0.724637681
1113437,4486954,0.723076923
1113437,4498871,0.71875
1113437,313542,0.581395349
1113437,807273,0.5375
1113437,5132846,0.424242424
1113437,2759673,0.372881356
1113437,6215772,0.341685649
1113437,61756,0.282051282
1113437,4783291,0.282051282
1113437,4628484,0.170454545
1113437,313538,0.153846154
1113437,7306673,0.15
1113437,7126000,0.142857143
1113437,5215406,0.12345679
1113437,1768729,0.120481928
1113437,5050470,0.119047619
1113437,3990056,0.104895105
1113437,1280572,0.073170732
1113437,1655114,0.051282051
1113437,657405,0.049019608
1113437,5748055,0.037593985
1113437,2922427,0.026315789
1113437,436903,0.026041667
1113437,142150,0.025380711
1113437,7618564,0
1113437,1768734,0
1113437,4841345,0
1113437,919328,0
1113437,4216338,0
1113437,1783459,0
1113437,6284746,0
1113437,5720141,0
1113437,436902,0
1113437,3436902,0
1113437,4193422,0
1113437,4186999,0
1113437,5215408,0
1113437,3436901,0
1113437,7618558,0
1113437,3325914,0
1113437,8133335,0
1113437,7774459,0
1113437,4898185,0
1113437,4111480,0
1113437,3329254,0
1113437,8299324,0
1113437,6992968,0
1113437,1931169,0
1117099,1798612,2
1117099,8093931,2
1117099,1798620,2
1117099,5286538,2
1117099,8446501,2
1117099,6122720,1.644444444
1117099,5286539,1.278688525
1117099,4458512,1.257142857
1117099,4775947,1.024390244
1117099,8093932,1
1117099,8093934,1
1117099,3349612,1
1117099,5258462,1
1117099,2398222,1
1117099,297115,1
1117099,8446502,0.972972973
1117099,8152834,0.789473684
1117099,6122723,0.759493671
1117099,6691413,0.728571429
1117099,7610604,0.727272727
1117099,7172078,0.727272727
1117099,5597127,0.666666667
1117099,464305,0.62962963
1117099,3412239,0.547619048
1117099,1798619,0.506666667
1117099,7077675,0.470588235
1117099,3543106,0.463768116
1117099,2789022,0.457142857
1117099,7407593,0.357142857
1117099,6177939,0.333333333
1117099,6993942,0.306666667
1117099,1212767,0.298701299
1117099,2398223,0.291139241
1117099,4131491,0.285714286
1117099,7153698,0.232876712
1117099,6622235,0.21978022
1117099,2715363,0.208333333
1117099,1570999,0.2
1117099,8446504,0.179775281
1117099,4441325,0.176470588
1117099,8709226,0.176470588
1117099,6122721,0.174418605
1117099,3729946,0.16091954
1117099,8709227,0.157303371
1117099,5752877,0.155902004
1117099,334615,0.146341463
1117099,8152830,0.141176471
1117099,3633445,0.13986014
1117099,4458506,0.139534884
1117099,5699286,0.139534884
1117099,1013796,0.139534884
1117099,2567188,0.138248848
1117099,5319158,0.136986301
1117099,4458509,0.13667426
1117099,2715359,0.13667426
1117099,7676049,0.12195122
1117099,6398911,0.120481928
1117099,7868164,0.097799511
1117099,3214921,0.097560976
1117099,1632948,0.075
1117099,5286540,0.073170732
1117099,2826254,0.072289157
1117099,4001644,0.052631579
1117099,7153702,0.04950495
1117099,7868161,0.033898305
1117099,5001703,0.025773196
1117099,5817484,0.025380711
1117099,4131489,0
1117099,8714082,0
1117099,1068642,0
1117099,1445087,0
1117099,1174584,0
1117099,8714085,0
1117099,4631857,0
1117099,1986002,0
1117099,6122724,0
1117099,696157,0
1117099,8714087,0
1117099,5643723,0
1117099,810080,0
1117099,7722560,0
1117099,3128113,0
1117099,389980,0
1117099,4131492,0
1117099,6858988,0
1117099,4493492,0
1117099,3186367,0
1117099,3427785,0
1117099,8079296,0
1117099,6858994,0
1117099,4888196,0
1117099,3427786,0
1117099,5817491,0
1117099,1197318,0
1117099,2754430,0
1117099,1551131,0
1117099,2292116,0
1117099,8708306,0
1117099,7431533,0
1117099,225482,0
1121402,8052620,2.808510638
1121402,188213,2.208791209
1121402,5189913,2
1121402,8052624,2
1121402,182369,2
1121402,182372,2
1121402,8052621,2
1121402,7125983,2
1121402,8052617,2
1121402,7125981,2
1121402,8052622,2
1121402,3785308,2
1121402,7125980,2
1121402,188209,2
1121402,188210,2
1121402,7125987,2
1121402,8052623,2
1121402,3511789,2
1121402,7142994,2
1121402,182364,1.823529412
1121402,182365,1.82278481
1121402,4449267,1.662650602
1121402,3785310,1.6625
1121402,188218,1.627906977
1121402,182368,1.623529412
1121402,8052619,1.458333333
1121402,188214,1.278688525
1121402,188216,1.25
1121402,188217,1
1121402,8235730,1
1121402,188215,1
1121402,7125978,1
1121402,188211,1
1121402,8089444,1
1121402,7125985,1
1121402,7125982,1
1121402,3785309,1
1121402,3511795,1
1121402,43770,1
1121402,1249687,1
1121402,465100,1
1121402,5318501,1
1121402,697136,1
1121402,7011506,1
1121402,3412904,1
1121402,6918691,0.641509434
1121402,53692,0.447761194
1121402,4844735,0.407523511
1121402,7510847,0.37037037
1121402,7572311,0.350877193
1121402,7471825,0.350877193
1121402,1873309,0.344827586
1121402,4893523,0.344827586
1121402,8376430,0.185714286
1121402,5662150,0.176470588
1121402,177810,0.151515152
1121402,6392405,0.139534884
1121402,4727107,0.11627907
1121402,1402314,0.097560976
1121402,4986315,0.06779661
1121402,8453588,0.064724919
1121402,7572312,0.050761421
1121402,1471443,0.050761421
1121402,8718639,0.050632911
1121402,182373,0
1121402,182370,0
1121402,4449258,0
1121402,6324938,0
1121402,6371843,0
1121402,177807,0
1121402,8492342,0
1121402,6717338,0
1121402,53699,0
1121402,53697,0
1121402,2281086,0
1121402,6717336,0
1121402,6157464,0
1121402,8821496,0
1121402,5614619,0
1121402,4214351,0
1121402,6371837,0
1121402,7477363,0
1121402,7898701,0
1121402,1608737,0
1121402,333401,0
1121402,5966850,0
1121402,6717342,0
1121402,8832487,0
1121402,8821498,0
1121402,53696,0
1121402,177809,0
1121402,177813,0
1121402,7477362,0
1121402,3494458,0
1121402,7774688,0
1121402,3674185,0
1121402,5614625,0
1121402,7161979,0
1121402,5103864,0
1121402,6392400,0
168216,2790904,2.816326531
168216,8185137,2.614583333
168216,3908776,2.612244898
168216,8185135,2.611451943
168216,6061718,2.610526316
168216,8731621,2.606382979
168216,1301469,2.6
168216,6282562,2.593406593
168216,6426634,2.414893617
168216,1301474,2.408163265
168216,6426638,2.4
168216,1301472,2.4
168216,6329932,2.4
168216,6426632,2.397849462
168216,1301465,2.212765957
168216,3399712,2.212765957
168216,8185131,2.208333333
168216,3908777,2.204301075
168216,6282561,2.204301075
168216,6213325,2.20212766
168216,6213322,2.20212766
168216,3399713,2.20212766
168216,6264733,2.2
168216,3344828,2.195652174
168216,3198689,2.195652174
168216,1183706,2.193548387
168216,5935474,2.193548387
168216,6061722,2.193548387
168216,4324487,2.191489362
168216,1381477,2
168216,3830857,2
168216,3174840,2
168216,13499,2
168216,2265769,2
168216,3908774,2
168216,2069992,2
168216,3908773,2
168216,1924800,2
168216,3399715,2
168216,290826,2
168216,8639630,2
168216,4792582,2
168216,3198687,2
168216,1924796,2
168216,8141128,2
168216,8639627,2
168216,4119829,2
168216,2265772,2
168216,8639633,2
168216,3033359,2
168216,7492755,2
168216,5935476,2
168216,4498419,2
168216,6061721,2
168216,1735358,2
168216,1301467,2
168216,2036279,2
168216,3681095,2
168216,5293614,2
168216,5935477,2
168216,8252763,2
168216,6282567,2
168216,3198680,2
168216,8731623,2
168216,2069995,2
168216,6061726,2
168216,7337513,2
168216,6282560,2
168216,3198682,2
168216,4324491,2
168216,5024307,2
168216,4324492,2
168216,6264732,2
168216,2210775,2
168216,7337519,2
168216,1090088,2
168216,4792583,2
168216,8731624,2
168216,8185129,2
168216,6249512,2
168216,4191395,2
168216,8731625,2
168216,7492748,2
168216,1301468,2
168216,1274194,2
168216,7492753,2
168216,6264731,2
168216,5690224,2
168216,1301466,1.837209302
168216,2659074,1.824175824
168216,731200,1.622222222
168216,3344834,1.608695652
168216,7492752,1.591397849
168216,8723467,1.574468085
168216,661750,1.178947368
168216,8048968,1.152647975
168216,1735360,1
168216,3344832,1
168216,7745780,0.75
168216,1301471,0
1112341,8139256,2
1112341,6164791,2
1112341,8139258,1.847058824
1112341,8139255,1.820224719
1112341,6726344,1.435294118
1112341,2735215,1
1112341,90432,1
1112341,2735219,1
1112341,6016292,1
1112341,8442177,1
1112341,4263743,1
1112341,8139249,1
1112341,8139251,1
1112341,5982344,1
1112341,1312437,1
1112341,6478665,1
1112341,8442174,1
1112341,8606160,1
1112341,4022846,1
1112341,3524227,1
1112341,2694636,1
1112341,7079779,1
1112341,3007130,1
1112341,3795896,1
1112341,8725077,1
1112341,4927748,1
1112341,508023,1
1112341,8555308,1
1112341,90433,0.947368421
1112341,7718340,0.75
1112341,7242813,0.75
1112341,8442178,0.736111111
1112341,550571,0.725806452
1112341,2830103,0.684210526
1112341,7194373,0.632653061
1112341,1369482,0.55
1112341,7635722,0.485714286
1112341,8424594,0.470588235
1112341,5899430,0.430769231
1112341,2770214,0.37704918
1112341,6903063,0.357142857
1112341,1493657,0.357142857
1112341,3658729,0.333333333
1112341,1554245,0.317073171
1112341,3291152,0.296296296
1112341,6740558,0.225352113
1112341,7597740,0.205882353
1112341,4595997,0.194986072
1112341,2596431,0.173913043
1112341,7915023,0.139534884
1112341,883225,0.138888889
1112341,2026107,0.125
1112341,1373651,0.123076923
1112341,6726346,0.121212121
1112341,7349793,0.119047619
1112341,3344316,0.114942529
1112341,2096429,0.093457944
1112341,2916681,0.076923077
1112341,1180260,0.066666667
1112341,8629184,0.065789474
1112341,2434429,0.051282051
1112341,2096427,0.04950495
1112341,1373646,0.026315789
1112341,2616109,0.026315789
1112341,1267520,0.026041667
1112341,400582,0.025974026
1112341,848961,0.025641026
1112341,8802641,0.025316456
1112341,1373648,0
1112341,1675296,0
1112341,1288918,0
1112341,1045315,0
1112341,3291151,0
1112341,8223035,0
1112341,4977768,0
1112341,6102033,0
1112341,7747884,0
1112341,2390522,0
1112341,2596432,0
1112341,1288917,0
1112341,883227,0
1112341,6947373,0
1112341,4538538,0
1112341,6416487,0
1112341,1052666,0
1112341,5729974,0
1112341,805834,0
1112341,8316213,0
1112341,400581,0
1112341,733687,0
1112341,4595994,0
1112341,5029428,0
1112341,8609536,0
1112341,1227036,0
1112341,4621549,0
1112341,3669682,0
1112341,5204825,0
1112341,6167355,0
1112341,508024,0
1112341,439512,0
1063750,3327051,2.166666667
1063750,7952971,2
1063750,4337527,2
1063750,4337526,2
1063750,2230090,2
1063750,3610446,2
1063750,2391457,2
1063750,4788295,1.578947368
1063750,5442717,1.529411765
1063750,4823168,1.467532468
1063750,7778351,1.233766234
1063750,5236487,1
1063750,3633193,1
1063750,3633196,1
1063750,7412330,1
1063750,5659951,1
1063750,5061526,0.875
1063750,3765643,0.775
1063750,2489562,0.604166667
1063750,4788299,0.53164557
1063750,4330928,0.486486486
1063750,2197526,0.4375
1063750,6312813,0.416666667
1063750,4788297,0.388888889
1063750,4823169,0.387096774
1063750,8689799,0.384615385
1063750,6093907,0.357142857
1063750,6093904,0.341176471
1063750,7242446,0.321428571
1063750,4895432,0.304878049
1063750,7466281,0.293398533
1063750,8093226,0.222222222
1063750,6666451,0.16091954
1063750,1506582,0.16091954
1063750,3388270,0.151898734
1063750,3057055,0.151515152
1063750,4788296,0.139534884
1063750,6407369,0.136986301
1063750,7937217,0.136363636
1063750,7783007,0.11627907
1063750,3805477,0.091743119
1063750,6796349,0.051282051
1063750,4349323,0.034482759
1063750,4164404,0
1063750,2997653,0
1063750,2868845,0
1063750,6436703,0
1063750,2516,0
1063750,4096516,0
1063750,7412324,0
1063750,4164408,0
1063750,6992949,0
1063750,4329899,0
1063750,8689678,0
1063750,2981566,0
1063750,5256198,0
1063750,8093228,0
1063750,5539843,0
1063750,8378776,0
1063750,3959834,0
1063750,1449750,0
1063750,7614194,0
1063750,7244922,0
1063750,7494554,0
1063750,8809842,0
1063750,5971113,0
1063750,7493867,0
1063750,292720,0
1063750,2737817,0
1063750,3419021,0
1063750,6796352,0
1063750,8182566,0
1063750,292715,0
1063750,5511493,0
1063750,2531262,0
1063750,2992036,0
1063750,4318010,0
1063750,5057642,0
1063750,7881253,0
1063750,7778348,0
1063750,5307035,0
1063750,3419024,0
1063750,4035182,0
1063750,5937604,0
1063750,2741096,0
1063750,7215631,0
1063750,4844353,0
1063750,3985729,0
1063750,8778700,0
1063750,7230839,0
1063750,8809837,0
1063750,621072,0
1063750,7466280,0
1063750,8354852,0
1063750,4414266,0
1063750,1747827,0
1063750,8670789,0
1063750,1126299,0
1063750,5123011,0
1063750,2881841,0
405717,4828118,2.595744681
405717,4704978,2.412371134
405717,5079482,2.210526316
405717,7170630,2.210526316
405717,2702423,2.2
405717,3986308,2.193548387
405717,8433858,2
405717,2702419,2
405717,6654655,2
405717,8433854,2
405717,3033900,2
405717,2747484,2
405717,7447941,2
405717,7896211,2
405717,7170626,2
405717,5638740,2
405717,7896212,2
405717,702386,2
405717,8433852,2
405717,2747489,2
405717,2747492,2
405717,7288996,2
405717,2365661,2
405717,4704975,2
405717,8156519,2
405717,2365659,2
405717,3986303,2
405717,3986305,2
405717,758581,2
405717,3986309,2
405717,2642838,2
405717,7728831,2
405717,3514259,2
405717,7589975,2
405717,3986307,2
405717,3274915,2
405717,3274918,2
405717,2879960,2
405717,2768521,2
405717,1589738,2
405717,6419725,2
405717,5857562,2
405717,2365665,2
405717,4406585,2
405717,273851,2
405717,28372,2
405717,4432155,2
405717,7458371,1.882075472
405717,1619423,1.860465116
405717,702383,1.857142857
405717,931517,1.83908046
405717,5690234,1.83908046
405717,576346,1.833333333
405717,2747488,1.818181818
405717,4489666,1.811111111
405717,2747485,1.808988764
405717,7170625,1.808988764
405717,2365663,1.802197802
405717,2747491,1.802197802
405717,7170624,1.679012346
405717,758585,1.675
405717,5690237,1.666666667
405717,3803378,1.632183908
405717,2365660,1.611111111
405717,758586,1.608695652
405717,8610271,1.480519481
405717,5690233,1.479452055
405717,505912,1.473684211
405717,5668741,1.455696203
405717,758582,1.453488372
405717,4776928,1.418604651
405717,7965240,1.404494382
405717,4987955,1.310344828
405717,7170629,1.25
405717,2413458,1.226666667
405717,2747486,1.219512195
405717,7447942,1.202531646
405717,2125641,1.191489362
405717,1849743,1
405717,4489661,1
405717,234955,1
405717,846414,1
405717,6741362,1
405717,7447943,1
405717,4704973,1
405717,5274649,1
405717,4711654,1
405717,8433856,1
405717,2413461,1
405717,7201361,1
405717,2365662,0.782608696
405717,4776926,0.71875
405717,4326699,0.590909091
405717,3033904,0.485714286
405717,5079486,0.333333333
405717,2616168,0.333333333
405717,4577231,0.27027027
405717,6786304,0.157303371
405717,28368,0.144578313
405717,6442862,0.116550117
1103812,8220089,2.4
1103812,8220085,2
1103812,4401695,2
1103812,3843263,2
1103812,3843267,2
1103812,6289840,2
1103812,8220086,2
1103812,2750961,2
1103812,2332189,2
1103812,8220088,2
1103812,4292848,2
1103812,8220087,2
1103812,1059165,2
1103812,1583317,2
1103812,3843271,1.857142857
1103812,2945096,1.837209302
1103812,8293805,1.791208791
1103812,7507311,1.787878788
1103812,1659852,1.6
1103812,8224183,1.569892473
1103812,8220080,1.444444444
1103812,1527127,1.444444444
1103812,3486832,1
1103812,8062134,1
1103812,3297503,1
1103812,3936549,0.649122807
1103812,8224181,0.53164557
1103812,1659850,0.378947368
1103812,2379409,0.344827586
1103812,1059168,0.306603774
1103812,2746387,0.257069409
1103812,3672742,0.138248848
1103812,6054716,0.119047619
1103812,7285933,0.117647059
1103812,7076088,0.116550117
1103812,4824834,0.11627907
1103812,4059416,0.095238095
1103812,3672744,0.093457944
1103812,2859495,0.066889632
1103812,2878679,0.060532688
1103812,7242599,0.052631579
1103812,3684042,0.051282051
1103812,2967948,0.038071066
1103812,2379408,0.027027027
1103812,2641953,0.027027027
1103812,6927987,0.025380711
1103812,6103245,0.025380711
1103812,4331707,0.025380711
1103812,4455026,0
1103812,4824831,0
1103812,3591094,0
1103812,5190505,0
1103812,5974245,0
1103812,3543021,0
1103812,7206366,0
1103812,5372067,0
1103812,3936550,0
1103812,4191304,0
1103812,1736597,0
1103812,239599,0
1103812,3684048,0
1103812,864598,0
1103812,5201198,0
1103812,2379406,0
1103812,6927984,0
1103812,59539,0
1103812,2666747,0
1103812,2641960,0
1103812,3978768,0
1103812,5564936,0
1103812,1783582,0
1103812,8097008,0
1103812,4434352,0
1103812,8792133,0
1103812,2715494,0
1103812,1785498,0
1103812,2250580,0
1103812,1783588,0
1103812,5974240,0
1103812,3425644,0
1103812,2489484,0
1103812,1241994,0
1103812,8435739,0
1103812,4905647,0
1103812,5000627,0
1103812,5201200,0
1103812,8237381,0
1103812,4954261,0
1103812,4726841,0
1103812,6790264,0
1103812,2972402,0
1103812,4905650,0
1103812,6619493,0
1103812,7551186,0
1103812,4954262,0
1103812,5581284,0
1103812,5976809,0
1103812,4567920,0
1103812,955560,0
1103812,4645341,0
1106007,7685384,2.804347826
1106007,765663,2.612903226
1106007,548434,2.6
1106007,2960563,2.416666667
1106007,7685383,2.411157025
1106007,1334336,2.402061856
1106007,1334328,2.210526316
1106007,8199521,2.210526316
1106007,8204457,2.193548387
1106007,1334335,2
1106007,7509690,2
1106007,8204463,2
1106007,4173709,2
1106007,2384069,2
1106007,3537614,2
1106007,8802281,2
1106007,6126197,2
1106007,4120343,2
1106007,2960561,2
1106007,6209484,2
1106007,2777113,2
1106007,5952125,2
1106007,2621974,2
1106007,5971071,2
1106007,5974974,2
1106007,2866628,2
1106007,3390428,2
1106007,2621981,2
1106007,4753818,2
1106007,2143420,1.857142857
1106007,3745155,1.850574713
1106007,5813635,1.848837209
1106007,7022723,1.829545455
1106007,6147546,1.825581395
1106007,4001949,1.804347826
1106007,4953437,1.802197802
1106007,4255223,1.670731707
1106007,2798884,1.617021277
1106007,3260376,1.612903226
1106007,6126194,1.6
1106007,5993697,1.45
1106007,2513610,1.420454545
1106007,6255354,1.404494382
1106007,8204464,1.322033898
1106007,4089153,1.321428571
1106007,8204461,1.271428571
1106007,4004166,1.227848101
1106007,2294712,1.195652174
1106007,5228016,1.03125
1106007,1530299,1
1106007,7045935,1
1106007,920778,1
1106007,2602354,1
1106007,2602346,1
1106007,8811080,1
1106007,8203964,1
1106007,3137010,1
1106007,2777112,1
1106007,5228015,1
1106007,13564,1
1106007,2677529,0.989847716
1106007,7638720,0.950704225
1106007,2143418,0.769230769
1106007,4359726,0.76
1106007,8521958,0.732394366
1106007,6942456,0.699088146
1106007,5174765,0.691318328
1106007,6492973,0.64
1106007,8214505,0.536585366
1106007,7456197,0.519480519
1106007,8649212,0.476923077
1106007,5913574,0.441176471
1106007,8141088,0.4375
1106007,8811073,0.4375
1106007,4606749,0.430769231
1106007,5836920,0.408602151
1106007,814414,0.366666667
1106007,8204460,0.350877193
1106007,2513608,0.296296296
1106007,2464377,0.263157895
1106007,5279699,0.236111111
1106007,2704004,0.184782609
1106007,8141089,0.179775281
1106007,3174638,0.172413793
1106007,7638713,0.168539326
1106007,4000699,0.12195122
1106007,3427763,0.049627792
1106007,2165342,0.025839793
1106007,3263361,0.025706941
1106007,7726655,0
1106007,1343769,0
1106007,8348781,0
1106007,1918089,0
1106007,7638716,0
1106007,2623990,0
1106007,5913575,0
1106007,2464378,0
1106007,4747656,0
1106007,13561,0
1106007,4753821,0