query_id,relevance_docid,confidence,score
264014,4125993,98,2
264014,6641238,95,2
264014,4834547,95,2
264014,3666584,95,2
264014,5635519,95,2
264014,7326934,95,2
264014,6333841,95,2
264014,528372,95,2
264014,4647186,95,2
264014,96851,95,2
264014,684616,95,2
264014,96857,95,2
264014,4239616,95,2
264014,96859,95,2
264014,5950722,95,2
264014,3120993,95,2
264014,1610713,95,2
264014,5063309,95,2
264014,6105566,95,2
264014,5950719,95,2
264014,4834545,95,2
264014,1163962,95,2
264014,331935,95,2
264014,5611210,90,2
264014,5635521,90,2
264014,96852,90,2
264014,96854,90,2
264014,1610714,90,2
264014,3666583,90,2
264014,2223171,90,2
264014,6501719,90,2
264014,5328095,90,2
264014,3577342,90,2
264014,1804644,90,2
264014,5849270,90,2
264014,6337909,90,2
264014,3764482,90,2
264014,447992,90,2
264014,6555322,90,2
264014,6105572,90,2
264014,2420367,90,2
264014,3683674,90,2
264014,1313260,90,2
264014,4687213,90,2
264014,1610710,90,2
264014,684618,90,2
264014,1610711,90,2
264014,1610706,90,2
264014,5950724,90,2
264014,7196300,90,2
264014,5104401,90,2
264014,3215992,90,2
264014,3780879,90,2
264014,276903,90,2
264014,96855,85,2
264014,2688537,85,2
264014,3338827,85,2
264014,8502491,85,2
264014,5896177,85,2
264014,331933,85,2
264014,5950723,80,2
264014,4021598,80,2
264014,3720137,80,2
264014,5950725,80,2
264014,2991665,80,2
264014,3577344,60,2
264014,1610709,85,1
264014,8008355,85,1
264014,3338823,85,1
264014,1610708,80,1
264014,4615176,80,1
264014,340485,75,1
264014,8193533,75,1
264014,2474341,70,1
264014,1610712,70,1
264014,2572557,70,1
264014,3585842,70,1
264014,5583426,70,1
264014,3201487,70,1
264014,7317297,70,1
264014,8531389,70,1
264014,340490,70,1
264014,1697966,65,1
264014,4125994,65,1
264014,528379,60,1
264014,5386314,60,1
264014,8623794,60,1
264014,8531391,55,1
264014,5386309,50,1
264014,5587285,50,1
264014,5063302,50,1
264014,4018139,50,1
264014,2498165,40,1
264014,473960,30,1
264014,4018134,20,1
264014,2438164,100,0
264014,8310921,95,0
264014,4425760,90,0
264014,96856,0,0
264014,1444280,0,0
104861,314919,0,3
104861,6351571,95,2
104861,459675,95,2
104861,5864693,95,2
104861,1304632,95,2
104861,3925933,95,2
104861,1948963,95,2
104861,5248341,95,2
104861,629274,95,2
104861,5688420,95,2
104861,5836442,95,2
104861,7506028,95,2
104861,5667474,95,2
104861,459676,90,2
104861,5703401,90,2
104861,8495099,90,2
104861,5703400,90,2
104861,7204477,90,2
104861,8259116,90,2
104861,5248340,90,2
104861,2600385,90,2
104861,5150431,90,2
104861,8516149,90,2
104861,7506026,90,2
104861,8546159,90,2
104861,629278,90,2
104861,5688416,90,2
104861,715676,90,2
104861,6187055,90,2
104861,5688417,90,2
104861,1313687,90,2
104861,2377050,90,2
104861,2158194,90,2
104861,2916636,90,2
104861,4019224,90,2
104861,1017092,85,2
104861,6585554,85,2
104861,146170,85,2
104861,1046334,85,2
104861,1424216,85,2
104861,2958127,85,2
104861,8546162,80,2
104861,5801822,80,2
104861,5379458,80,2
104861,5150438,80,2
104861,2958133,80,2
104861,125332,80,2
104861,3915516,85,1
104861,6200735,80,1
104861,409268,75,1
104861,6241793,75,1
104861,6566321,75,1
104861,7462393,75,1
104861,6658615,70,1
104861,1811410,70,1
104861,4717134,70,1
104861,7666364,70,1
104861,6156641,70,1
104861,8141081,65,1
104861,6653676,65,1
104861,6436838,60,1
104861,6200737,60,1
104861,8260037,60,1
104861,1995989,55,1
104861,4197096,55,1
104861,5688415,50,1
104861,8260035,50,1
104861,5073463,50,1
104861,5670527,50,1
104861,1313691,50,1
104861,6788423,50,1
104861,7186729,50,1
104861,8138536,50,1
104861,6391586,50,1
104861,672931,50,1
104861,5864689,40,1
104861,146178,40,1
104861,2958131,40,1
104861,1365744,20,1
104861,3928196,20,1
104861,6202527,20,1
104861,5110656,20,1
104861,1017085,10,1
104861,6056677,0,1
104861,8546679,100,0
104861,8400531,99,0
104861,5778133,95,0
104861,5101716,95,0
104861,7817767,94,0
104861,5598961,90,0
104861,4930174,90,0
104861,5607729,90,0
104861,6518057,80,0
104861,4563275,80,0
104861,8131235,80,0
104861,5405670,60,0
104861,2471336,50,0
104861,4961345,10,0
104861,6704672,0,0
104861,4350441,0,0
130510,8612910,95,3
130510,4022904,95,3
130510,2881563,90,3
130510,8612906,95,2
130510,1494936,95,2
130510,8612909,95,2
130510,1494930,95,2
130510,4022909,95,2
130510,3163980,95,2
130510,6815300,95,2
130510,2862518,95,2
130510,7479905,95,2
130510,799647,90,2
130510,8612903,90,2
130510,1494938,90,2
130510,7501563,90,2
130510,8612904,90,2
130510,8612902,90,2
130510,7125239,90,2
130510,7501557,90,2
130510,1494939,90,2
130510,7203252,90,2
130510,2862522,90,2
130510,7501558,90,2
130510,5685711,90,2
130510,5685710,90,2
130510,6881820,90,2
130510,4022905,90,2
130510,2490145,90,2
130510,2589317,90,2
130510,7464751,90,2
130510,2346969,90,2
130510,3923091,90,2
130510,1481524,90,2
130510,8514425,85,2
130510,5685708,85,2
130510,440983,80,2
130510,1494932,85,1
130510,5685706,85,1
130510,566525,85,1
130510,996732,80,1
130510,6486232,80,1
130510,2174992,80,1
130510,1159414,80,1
130510,5930018,75,1
130510,3913778,75,1
130510,6542823,75,1
130510,1494933,70,1
130510,2862515,70,1
130510,4022902,70,1
130510,2407055,70,1
130510,1881840,70,1
130510,6621100,65,1
130510,996740,60,1
130510,2079377,60,1
130510,6881821,60,1
130510,5930011,60,1
130510,6172269,60,1
130510,3995677,50,1
130510,6035035,50,1
130510,4089773,50,1
130510,1799013,50,1
130510,7001677,40,1
130510,7603931,25,1
130510,2589323,20,1
130510,1110766,100,0
130510,5930010,100,0
130510,2961568,100,0
130510,7777480,100,0
130510,5930015,100,0
130510,1494937,99,0
130510,1047769,99,0
130510,2490150,99,0
130510,7792405,99,0
130510,6881818,95,0
130510,5415276,95,0
130510,7298862,95,0
130510,5930013,95,0
130510,7001679,95,0
130510,348429,95,0
130510,4189500,90,0
130510,2079375,90,0
130510,8095118,90,0
130510,5685704,90,0
130510,4528805,90,0
130510,7997887,90,0
130510,6542827,90,0
130510,815703,90,0
130510,2420310,90,0
130510,6763277,85,0
130510,7708723,85,0
130510,8612905,85,0
130510,6183638,80,0
130510,7696346,80,0
130510,7529548,80,0
130510,1494931,75,0
130510,4528808,70,0
130510,1494935,50,0
130510,5791683,0,0
130510,7777478,0,0
1114819,6900774,100,3
1114819,752644,100,3
1114819,344350,99,3
1114819,1738242,99,3
1114819,8022280,95,3
1114819,5628952,95,3
1114819,7803429,95,3
1114819,988369,90,3
1114819,5521373,0,3
1114819,1724528,99,2
1114819,1724520,95,2
1114819,3781418,95,2
1114819,988373,95,2
1114819,8115440,95,2
1114819,1419798,95,2
1114819,785028,95,2
1114819,6900773,95,2
1114819,6900767,95,2
1114819,8508255,95,2
1114819,1315993,95,2
1114819,5165249,95,2
1114819,8336232,95,2
1114819,1851540,95,2
1114819,8115435,95,2
1114819,8115439,95,2
1114819,694735,95,2
1114819,1852066,95,2
1114819,1315994,95,2
1114819,3906954,95,2
1114819,8115703,95,2
1114819,2926432,95,2
1114819,5156171,95,2
1114819,255279,95,2
1114819,6951105,95,2
1114819,6941478,90,2
1114819,785027,90,2
1114819,4890560,90,2
1114819,1315998,90,2
1114819,8754397,90,2
1114819,8754398,90,2
1114819,1419801,90,2
1114819,8115434,90,2
1114819,2590453,90,2
1114819,8754403,90,2
1114819,8096824,90,2
1114819,5019832,90,2
1114819,8579830,90,2
1114819,6900769,90,2
1114819,8625086,90,2
1114819,988378,90,2
1114819,7156443,90,2
1114819,988370,90,2
1114819,3781419,90,2
1114819,8115706,90,2
1114819,7786792,90,2
1114819,862869,90,2
1114819,8579832,90,2
1114819,2590455,90,2
1114819,5342188,90,2
1114819,1625836,90,2
1114819,1002627,90,2
1114819,812436,90,2
1114819,3144706,90,2
1114819,6202321,90,2
1114819,5363582,90,2
1114819,8024894,90,2
1114819,5703157,90,2
1114819,5718417,85,2
1114819,3906952,85,2
1114819,1735443,85,2
1114819,1009500,80,2
1114819,8088109,80,2
1114819,988375,90,1
1114819,783080,80,1
1114819,8088111,75,1
1114819,8022281,75,1
1114819,4064011,75,1
1114819,1724523,70,1
1114819,8754404,70,1
1114819,2192058,70,1
1114819,8480574,60,1
1114819,7132894,60,1
1114819,1315997,60,1
1114819,750446,60,1
1114819,8754400,60,1
1114819,2831393,55,1
1114819,8754399,50,1
1114819,771719,50,1
1114819,6578914,50,1
1114819,8336223,40,1
1114819,126884,40,1
1114819,5019830,100,0
1114819,8022279,99,0
1114819,8336231,99,0
1114819,3353671,95,0
1114819,8321012,90,0
1114819,8022277,90,0
1114819,461344,70,0
1114819,1816958,50,0
1114819,8754395,0,0
1110199,4511137,95,2
1110199,1901881,95,2
1110199,7821191,95,2
1110199,1197690,95,2
1110199,7174098,95,2
1110199,6923057,95,2
1110199,8160520,90,2
1110199,4511144,90,2
1110199,557605,90,2
1110199,8160519,90,2
1110199,3342396,90,2
1110199,3609843,90,2
1110199,2796825,90,2
1110199,5857921,90,2
1110199,6923050,90,2
1110199,1426939,90,2
1110199,3107787,90,2
1110199,2594143,90,2
1110199,2796830,85,2
1110199,4489656,85,2
1110199,5600214,85,2
1110199,637099,85,2
1110199,735472,85,2
1110199,5172684,80,2
1110199,357932,80,2
1110199,557603,65,2
1110199,425993,85,1
1110199,5218014,80,1
1110199,879021,80,1
1110199,3934419,80,1
1110199,7369955,80,1
1110199,558317,80,1
1110199,2080928,80,1
1110199,6430361,80,1
1110199,5172688,80,1
1110199,8160524,80,1
1110199,4438812,80,1
1110199,5355385,80,1
1110199,6645893,80,1
1110199,6509853,80,1
1110199,3588619,80,1
1110199,3647394,80,1
1110199,3838645,75,1
1110199,8301971,75,1
1110199,398442,75,1
1110199,5716613,75,1
1110199,2713574,75,1
1110199,3684454,70,1
1110199,507878,70,1
1110199,4438807,70,1
1110199,8301973,70,1
1110199,2218462,65,1
1110199,5049366,65,1
1110199,1411495,65,1
1110199,7628031,65,1
1110199,4949578,60,1
1110199,1795043,60,1
1110199,6430362,60,1
1110199,554522,60,1
1110199,554529,60,1
1110199,8113522,60,1
1110199,554521,50,1
1110199,5846443,50,1
1110199,8160523,50,1
1110199,7680811,50,1
1110199,6161016,50,1
1110199,2925378,50,1
1110199,2312587,50,1
1110199,8267435,50,1
1110199,3588624,40,1
1110199,2279578,25,1
1110199,879019,15,1
1110199,2777133,10,1
1110199,2777132,10,1
1110199,5007789,10,1
1110199,6475269,100,0
1110199,2811563,99,0
1110199,4680533,99,0
1110199,4411531,99,0
1110199,5719120,99,0
1110199,5555051,99,0
1110199,3817715,98,0
1110199,6392463,95,0
1110199,7267932,95,0
1110199,3447960,95,0
1110199,6392469,95,0
1110199,2612594,95,0
1110199,5279606,95,0
1110199,3270581,95,0
1110199,6822586,95,0
1110199,3722531,94,0
1110199,167604,90,0
1110199,4750530,90,0
1110199,1957395,90,0
1110199,4082283,90,0
1110199,6503962,90,0
1110199,507875,85,0
1110199,8160527,80,0
1110199,6161010,80,0
1110199,5326655,0,0
1129237,7911557,100,3
1129237,3905057,100,3
1129237,3905802,100,3
1129237,998751,95,3
1129237,128984,90,3
1129237,2697752,90,3
1129237,2697746,95,2
1129237,3683096,95,2
1129237,5906130,95,2
1129237,6343521,95,2
1129237,4773351,95,2
1129237,6343520,95,2
1129237,7688471,95,2
1129237,5122274,95,2
1129237,1779229,95,2
1129237,8588219,90,2
1129237,4233383,90,2
1129237,8588222,90,2
1129237,8588227,90,2
1129237,6080460,90,2
1129237,3858675,90,2
1129237,3097761,90,2
1129237,8682824,90,2
1129237,5831781,90,2
1129237,3153068,90,2
1129237,4233385,90,2
1129237,806652,90,2
1129237,7874566,80,2
1129237,392579,80,2
1129237,6868144,90,1
1129237,7688465,80,1
1129237,3993743,80,1
1129237,3409660,75,1
1129237,6194648,75,1
1129237,8712732,75,1
1129237,1770027,60,1
1129237,1721142,60,1
1129237,262492,60,1
1129237,3649330,60,1
1129237,2955239,60,1
1129237,461837,60,1
1129237,3641168,60,1
1129237,3905806,55,1
1129237,4779185,50,1
1129237,7350325,50,1
1129237,5094333,50,1
1129237,6325273,50,1
1129237,3279719,45,1
1129237,3832058,40,1
1129237,2015118,30,1
1129237,4367170,25,1
1129237,305088,20,1
1129237,4066969,20,1
1129237,3826659,10,1
1129237,6225977,10,1
1129237,3858678,10,1
1129237,5916672,10,1
1129237,6166230,0,1
1129237,2351491,100,0
1129237,8357400,100,0
1129237,4425405,100,0
1129237,2777625,100,0
1129237,4003056,100,0
1129237,7769727,99,0
1129237,1526193,99,0
1129237,6884449,99,0
1129237,3826653,99,0
1129237,6585295,99,0
1129237,302210,95,0
1129237,8588226,95,0
1129237,8150178,95,0
1129237,4915547,95,0
1129237,2971620,95,0
1129237,2976015,95,0
1129237,3588803,95,0
1129237,8633911,95,0
1129237,4162487,95,0
1129237,2188742,95,0
1129237,3826656,95,0
1129237,818342,95,0
1129237,6386977,90,0
1129237,2971621,90,0
1129237,6194643,90,0
1129237,2364443,90,0
1129237,1959030,90,0
1129237,3826651,90,0
1129237,461835,90,0
1129237,2777623,90,0
1129237,2384636,90,0
1129237,4723973,90,0
1129237,2176863,85,0
1129237,3588805,85,0
1129237,3832685,80,0
1129237,4328625,80,0
1129237,7769728,80,0
1129237,1325030,50,0
1129237,6705270,50,0
1129237,1421371,0,0
1129237,162127,0,0
1129237,8588223,0,0
573724,1509942,100,3
573724,1509940,95,3
573724,394138,95,3
573724,5339620,95,2
573724,3365633,95,2
573724,3365636,95,2
573724,3365638,95,2
573724,1165129,95,2
573724,5047796,95,2
573724,1816038,95,2
573724,8441642,95,2
573724,7674858,95,2
573724,7199675,95,2
573724,8444730,95,2
573724,8047166,95,2
573724,7609926,95,2
573724,3365635,95,2
573724,3146240,95,2
573724,1509937,95,2
573724,1509944,95,2
573724,5306910,95,2
573724,4360246,95,2
573724,1113579,95,2
573724,4017883,90,2
573724,394139,90,2
573724,7199669,90,2
573724,394136,90,2
573724,87405,90,2
573724,3146238,90,2
573724,7609927,90,2
573724,5310530,90,2
573724,7104826,90,2
573724,7384332,90,2
573724,7609928,90,2
573724,8833192,90,2
573724,7199674,90,2
573724,2417985,90,2
573724,7104825,90,2
573724,7199673,90,2
573724,1293333,90,2
573724,7609930,90,2
573724,5384308,90,2
573724,3146236,90,2
573724,3365640,90,2
573724,3365632,90,2
573724,1165128,90,2
573724,5962426,90,2
573724,5962428,90,2
573724,2186124,90,2
573724,5185671,90,2
573724,5962423,90,2
573724,7609932,90,2
573724,3365639,90,2
573724,5962419,90,2
573724,5721833,90,2
573724,8444727,90,2
573724,3365631,85,2
573724,7199672,85,2
573724,7199667,85,2
573724,41433,85,2
573724,2133806,85,2
573724,3617636,85,2
573724,2021252,85,2
573724,5185664,85,2
573724,7134411,85,2
573724,2002445,85,2
573724,394142,80,2
573724,8833199,90,1
573724,3546092,90,1
573724,1509939,80,1
573724,2910045,80,1
573724,2002448,75,1
573724,7275118,75,1
573724,5962424,75,1
573724,8436350,75,1
573724,8492171,70,1
573724,141998,70,1
573724,7609933,50,1
573724,7609929,30,1
573724,1183181,30,1
573724,148753,25,1
573724,6462957,20,1
573724,4457787,15,1
573724,1817741,10,1
573724,1183178,10,1
573724,2084571,10,1
573724,1033756,99,0
573724,148751,99,0
573724,8450864,99,0
573724,1376204,95,0
573724,6911370,90,0
573724,3644944,90,0
573724,525215,90,0
573724,1376205,80,0
573724,6121093,10,0
573724,8404002,10,0
573724,7384325,0,0
573724,87409,0,0
573724,4966874,0,0
573724,8540429,0,0
1121709,1760876,0,3
1121709,8049578,95,2
1121709,3423062,90,2
1121709,8049577,90,2
1121709,3709758,75,1
1121709,8327576,75,1
1121709,3875032,70,1
1121709,1112487,70,1
1121709,6054702,70,1
1121709,6076433,50,1
1121709,731070,50,1
1121709,1937668,50,1
1121709,4707664,15,1
1121709,7586674,15,1
1121709,6694095,10,1
1121709,7229531,10,1
1121709,7841119,10,1
1121709,2440458,10,1
1121709,3552218,0,1
1121709,1698341,0,1
1121709,4038354,100,0
1121709,4769720,100,0
1121709,1114393,100,0
1121709,5879625,100,0
1121709,2432508,100,0
1121709,16845,99,0
1121709,4644464,99,0
1121709,88402,99,0
1121709,812328,99,0
1121709,6657504,99,0
1121709,3221617,99,0
1121709,306414,99,0
1121709,5530626,99,0
1121709,5209523,99,0
1121709,419129,99,0
1121709,747368,99,0
1121709,7849690,99,0
1121709,2964602,99,0
1121709,1169279,99,0
1121709,4580131,99,0
1121709,8283424,99,0
1121709,291564,99,0
1121709,6212343,99,0
1121709,7565881,99,0
1121709,3869997,99,0
1121709,950984,99,0
1121709,4861638,99,0
1121709,2317095,99,0
1121709,862855,99,0
1121709,6630430,98,0
1121709,1729290,98,0
1121709,7434522,98,0
1121709,6690192,98,0
1121709,3098031,97,0
1121709,2517708,95,0
1121709,3055199,95,0
1121709,6007524,95,0
1121709,5264299,95,0
1121709,7591000,95,0
1121709,4836900,95,0
1121709,2879470,95,0
1121709,3709755,95,0
1121709,7591002,95,0
1121709,5915729,95,0
1121709,3552222,95,0
1121709,1643334,95,0
1121709,1243178,95,0
1121709,4575770,95,0
1121709,3064096,95,0
1121709,4580133,92,0
1121709,669004,90,0
1121709,8500135,90,0
1121709,3030903,90,0
1121709,7499157,90,0
1121709,4896238,90,0
1121709,6886933,90,0
1121709,8049580,90,0
1121709,51033,90,0
1121709,1392360,90,0
1121709,1077530,90,0
1121709,8492081,90,0
1121709,7370525,90,0
1121709,5177794,90,0
1121709,2874652,90,0
1121709,2851223,90,0
1121709,3386509,90,0
1121709,7744250,90,0
1121709,3545984,90,0
1121709,8643664,90,0
1121709,701349,88,0
1121709,3742654,80,0
1121709,2615981,80,0
1121709,5346546,80,0
1121709,3381112,80,0
1121709,1736566,80,0
1121709,7209949,50,0
1121709,2302396,1,0
1121709,3446958,0,0
1121709,208465,0,0
1121709,1271795,0,0
489204,1310107,95,2
489204,5895917,95,2
489204,678245,95,2
489204,7718090,95,2
489204,7734612,95,2
489204,6665319,95,2
489204,3075338,95,2
489204,216492,90,2
489204,7564980,90,2
489204,1950273,90,2
489204,6753503,90,2
489204,8395205,90,2
489204,1410255,90,2
489204,1410249,90,2
489204,1759354,90,2
489204,3075337,85,2
489204,5519177,85,2
489204,6753502,85,2
489204,4430765,85,2
489204,528348,85,2
489204,6237427,85,2
489204,1310101,80,2
489204,6237430,80,2
489204,113238,80,2
489204,6237429,80,2
489204,3778489,80,2
489204,528349,80,2
489204,1418935,80,2
489204,1319513,80,2
489204,1736553,80,2
489204,6397957,80,2
489204,8054792,80,2
489204,5815950,80,2
489204,4917998,75,2
489204,6327182,55,2
489204,1759357,90,1
489204,1051498,85,1
489204,7116533,85,1
489204,7564977,80,1
489204,4088951,80,1
489204,4929952,80,1
489204,3980122,75,1
489204,7432758,75,1
489204,3980126,75,1
489204,3608627,75,1
489204,1276947,75,1
489204,1070807,75,1
489204,216490,75,1
489204,1950269,70,1
489204,1310108,70,1
489204,973923,70,1
489204,4387756,70,1
489204,8376910,70,1
489204,66437,70,1
489204,6327179,70,1
489204,4917999,70,1
489204,855967,70,1
489204,8420374,70,1
489204,7113153,65,1
489204,1310106,65,1
489204,2053095,65,1
489204,4029846,65,1
489204,1479542,64,1
489204,8737051,60,1
489204,3049941,60,1
489204,2268657,60,1
489204,1538587,60,1
489204,8737053,60,1
489204,7660249,60,1
489204,5629373,60,1
489204,2959687,60,1
489204,8376906,60,1
489204,6327178,60,1
489204,1759360,60,1
489204,4279451,60,1
489204,465742,60,1
489204,6301568,60,1
489204,5815958,60,1
489204,2016623,60,1
489204,2163701,55,1
489204,1418931,55,1
489204,114148,50,1
489204,1310103,50,1
489204,2218038,50,1
489204,855969,50,1
489204,3744940,50,1
489204,1778458,40,1
489204,8594276,40,1
489204,1225589,30,1
489204,6661536,20,1
489204,8055356,20,1
489204,5583224,90,0
489204,753265,90,0
489204,4918005,80,0
489204,3012141,75,0
489204,6327176,25,0
489204,4918001,0,0
489204,535375,0,0
489204,6087671,0,0
489204,8083618,0,0
131843,8305158,100,3
131843,985994,95,3
131843,8305153,95,3
131843,8305152,100,2
131843,8305156,95,2
131843,8305154,95,2
131843,985989,95,2
131843,8710814,95,2
131843,3841396,90,2
131843,985991,90,2
131843,14055,90,2
131843,8710812,90,2
131843,8305155,90,2
131843,2041693,90,2
131843,2683747,90,2
131843,985992,90,1
131843,985990,80,1
131843,8102602,70,1
131843,8305151,30,1
131843,6787809,10,1
131843,8710813,100,0
131843,6249757,100,0
131843,1267422,100,0
131843,2669218,100,0
131843,3930069,100,0
131843,4099926,100,0
131843,6248852,100,0
131843,68421,100,0
131843,1993076,100,0
131843,3884882,100,0
131843,7078434,99,0
131843,8318153,99,0
131843,8519713,99,0
131843,7066446,99,0
131843,5000167,99,0
131843,8780616,99,0
131843,8146334,99,0
131843,6718494,99,0
131843,7208948,99,0
131843,7073518,99,0
131843,8685913,99,0
131843,8024309,99,0
131843,3761239,99,0
131843,5038538,98,0
131843,1073193,98,0
131843,8530759,97,0
131843,7707868,95,0
131843,985988,95,0
131843,4254836,95,0
131843,3400903,95,0
131843,3400902,95,0
131843,3884881,95,0
131843,4682759,95,0
131843,6604053,95,0
131843,8117361,95,0
131843,1965924,95,0
131843,6959233,95,0
131843,491120,95,0
131843,542347,95,0
131843,6820615,95,0
131843,208011,95,0
131843,8090240,95,0
131843,8191894,95,0
131843,278279,95,0
131843,7073516,95,0
131843,68427,95,0
131843,7082304,95,0
131843,6187402,95,0
131843,5125375,95,0
131843,1907695,95,0
131843,8589858,95,0
131843,7091663,95,0
131843,8710810,90,0
131843,8085708,90,0
131843,97739,90,0
131843,1941266,90,0
131843,3299960,90,0
131843,7451207,90,0
131843,7451206,90,0
131843,6782345,90,0
131843,7678189,90,0
131843,3919317,90,0
131843,5056232,90,0
131843,4013724,90,0
131843,5858902,90,0
131843,7078432,90,0
131843,2495625,90,0
131843,7589014,90,0
131843,2896791,90,0
131843,6187399,90,0
131843,985995,85,0
131843,8073461,85,0
131843,788586,80,0
131843,1959309,75,0
131843,4911365,0,0
131843,3844836,0,0
131843,4931453,0,0
131843,373498,0,0
131843,2333348,0,0
131843,5121126,0,0
207786,7941579,100,3
207786,8273763,98,2
207786,7510472,95,2
207786,7639366,95,2
207786,7599318,95,2
207786,8273758,90,2
207786,8273762,90,2
207786,8273761,90,2
207786,6031630,90,2
207786,8273757,90,2
207786,2763917,85,2
207786,7777867,85,1
207786,8273755,80,1
207786,8273756,80,1
207786,3773663,80,1
207786,1085404,75,1
207786,6060398,70,1
207786,4257473,60,1
207786,4754014,60,1
207786,2315834,50,1
207786,13254,50,1
207786,3506136,50,1
207786,6474686,45,1
207786,1081011,45,1
207786,5321444,45,1
207786,4660023,35,1
207786,6547477,30,1
207786,3522830,30,1
207786,5175113,30,1
207786,3931763,28,1
207786,706234,25,1
207786,403538,25,1
207786,8273754,20,1
207786,13262,20,1
207786,6563690,10,1
207786,5624828,100,0
207786,8622991,100,0
207786,7869794,100,0
207786,1085406,100,0
207786,8265334,100,0
207786,7780967,100,0
207786,655407,100,0
207786,280082,100,0
207786,6226377,100,0
207786,688486,99,0
207786,5624830,99,0
207786,8273760,99,0
207786,2397607,99,0
207786,5624832,99,0
207786,263210,99,0
207786,7449213,99,0
207786,5114969,99,0
207786,4660027,99,0
207786,6226372,99,0
207786,8185064,98,0
207786,4580648,95,0
207786,5624831,95,0
207786,5388266,95,0
207786,6003357,95,0
207786,6003360,95,0
207786,3232784,95,0
207786,3103885,95,0
207786,5170147,95,0
207786,4660028,95,0
207786,5745786,95,0
207786,5624834,95,0
207786,8185061,95,0
207786,1081010,95,0
207786,4674262,95,0
207786,6309217,95,0
207786,5804666,95,0
207786,7449212,95,0
207786,5388259,95,0
207786,2998723,90,0
207786,8273759,90,0
207786,3352521,90,0
207786,4672265,90,0
207786,6736451,90,0
207786,6133373,90,0
207786,4660025,90,0
207786,6309220,90,0
207786,5990374,90,0
207786,3931757,90,0
207786,8185063,90,0
207786,5195205,90,0
207786,2288092,90,0
207786,5624825,90,0
207786,5745781,90,0
207786,5990371,90,0
207786,2322024,90,0
207786,6309223,90,0
207786,5170143,90,0
207786,5365946,85,0
207786,2998726,85,0
207786,8367880,75,0
207786,673361,65,0
207786,1081009,50,0
207786,2288091,5,0
207786,3597549,0,0
207786,197297,0,0
359349,68647,95,2
359349,68648,95,2
359349,943229,95,2
359349,2826510,95,2
359349,576628,95,2
359349,3223831,95,2
359349,3193824,95,2
359349,6108721,95,2
359349,1830517,95,2
359349,457673,95,2
359349,3900185,95,2
359349,68649,90,2
359349,576629,90,2
359349,4020470,90,2
359349,2293820,90,2
359349,3223833,90,2
359349,5615181,80,2
359349,6113314,75,1
359349,5773715,75,1
359349,68650,75,1
359349,4551556,75,1
359349,5773718,70,1
359349,5773719,70,1
359349,5773713,70,1
359349,3176543,65,1
359349,576632,60,1
359349,5773717,60,1
359349,1622457,60,1
359349,3176541,50,1
359349,15803,50,1
359349,5806110,50,1
359349,4474866,50,1
359349,5806106,50,1
359349,6440028,50,1
359349,2826513,50,1
359349,8748954,50,1
359349,5773716,50,1
359349,4020479,40,1
359349,7277971,40,1
359349,15801,40,1
359349,15806,40,1
359349,4881617,40,1
359349,576627,35,1
359349,15807,30,1
359349,15799,20,1
359349,4020471,20,1
359349,5219970,20,1
359349,3176540,20,1
359349,4087265,15,1
359349,3176542,0,1
359349,1622452,0,1
359349,5615187,100,0
359349,8811558,100,0
359349,7857634,100,0
359349,607024,100,0
359349,4463573,100,0
359349,5345720,99,0
359349,5219971,99,0
359349,5219976,99,0
359349,2229870,99,0
359349,7857629,97,0
359349,68653,95,0
359349,576635,95,0
359349,15800,95,0
359349,4020472,95,0
359349,6113313,95,0
359349,15804,95,0
359349,15802,95,0
359349,7857632,95,0
359349,4463574,95,0
359349,4463572,95,0
359349,4344098,95,0
359349,3215625,95,0
359349,7329397,95,0
359349,5322530,95,0
359349,8398223,95,0
359349,2259899,95,0
359349,1622451,95,0
359349,5773714,90,0
359349,3176548,90,0
359349,4013720,90,0
359349,4344100,90,0
359349,5151802,90,0
359349,15805,90,0
359349,8058869,90,0
359349,15808,90,0
359349,4087268,90,0
359349,4344099,90,0
359349,4013719,90,0
359349,4474872,85,0
359349,5322532,85,0
359349,7579885,80,0
359349,2964479,80,0
359349,7857628,60,0
359349,4013724,20,0
359349,4013723,0,0
359349,4020478,0,0
359349,4020476,0,0
359349,4013725,0,0
359349,4551557,0,0
443396,6704846,0,3
443396,8079039,95,2
443396,4774806,95,2
443396,4792650,95,2
443396,5653999,95,2
443396,2143847,95,2
443396,4792655,95,2
443396,4792649,90,2
443396,8171402,90,2
443396,368001,90,2
443396,7422742,90,2
443396,7620276,90,2
443396,5932403,90,2
443396,8536118,80,2
443396,8079046,80,2
443396,4052112,80,2
443396,7617065,80,2
443396,2490482,85,1
443396,8769489,80,1
443396,1465664,75,1
443396,4208445,75,1
443396,6349608,75,1
443396,5053511,70,1
443396,4526744,70,1
443396,844323,60,1
443396,1465667,60,1
443396,8687371,60,1
443396,6397543,60,1
443396,8769481,60,1
443396,8542630,60,1
443396,2038000,50,1
443396,1469068,50,1
443396,6056355,50,1
443396,3703289,50,1
443396,3007982,40,1
443396,8348187,40,1
443396,3438593,20,1
443396,2654920,5,1
443396,8079040,0,1
443396,1587663,100,0
443396,822432,100,0
443396,2654914,100,0
443396,3750163,100,0
443396,3961940,100,0
443396,8699743,100,0
443396,8204431,99,0
443396,2654918,99,0
443396,5468743,99,0
443396,2434039,99,0
443396,3961947,99,0
443396,759261,99,0
443396,6590997,99,0
443396,1091609,99,0
443396,1367154,99,0
443396,8117806,99,0
443396,2349193,99,0
443396,755968,99,0
443396,456710,99,0
443396,6587149,99,0
443396,227255,98,0
443396,8599548,98,0
443396,483935,95,0
443396,3526407,95,0
443396,2144852,95,0
443396,7922077,95,0
443396,2082395,95,0
443396,3861791,95,0
443396,2434043,95,0
443396,2448872,95,0
443396,822437,95,0
443396,3222557,95,0
443396,7730354,95,0
443396,6776524,95,0
443396,8266065,90,0
443396,3008668,90,0
443396,2143845,90,0
443396,5048840,90,0
443396,2188880,90,0
443396,4896251,90,0
443396,789926,90,0
443396,3519033,90,0
443396,2438904,90,0
443396,1211156,90,0
443396,6781701,90,0
443396,5285667,90,0
443396,1367150,90,0
443396,4452727,90,0
443396,1826142,90,0
443396,6568383,90,0
443396,456708,85,0
443396,1367149,85,0
443396,2654922,80,0
443396,339130,80,0
443396,3007987,75,0
443396,3648921,70,0
443396,279294,70,0
443396,3526411,50,0
443396,453706,0,0
443396,7242384,0,0
443396,7242390,0,0
146187,8434623,95,2
146187,6430258,95,2
146187,7093334,95,2
146187,8434619,90,2
146187,8434624,90,2
146187,8434626,90,2
146187,8434618,90,2
146187,4777144,90,2
146187,8434625,90,2
146187,76348,90,2
146187,2226093,90,2
146187,315525,90,2
146187,7956019,90,2
146187,1230566,90,2
146187,5332231,90,2
146187,6430259,90,2
146187,5332230,90,2
146187,76349,90,2
146187,76342,85,2
146187,4216895,80,2
146187,1254157,80,2
146187,8795495,90,1
146187,8664004,85,1
146187,4216902,85,1
146187,2226094,85,1
146187,744165,80,1
146187,8434620,80,1
146187,3963185,80,1
146187,76344,80,1
146187,7405002,80,1
146187,4111407,80,1
146187,7093332,80,1
146187,8042972,75,1
146187,5929430,75,1
146187,1246346,70,1
146187,8795494,70,1
146187,4908916,70,1
146187,1138801,70,1
146187,6015026,70,1
146187,4216897,70,1
146187,4216901,70,1
146187,8042965,70,1
146187,7307399,65,1
146187,7836296,65,1
146187,4921741,60,1
146187,1972078,60,1
146187,5548652,60,1
146187,5954584,60,1
146187,5836454,60,1
146187,7836295,60,1
146187,3963187,55,1
146187,8361902,55,1
146187,3505470,55,1
146187,1043679,55,1
146187,6430260,50,1
146187,5548651,50,1
146187,8481818,50,1
146187,2257806,50,1
146187,7704677,50,1
146187,8795488,50,1
146187,8792967,45,1
146187,6658185,40,1
146187,7096817,40,1
146187,4026486,30,1
146187,5590506,20,1
146187,4921740,20,1
146187,8795491,20,1
146187,8434622,10,1
146187,1028969,10,1
146187,1841192,100,0
146187,8795489,100,0
146187,8042966,100,0
146187,7095976,99,0
146187,3241340,99,0
146187,7096819,99,0
146187,1028971,95,0
146187,3860555,95,0
146187,3531644,95,0
146187,5226113,95,0
146187,4216894,95,0
146187,3878277,95,0
146187,4216899,95,0
146187,2509,95,0
146187,5844996,95,0
146187,744167,90,0
146187,8042971,90,0
146187,6241267,90,0
146187,8042967,90,0
146187,3963189,90,0
146187,1043683,90,0
146187,4825394,90,0
146187,7471713,90,0
146187,5889120,90,0
146187,744168,90,0
146187,8042974,85,0
146187,2087678,80,0
146187,7096823,80,0
146187,2345126,80,0
146187,2040185,60,0
146187,8361899,5,0
148538,8283527,95,3
148538,4185814,0,3
148538,7407803,100,2
148538,4185812,95,2
148538,1985491,95,2
148538,8283532,95,2
148538,985491,95,2
148538,5305311,95,2
148538,3557943,95,2
148538,1384446,95,2
148538,1950983,95,2
148538,3918785,95,2
148538,5077704,95,2
148538,6506241,95,2
148538,6894608,95,2
148538,8283531,95,2
148538,734990,95,2
148538,7318210,95,2
148538,2368187,95,2
148538,5825400,95,2
148538,6438296,95,2
148538,615401,95,2
148538,5679985,95,2
148538,615404,95,2
148538,1671257,95,2
148538,6846343,95,2
148538,190794,95,2
148538,1969519,90,2
148538,1950977,90,2
148538,231455,90,2
148538,1950979,90,2
148538,332401,90,2
148538,615407,90,2
148538,5020788,90,2
148538,231453,90,2
148538,4264129,90,2
148538,4410448,90,2
148538,2915323,90,2
148538,4607267,90,2
148538,2915322,90,2
148538,1963585,90,2
148538,820304,90,2
148538,985492,90,2
148538,2993237,90,2
148538,3446014,90,2
148538,3138645,90,2
148538,1384447,90,2
148538,615406,90,2
148538,5588137,90,2
148538,2368185,90,2
148538,820313,90,2
148538,1311204,90,2
148538,4976407,90,2
148538,4447659,90,2
148538,1985495,90,2
148538,4959634,90,2
148538,1311206,90,2
148538,1950974,85,2
148538,2915327,85,2
148538,5077707,85,2
148538,985488,85,2
148538,1384441,85,2
148538,6006382,85,2
148538,820312,85,2
148538,332400,80,2
148538,7407804,80,2
148538,8080460,75,2
148538,4539657,70,2
148538,3165111,95,1
148538,615405,80,1
148538,2951883,80,1
148538,1950976,75,1
148538,231452,75,1
148538,7529434,75,1
148538,6438297,75,1
148538,985493,70,1
148538,512198,70,1
148538,5592685,70,1
148538,8814767,70,1
148538,1247539,70,1
148538,6567031,70,1
148538,8730430,70,1
148538,7696609,70,1
148538,5843047,60,1
148538,5533652,60,1
148538,436836,60,1
148538,6222119,60,1
148538,8610395,55,1
148538,8181574,50,1
148538,5844625,50,1
148538,5533647,50,1
148538,5693666,50,1
148538,2805681,98,0
148538,6425028,98,0
148538,2419541,98,0
148538,6017980,95,0
148538,5588133,90,0
148538,5809605,90,0
148538,844360,85,0
148538,4447601,0,0
527433,8617271,95,2
527433,6186391,95,2
527433,1664523,95,2
527433,5466807,90,2
527433,1379240,90,2
527433,8617274,90,2
527433,1379245,90,2
527433,422228,90,2
527433,6045939,85,2
527433,7607669,80,2
527433,5466810,80,2
527433,547444,80,2
527433,269429,70,2
527433,4351175,70,2
527433,7514088,85,1
527433,3139056,80,1
527433,269430,75,1
527433,8306451,75,1
527433,4351171,75,1
527433,4402992,75,1
527433,8306449,70,1
527433,6038398,70,1
527433,2004910,70,1
527433,4402994,70,1
527433,269424,67,1
527433,2331984,65,1
527433,653103,60,1
527433,301243,60,1
527433,422236,60,1
527433,8322920,60,1
527433,6928819,60,1
527433,6186394,60,1
527433,269426,55,1
527433,6038397,55,1
527433,2496224,50,1
527433,1317225,50,1
527433,7514090,50,1
527433,6667279,50,1
527433,653104,40,1
527433,1251480,40,1
527433,6708088,30,1
527433,653097,100,0
527433,1542069,100,0
527433,2981253,99,0
527433,1251475,95,0
527433,2331982,95,0
527433,6743092,95,0
527433,269425,95,0
527433,1251477,95,0
527433,1251481,95,0
527433,7514089,95,0
527433,1753608,95,0
527433,4903729,95,0
527433,1317222,95,0
527433,2235421,95,0
527433,2018341,95,0
527433,1721940,95,0
527433,4903731,90,0
527433,269423,90,0
527433,4958696,90,0
527433,2496227,90,0
527433,5331576,90,0
527433,2981256,90,0
527433,5479497,90,0
527433,5479502,90,0
527433,4351170,90,0
527433,3136613,90,0
527433,6897131,90,0
527433,1753605,90,0
527433,1753610,90,0
527433,4958693,85,0
527433,5603299,85,0
527433,1251478,85,0
527433,3294600,80,0
527433,5603306,80,0
527433,5603301,65,0
527433,5603305,50,0
527433,4046876,50,0
527433,269428,40,0
527433,1317224,20,0
527433,4958697,0,0
527433,1993699,0,0
527433,8617275,0,0
527433,1993691,0,0
527433,5501454,0,0
527433,1101462,0,0
527433,1511554,0,0
527433,5878263,0,0
527433,319844,0,0
527433,8371764,0,0
527433,2331981,0,0
527433,3786813,0,0
527433,1101457,0,0
527433,4402995,0,0
527433,278402,0,0
527433,5603300,0,0
527433,6743093,0,0
527433,1101460,0,0
527433,5629888,0,0
527433,4903736,0,0
1037798,3641634,99,3
1037798,8760864,95,2
1037798,4788864,95,2
1037798,8537479,95,2
1037798,8760871,95,2
1037798,8760870,95,2
1037798,8760866,95,2
1037798,8760867,90,2
1037798,4974552,90,2
1037798,3620983,90,2
1037798,2914156,90,2
1037798,4439951,90,2
1037798,5702713,90,2
1037798,4095286,80,2
1037798,3673022,65,2
1037798,7253357,85,1
1037798,3641640,80,1
1037798,3387556,80,1
1037798,6912814,80,1
1037798,7466652,80,1
1037798,2157450,80,1
1037798,720665,80,1
1037798,4227882,80,1
1037798,6511237,80,1
1037798,4114353,75,1
1037798,6605198,75,1
1037798,8760873,70,1
1037798,994978,70,1
1037798,4482918,70,1
1037798,4273497,70,1
1037798,2266020,70,1
1037798,1499298,65,1
1037798,5099520,60,1
1037798,5904351,60,1
1037798,3681010,60,1
1037798,7967207,60,1
1037798,5732889,60,1
1037798,5438881,50,1
1037798,6060285,50,1
1037798,2863296,50,1
1037798,4297400,50,1
1037798,2868741,50,1
1037798,4877594,50,1
1037798,1232011,40,1
1037798,1780966,20,1
1037798,5748541,20,1
1037798,1520773,20,1
1037798,4936037,20,1
1037798,2354063,20,1
1037798,5753978,20,1
1037798,4291373,15,1
1037798,6421952,15,1
1037798,8760868,10,1
1037798,1308037,10,1
1037798,2403951,10,1
1037798,2157456,100,0
1037798,3030654,100,0
1037798,7950016,100,0
1037798,1137775,100,0
1037798,7827293,100,0
1037798,3167284,99,0
1037798,6605199,99,0
1037798,811306,99,0
1037798,1057605,99,0
1037798,3295328,98,0
1037798,4083926,95,0
1037798,8087396,95,0
1037798,7995048,95,0
1037798,4296396,95,0
1037798,4297405,95,0
1037798,1232012,95,0
1037798,8223340,95,0
1037798,1520771,95,0
1037798,2634475,95,0
1037798,7780938,95,0
1037798,6511240,95,0
1037798,1149704,95,0
1037798,6765783,95,0
1037798,7943228,90,0
1037798,2572535,90,0
1037798,8417086,90,0
1037798,8820474,90,0
1037798,8010124,90,0
1037798,5171588,90,0
1037798,6155141,90,0
1037798,8717816,90,0
1037798,2608688,90,0
1037798,8230221,90,0
1037798,2256138,90,0
1037798,2970896,90,0
1037798,2403955,90,0
1037798,2232394,90,0
1037798,1715850,90,0
1037798,7822415,85,0
1037798,3641442,85,0
1037798,2787508,0,0
1037798,3030655,0,0
1037798,4714121,0,0
1037798,8355398,0,0
1037798,5538667,0,0
490595,5488538,90,3
490595,4737060,95,2
490595,4737059,95,2
490595,4737066,95,2
490595,3937204,95,2
490595,1894653,95,2
490595,805051,95,2
490595,1894656,95,2
490595,7598980,95,2
490595,7839910,95,2
490595,7839903,95,2
490595,3403265,95,2
490595,4842897,90,2
490595,7839904,90,2
490595,8485139,90,2
490595,3572695,90,2
490595,1288938,90,2
490595,3572698,90,2
490595,1288943,90,2
490595,3937197,90,2
490595,549465,90,2
490595,6412650,90,2
490595,4842891,90,2
490595,4842894,90,2
490595,805046,90,2
490595,1894652,90,2
490595,6742119,90,2
490595,4737063,90,2
490595,3572701,90,2
490595,2197786,90,2
490595,4292443,90,2
490595,5247992,90,2
490595,805048,90,2
490595,4842890,90,2
490595,1288940,90,2
490595,7340532,90,2
490595,6742115,90,2
490595,6845345,90,2
490595,7385093,90,2
490595,8544459,90,2
490595,1929910,85,2
490595,3937200,85,2
490595,7698193,85,2
490595,7839908,85,2
490595,1391477,85,2
490595,3175975,85,2
490595,1620438,80,2
490595,1530274,80,2
490595,1652460,80,2
490595,2788470,80,2
490595,3833409,80,2
490595,7045863,70,2
490595,7839906,90,1
490595,2507917,85,1
490595,805049,85,1
490595,4737067,80,1
490595,6206562,80,1
490595,5633631,75,1
490595,4737061,70,1
490595,5112294,60,1
490595,4842889,60,1
490595,2850740,60,1
490595,4420107,60,1
490595,1754202,55,1
490595,4737065,50,1
490595,5248000,50,1
490595,526093,50,1
490595,1929911,50,1
490595,6976960,50,1
490595,5359212,50,1
490595,5633627,50,1
490595,8709994,50,1
490595,7839907,40,1
490595,1194055,25,1
490595,5128293,10,1
490595,5612095,100,0
490595,4763065,99,0
490595,549466,98,0
490595,4763070,95,0
490595,3833413,95,0
490595,1160847,95,0
490595,3403268,95,0
490595,5359213,95,0
490595,3845163,95,0
490595,2661183,95,0
490595,8485138,95,0
490595,4842896,90,0
490595,5247999,90,0
490595,3833408,90,0
490595,6976956,90,0
490595,3572694,90,0
490595,3497876,90,0
490595,5612099,90,0
490595,4737064,80,0
490595,7839911,80,0
490595,1473259,75,0
490595,4737068,65,0
490595,3595606,60,0
490595,4763066,20,0
490595,1194060,0,0
451602,5179251,95,3
451602,8621776,90,3
451602,2176455,95,2
451602,4874640,95,2
451602,2176459,95,2
451602,8214452,95,2
451602,5538936,95,2
451602,8540468,95,2
451602,7792099,95,2
451602,5538937,95,2
451602,4874641,95,2
451602,8390518,90,2
451602,6286981,90,2
451602,5538938,90,2
451602,2084905,90,2
451602,5211036,90,2
451602,1094138,90,2
451602,6286974,85,2
451602,4345752,85,2
451602,8787234,85,2
451602,5741073,85,2
451602,8383461,80,2
451602,2176450,80,2
451602,2176453,75,2
451602,1277290,70,2
451602,5475308,85,1
451602,3090672,85,1
451602,4453605,85,1
451602,5018392,85,1
451602,7804169,85,1
451602,4176454,80,1
451602,1640289,80,1
451602,6286982,75,1
451602,2244882,75,1
451602,7326276,75,1
451602,1277293,75,1
451602,8485136,75,1
451602,6286977,70,1
451602,2084909,70,1
451602,1277287,70,1
451602,6618756,70,1
451602,3347274,70,1
451602,5018391,70,1
451602,4453608,70,1
451602,3177691,65,1
451602,2329889,65,1
451602,1078134,60,1
451602,2482418,60,1
451602,7315074,60,1
451602,8485132,60,1
451602,5538940,60,1
451602,1575781,60,1
451602,8025740,60,1
451602,1078139,60,1
451602,2922141,50,1
451602,2922147,50,1
451602,124065,50,1
451602,705851,50,1
451602,8033474,50,1
451602,6250347,50,1
451602,3746411,50,1
451602,2176454,35,1
451602,6994774,30,1
451602,5053853,30,1
451602,3052112,30,1
451602,3347278,25,1
451602,96224,20,1
451602,7403454,20,1
451602,5538945,20,1
451602,949152,0,1
451602,1078133,0,1
451602,2922145,100,0
451602,3090663,100,0
451602,2154597,100,0
451602,6242935,99,0
451602,5902818,99,0
451602,3177700,99,0
451602,1715030,98,0
451602,5018394,98,0
451602,8383465,97,0
451602,4358117,97,0
451602,5913111,95,0
451602,3090668,95,0
451602,6225558,95,0
451602,7510020,95,0
451602,5534586,95,0
451602,3090670,93,0
451602,7859334,90,0
451602,7800959,90,0
451602,3177692,90,0
451602,1626653,90,0
451602,5371416,90,0
451602,2922142,80,0
451602,1277289,80,0
451602,3090666,75,0
451602,3090671,40,0
451602,2284888,1,0
451602,4487185,0,0
451602,7864188,0,0
451602,7510025,0,0
182539,1638691,95,3
182539,7371255,90,3
182539,8757181,95,2
182539,1307235,95,2
182539,57447,95,2
182539,8515182,95,2
182539,8299659,95,2
182539,8757179,95,2
182539,6037973,95,2
182539,7371259,95,2
182539,8757182,95,2
182539,8299661,95,2
182539,6816579,95,2
182539,6816576,95,2
182539,1654895,95,2
182539,4487755,95,2
182539,721170,95,2
182539,7883763,95,2
182539,2623668,95,2
182539,2165968,95,2
182539,57443,90,2
182539,7371262,90,2
182539,8757178,90,2
182539,57448,90,2
182539,1638690,90,2
182539,6816572,90,2
182539,6816573,90,2
182539,57449,90,2
182539,7371257,90,2
182539,6816571,90,2
182539,4730803,90,2
182539,1307234,90,2
182539,8757180,90,2
182539,7583024,90,2
182539,2909961,90,2
182539,8598792,90,2
182539,1307232,90,2
182539,2840563,90,2
182539,6783449,90,2
182539,1638694,90,2
182539,8299668,90,2
182539,2751871,90,2
182539,7527837,90,2
182539,6135907,90,2
182539,518150,90,2
182539,7850108,90,2
182539,2909960,85,2
182539,738025,85,2
182539,8757184,85,2
182539,2092202,85,2
182539,7154102,85,2
182539,3883081,80,2
182539,3883077,80,2
182539,2909954,80,2
182539,6980965,80,2
182539,5618254,95,1
182539,7371261,80,1
182539,57450,80,1
182539,5567729,75,1
182539,3760964,75,1
182539,941371,75,1
182539,8752298,75,1
182539,8757183,70,1
182539,6816574,70,1
182539,57444,65,1
182539,1638689,60,1
182539,5020094,60,1
182539,3127071,60,1
182539,3198392,60,1
182539,3729714,60,1
182539,7637811,60,1
182539,6201542,55,1
182539,7206189,55,1
182539,6981225,50,1
182539,2053701,50,1
182539,8147663,50,1
182539,4096478,30,1
182539,6816577,20,1
182539,8337703,20,1
182539,1638688,10,1
182539,3760957,100,0
182539,8299665,100,0
182539,1638687,100,0
182539,7579346,100,0
182539,7303730,100,0
182539,5793580,100,0
182539,171653,99,0
182539,7579351,95,0
182539,7617321,95,0
182539,7148714,95,0
182539,2839827,95,0
182539,6355993,95,0
182539,7579350,90,0
182539,7579347,90,0
182539,7579349,90,0
182539,6957819,90,0
182539,6201541,90,0
182539,3779895,90,0
182539,7919974,85,0
182539,5567732,0,0
87452,6018164,95,2
87452,8819112,95,2
87452,7965004,90,2
87452,186939,90,2
87452,6018169,90,2
87452,186931,85,2
87452,8819114,85,2
87452,8436577,85,2
87452,5048394,80,2
87452,6018168,85,1
87452,8333912,85,1
87452,8333919,80,1
87452,5286924,80,1
87452,8152222,80,1
87452,4872055,80,1
87452,5851090,80,1
87452,6679972,80,1
87452,5836705,80,1
87452,1642159,75,1
87452,3919937,75,1
87452,6018166,75,1
87452,5746165,75,1
87452,8436571,75,1
87452,7843982,75,1
87452,4557555,75,1
87452,5296736,70,1
87452,7965007,70,1
87452,3732121,70,1
87452,5751686,70,1
87452,2035306,70,1
87452,2571223,65,1
87452,4502603,65,1
87452,5500606,65,1
87452,3808783,65,1
87452,6018163,60,1
87452,8819113,60,1
87452,4248450,60,1
87452,7897962,60,1
87452,1395625,60,1
87452,1890450,60,1
87452,7843984,50,1
87452,2026777,50,1
87452,8333920,50,1
87452,8081937,50,1
87452,6018167,50,1
87452,6931702,50,1
87452,6159694,50,1
87452,861789,50,1
87452,6679974,40,1
87452,3347348,40,1
87452,1185292,30,1
87452,7897960,30,1
87452,2127122,30,1
87452,2026775,20,1
87452,4496459,20,1
87452,8496921,10,1
87452,8819116,100,0
87452,1150485,100,0
87452,3732895,100,0
87452,8496922,99,0
87452,8079127,99,0
87452,7588883,95,0
87452,7499676,95,0
87452,7542008,95,0
87452,3809017,95,0
87452,3809016,95,0
87452,1971830,95,0
87452,5694214,95,0
87452,3809018,95,0
87452,4496461,95,0
87452,119522,95,0
87452,8819111,90,0
87452,6018160,90,0
87452,4634899,90,0
87452,8436579,90,0
87452,1749882,90,0
87452,6018161,90,0
87452,2951800,90,0
87452,3347347,90,0
87452,8436572,90,0
87452,3540111,90,0
87452,4312660,90,0
87452,7499678,90,0
87452,4157764,90,0
87452,8819115,90,0
87452,6096580,90,0
87452,7965011,85,0
87452,5338945,75,0
87452,5052034,60,0
87452,7499674,60,0
87452,6621971,55,0
87452,8436578,50,0
87452,6042747,50,0
87452,8436575,50,0
87452,2571221,35,0
87452,2571220,35,0
87452,8436576,0,0
87452,1118401,0,0
87452,8055167,0,0
87452,8055172,0,0
156493,2949801,100,3
156493,2949802,95,3
156493,1277727,95,3
156493,2411918,90,3
156493,7371077,90,3
156493,1277725,90,3
156493,2317807,100,2
156493,95514,100,2
156493,8182160,100,2
156493,1960255,99,2
156493,7371079,98,2
156493,6139386,95,2
156493,3288596,95,2
156493,8393766,95,2
156493,8182159,95,2
156493,885944,95,2
156493,2259180,95,2
156493,1960260,95,2
156493,750111,95,2
156493,1277724,95,2
156493,7371078,95,2
156493,8273017,95,2
156493,1960261,95,2
156493,5530082,95,2
156493,2598786,95,2
156493,2317802,95,2
156493,1277722,95,2
156493,2928700,95,2
156493,4527706,95,2
156493,6524746,95,2
156493,2616515,95,2
156493,2616513,95,2
156493,2928702,95,2
156493,2612491,95,2
156493,278176,95,2
156493,8245439,95,2
156493,3288600,90,2
156493,8182166,90,2
156493,2612492,90,2
156493,6139382,90,2
156493,2259182,90,2
156493,8029433,90,2
156493,2259183,90,2
156493,4940228,90,2
156493,8182165,90,2
156493,1960257,90,2
156493,1347266,90,2
156493,2928707,90,2
156493,95515,90,2
156493,4131138,90,2
156493,1277723,90,2
156493,1277726,90,2
156493,5022725,90,2
156493,1277721,90,2
156493,349638,90,2
156493,8273019,90,2
156493,2928704,90,2
156493,7663272,90,2
156493,1101607,90,2
156493,2259179,90,2
156493,6464089,90,2
156493,5549994,90,2
156493,6524745,90,2
156493,2317800,90,2
156493,349643,90,2
156493,6267258,90,2
156493,6859031,90,2
156493,3288597,85,2
156493,5346660,85,2
156493,6357270,85,2
156493,8182161,80,2
156493,3288601,80,2
156493,1277720,80,2
156493,8803136,80,2
156493,6859022,80,2
156493,5406908,70,2
156493,95519,65,2
156493,6343406,85,1
156493,2612490,80,1
156493,8245444,80,1
156493,3288599,80,1
156493,1171595,80,1
156493,6524741,75,1
156493,7976153,75,1
156493,3288598,70,1
156493,1347264,70,1
156493,8273018,70,1
156493,627307,70,1
156493,1172287,70,1
156493,8811146,65,1
156493,5122747,60,1
156493,8273014,60,1
156493,2141931,50,1
156493,1171598,45,1
156493,349639,40,1
156493,349637,20,1
156493,994488,20,1
156493,5059020,20,1
156493,8463133,90,0
156493,4940229,0,0
915593,2923494,100,2
915593,5931269,98,2
915593,82107,95,2
915593,3538160,95,2
915593,8103065,95,2
915593,5931268,95,2
915593,7742098,95,2
915593,8029525,95,2
915593,3357360,90,2
915593,2923497,90,2
915593,3538167,90,2
915593,4566822,90,2
915593,7861749,90,2
915593,2923498,90,2
915593,3538164,90,2
915593,82110,90,2
915593,2210593,90,2
915593,3485338,90,2
915593,7816726,85,2
915593,8178998,85,2
915593,2744909,85,2
915593,8103067,80,2
915593,3538163,80,2
915593,8002855,80,2
915593,8029533,80,2
915593,7837086,80,2
915593,6923057,60,2
915593,4818067,95,1
915593,4566819,90,1
915593,6761346,90,1
915593,1396704,90,1
915593,8103063,85,1
915593,82109,80,1
915593,3385971,80,1
915593,5931266,80,1
915593,3538162,80,1
915593,8179001,80,1
915593,7861747,75,1
915593,2923496,75,1
915593,4566816,75,1
915593,1396701,75,1
915593,8455302,75,1
915593,6923052,70,1
915593,4691129,70,1
915593,2210595,70,1
915593,2588143,70,1
915593,4910037,70,1
915593,5931264,70,1
915593,2210594,70,1
915593,7861753,70,1
915593,8402970,70,1
915593,8402974,70,1
915593,2923501,65,1
915593,6181638,65,1
915593,275732,60,1
915593,1396707,60,1
915593,2210597,60,1
915593,8103068,60,1
915593,3375966,60,1
915593,3573479,55,1
915593,7861756,54,1
915593,82113,50,1
915593,210379,50,1
915593,5931265,50,1
915593,7861751,50,1
915593,4566823,50,1
915593,2210591,50,1
915593,8455306,50,1
915593,8402973,50,1
915593,3143377,50,1
915593,4834226,40,1
915593,1815965,40,1
915593,3538166,40,1
915593,3523599,35,1
915593,5931270,30,1
915593,6923050,20,1
915593,4566818,15,1
915593,82114,10,1
915593,3890492,10,1
915593,8402972,0,1
915593,3991910,99,0
915593,8420020,99,0
915593,8179003,95,0
915593,8179005,95,0
915593,3538165,95,0
915593,6923055,95,0
915593,8179000,95,0
915593,8178999,95,0
915593,5931271,93,0
915593,1772930,90,0
915593,8455301,90,0
915593,4566815,90,0
915593,8178996,90,0
915593,82105,90,0
915593,8029532,90,0
915593,3523602,80,0
915593,7837084,70,0
915593,82111,0,0
915593,1396706,0,0
915593,8455304,0,0
19335,8412682,95,2
19335,8412683,95,2
19335,8635981,95,2
19335,8412684,90,2
19335,8412681,90,2
19335,3539483,90,2
19335,8151650,85,2
19335,8151642,80,2
19335,1726,80,1
19335,1389478,80,1
19335,6867870,80,1
19335,7042455,80,1
19335,1729,75,1
19335,901325,75,1
19335,8525221,75,1
19335,8412685,70,1
19335,2108336,70,1
19335,3175481,60,1
19335,3175484,60,1
19335,527690,60,1
19335,527698,60,1
19335,6783161,60,1
19335,630063,60,1
19335,3497214,60,1
19335,1389479,60,1
19335,1746951,60,1
19335,1616883,60,1
19335,436828,60,1
19335,1730,60,1
19335,342431,55,1
19335,7267248,50,1
19335,8412687,50,1
19335,527689,50,1
19335,5843331,50,1
19335,8024611,50,1
19335,5140471,50,1
19335,6144461,50,1
19335,3156238,50,1
19335,8798990,50,1
19335,6010966,50,1
19335,712802,40,1
19335,2046505,30,1
19335,1994172,25,1
19335,6999143,20,1
19335,527695,100,0
19335,4540816,100,0
19335,1722,100,0
19335,1555319,100,0
19335,527694,99,0
19335,4540809,99,0
19335,691498,99,0
19335,7367407,99,0
19335,712806,99,0
19335,1705525,99,0
19335,7298837,95,0
19335,7367411,95,0
19335,5454283,95,0
19335,129764,95,0
19335,5454280,95,0
19335,7276206,95,0
19335,1359917,95,0
19335,1568088,95,0
19335,1568084,95,0
19335,2943087,95,0
19335,8754859,95,0
19335,7298840,95,0
19335,6999135,90,0
19335,6452949,90,0
19335,6109209,90,0
19335,5051739,90,0
19335,6214701,90,0
19335,3260688,90,0
19335,7256139,90,0
19335,7727462,90,0
19335,4349928,90,0
19335,7692043,90,0
19335,1568085,90,0
19335,1837110,90,0
19335,5629115,90,0
19335,3445058,90,0
19335,2046341,90,0
19335,4540808,90,0
19335,4835655,80,0
19335,691497,80,0
19335,5379897,80,0
19335,901329,60,0
19335,691492,55,0
19335,5843332,50,0
19335,819168,0,0
19335,7367402,0,0
19335,8612877,0,0
19335,7298833,0,0
19335,8080924,0,0
19335,3653053,0,0
19335,1796647,0,0
19335,1280402,0,0
19335,1725697,0,0
19335,342432,0,0
19335,8218756,0,0
19335,6179483,0,0
47923,6643066,100,3
47923,6241153,100,3
47923,5586331,100,3
47923,6919836,95,3
47923,6241147,95,3
47923,525511,95,3
47923,2699737,95,3
47923,8348762,90,3
47923,4297620,90,3
47923,8418683,90,3
47923,2402776,90,3
47923,618556,100,2
47923,8641107,95,2
47923,6191,95,2
47923,5417580,95,2
47923,1681332,95,2
47923,1681336,95,2
47923,1868438,95,2
47923,1681337,95,2
47923,2408264,95,2
47923,1960681,95,2
47923,6210760,95,2
47923,1488919,95,2
47923,1565060,95,2
47923,7747055,95,2
47923,5147529,95,2
47923,2135499,95,2
47923,2508230,95,2
47923,4684895,95,2
47923,4257345,95,2
47923,1161940,95,2
47923,6919841,95,2
47923,1496426,95,2
47923,1868437,90,2
47923,8418681,90,2
47923,473809,90,2
47923,3348838,90,2
47923,2044900,90,2
47923,5417582,90,2
47923,7038128,90,2
47923,6241151,90,2
47923,3348834,90,2
47923,1488916,90,2
47923,5032364,90,2
47923,1681331,90,2
47923,2838662,90,2
47923,8619129,90,2
47923,473807,90,2
47923,8641104,90,2
47923,4991357,90,2
47923,5147528,90,2
47923,2699736,90,2
47923,7417276,90,2
47923,1488918,90,2
47923,6241150,90,2
47923,8418678,90,2
47923,6935784,90,2
47923,8641106,90,2
47923,4587558,90,2
47923,6241152,90,2
47923,7137895,90,2
47923,1827449,90,2
47923,2704000,90,2
47923,3589347,90,2
47923,5417583,85,2
47923,4684893,85,2
47923,8619126,85,2
47923,4652799,85,2
47923,6626705,80,2
47923,6696631,90,1
47923,7914498,85,1
47923,5147527,80,1
47923,1506786,80,1
47923,5147530,80,1
47923,6626703,80,1
47923,99926,80,1
47923,4523464,75,1
47923,7774318,75,1
47923,8418684,75,1
47923,8284608,75,1
47923,8418679,75,1
47923,7774316,75,1
47923,5417584,70,1
47923,6089359,70,1
47923,2284132,70,1
47923,3785497,70,1
47923,3703415,70,1
47923,8110288,70,1
47923,146706,70,1
47923,4818815,70,1
47923,6267282,70,1
47923,5147526,60,1
47923,766019,60,1
47923,5911790,60,1
47923,7071694,45,1
47923,5032362,100,0
47923,1681334,90,0
47923,7071695,90,0
47923,8619130,80,0
47923,3883233,80,0
183378,1289496,100,3
183378,4493914,100,3
183378,8570257,97,3
183378,3093215,95,3
183378,4493915,95,3
183378,4493920,95,3
183378,8570256,95,3
183378,7677975,95,3
183378,4727412,95,3
183378,8570258,95,3
183378,4803848,90,3
183378,4862063,90,3
183378,8794308,95,2
183378,8794302,95,2
183378,4493916,95,2
183378,4856305,95,2
183378,5534711,95,2
183378,327908,95,2
183378,4493913,95,2
183378,5534707,95,2
183378,2493332,95,2
183378,4493919,95,2
183378,3389579,95,2
183378,3389580,95,2
183378,8794303,95,2
183378,8121377,95,2
183378,7703397,95,2
183378,2089154,95,2
183378,2533260,90,2
183378,5534703,90,2
183378,4493921,90,2
183378,4803847,90,2
183378,4727418,90,2
183378,1289497,90,2
183378,7449744,90,2
183378,7449752,90,2
183378,8570261,90,2
183378,7449751,90,2
183378,2234245,90,2
183378,1773959,90,2
183378,4803856,90,2
183378,229739,90,2
183378,6548235,90,2
183378,7449750,90,2
183378,1289489,90,2
183378,4493922,90,2
183378,2533256,90,2
183378,5798333,90,2
183378,2499865,90,2
183378,5391353,90,2
183378,828108,87,2
183378,8794304,85,2
183378,8570260,85,2
183378,8191188,85,2
183378,7952865,80,2
183378,4716324,80,2
183378,6880045,65,2
183378,4835769,80,1
183378,4803850,70,1
183378,8643931,65,1
183378,8577215,60,1
183378,1289495,60,1
183378,749548,60,1
183378,8779628,60,1
183378,2068968,60,1
183378,3605404,60,1
183378,5728400,60,1
183378,8507877,55,1
183378,6295431,50,1
183378,2639939,40,1
183378,5534708,40,1
183378,6960777,40,1
183378,8079968,30,1
183378,4810802,30,1
183378,4371183,30,1
183378,1765863,30,1
183378,3662782,20,1
183378,5105265,20,1
183378,5286899,99,0
183378,8756893,99,0
183378,1603314,99,0
183378,2095187,98,0
183378,424997,97,0
183378,1603312,95,0
183378,376576,95,0
183378,8079970,90,0
183378,4803851,90,0
183378,1261035,90,0
183378,3576225,90,0
183378,7878227,80,0
183378,8121380,0,0
183378,324175,0,0
183378,711450,0,0
183378,324177,0,0
183378,324178,0,0
183378,4530314,0,0
183378,6569755,0,0
183378,2805325,0,0
183378,3576220,0,0
183378,2796241,0,0
87181,742425,99,2
87181,1902826,99,2
87181,4689525,95,2
87181,5197135,95,2
87181,4786305,95,2
87181,6484578,95,2
87181,8565420,95,2
87181,6685092,95,2
87181,4689523,95,2
87181,5469038,95,2
87181,8151919,95,2
87181,1961300,95,2
87181,8534134,95,2
87181,7112964,95,2
87181,3198047,95,2
87181,8738512,95,2
87181,4632256,95,2
87181,2986227,90,2
87181,6521366,90,2
87181,8332546,90,2
87181,6484575,90,2
87181,8332547,90,2
87181,8614360,90,2
87181,8151921,90,2
87181,47207,90,2
87181,8614359,90,2
87181,6262331,90,2
87181,8522403,90,2
87181,2530227,90,2
87181,1179100,90,2
87181,8332555,90,2
87181,6484576,90,2
87181,8683185,90,2
87181,8082516,90,2
87181,2307979,90,2
87181,3914970,90,2
87181,2530257,90,2
87181,6029788,90,2
87181,8246410,90,2
87181,1700168,90,2
87181,1856241,90,2
87181,921633,90,2
87181,1950525,90,2
87181,1519996,90,2
87181,6774305,85,2
87181,4632251,85,2
87181,8151926,85,2
87181,7112968,85,2
87181,3216315,85,2
87181,6969187,85,2
87181,6055562,85,2
87181,7057928,80,2
87181,8683178,80,2
87181,935164,80,2
87181,2374850,80,2
87181,2556150,95,1
87181,6521360,90,1
87181,2530252,85,1
87181,123547,80,1
87181,8534135,80,1
87181,123548,80,1
87181,47211,75,1
87181,3354162,75,1
87181,8151922,75,1
87181,7666831,70,1
87181,1692902,70,1
87181,4689524,70,1
87181,1766470,70,1
87181,2556151,65,1
87181,7139898,65,1
87181,8183982,55,1
87181,8476330,50,1
87181,2763490,50,1
87181,2345225,50,1
87181,2024860,40,1
87181,8683181,100,0
87181,1902827,100,0
87181,47206,99,0
87181,47203,99,0
87181,5197138,99,0
87181,2556149,99,0
87181,2556146,99,0
87181,47210,95,0
87181,5197130,95,0
87181,5197133,95,0
87181,8183981,95,0
87181,8165403,95,0
87181,8332548,95,0
87181,803955,94,0
87181,6928212,90,0
87181,8183977,90,0
87181,5197136,90,0
87181,8165398,85,0
87181,3423884,85,0
87181,7666828,70,0
87181,47212,60,0
87181,2556144,0,0
87181,8332551,0,0
87181,47208,0,0
87181,8664069,0,0
1133167,1379370,95,3
1133167,3421900,90,3
1133167,8484851,0,3
1133167,823277,99,2
1133167,8160241,95,2
1133167,7093509,95,2
1133167,1883281,95,2
1133167,3953805,95,2
1133167,6467518,95,2
1133167,8033645,95,2
1133167,2276678,95,2
1133167,2613293,95,2
1133167,4498479,95,2
1133167,3074598,95,2
1133167,7793409,95,2
1133167,8250498,95,2
1133167,4443375,95,2
1133167,190805,95,2
1133167,8033647,95,2
1133167,434124,95,2
1133167,7218012,95,2
1133167,4926204,95,2
1133167,8484849,95,2
1133167,3074599,95,2
1133167,6257038,95,2
1133167,7793416,95,2
1133167,3421898,95,2
1133167,1824483,95,2
1133167,7091940,95,2
1133167,1790122,95,2
1133167,8255705,90,2
1133167,190809,90,2
1133167,6299575,90,2
1133167,6112592,90,2
1133167,4443370,90,2
1133167,6103289,90,2
1133167,7486597,90,2
1133167,823275,90,2
1133167,2010281,90,2
1133167,7486599,90,2
1133167,823279,90,2
1133167,4494097,90,2
1133167,7093512,90,2
1133167,6112586,90,2
1133167,2613290,90,2
1133167,8033646,90,2
1133167,823273,90,2
1133167,6467519,90,2
1133167,1824481,90,2
1133167,2439240,90,2
1133167,3355083,90,2
1133167,1824487,90,2
1133167,6112590,90,2
1133167,563738,90,2
1133167,8255706,90,2
1133167,4550240,90,2
1133167,4712273,90,2
1133167,7793408,90,2
1133167,6999438,90,2
1133167,2623303,90,2
1133167,6467517,90,2
1133167,8160224,90,2
1133167,4557439,90,2
1133167,6157114,90,2
1133167,8484845,90,2
1133167,5674623,85,2
1133167,1883280,85,2
1133167,6142,85,2
1133167,6299574,85,2
1133167,1883278,85,2
1133167,5674622,80,2
1133167,1824488,80,2
1133167,7793414,80,2
1133167,190806,80,2
1133167,8839920,80,2
1133167,4494100,80,2
1133167,8255701,80,2
1133167,4443368,75,2
1133167,8405623,75,2
1133167,5985458,90,1
1133167,2491371,80,1
1133167,8250500,80,1
1133167,8160243,80,1
1133167,434126,80,1
1133167,7486594,75,1
1133167,1883277,75,1
1133167,6467522,70,1
1133167,823272,60,1
1133167,8160230,60,1
1133167,7218019,60,1
1133167,332787,60,1
1133167,7217706,60,1
1133167,6112588,60,1
1133167,6112589,60,1
1133167,7218016,50,1
1133167,7091943,50,1
1133167,6332045,95,0
1133167,8250501,90,0
1133167,4625145,70,0
1133167,3421904,0,0
855410,8651775,95,2
855410,8651771,80,2
855410,8651770,90,1
855410,8651772,80,1
855410,1795261,80,1
855410,884436,70,1
855410,5239970,70,1
855410,6338974,70,1
855410,8651776,60,1
855410,1147811,50,1
855410,7066410,50,1
855410,229903,50,1
855410,5232523,50,1
855410,6941139,25,1
855410,5130380,25,1
855410,6706455,25,1
855410,3110654,20,1
855410,576583,10,1
855410,3006601,10,1
855410,2418458,10,1
855410,7099015,100,0
855410,6197317,100,0
855410,232305,100,0
855410,5232525,100,0
855410,4275296,100,0
855410,984177,100,0
855410,3948069,100,0
855410,5558891,100,0
855410,1561018,100,0
855410,2519077,100,0
855410,2418893,100,0
855410,3200693,100,0
855410,1041939,99,0
855410,8145658,99,0
855410,6301996,99,0
855410,6859899,99,0
855410,352146,99,0
855410,6301992,99,0
855410,4518587,99,0
855410,6152822,99,0
855410,7151082,99,0
855410,1970390,99,0
855410,8165085,99,0
855410,4503925,99,0
855410,2506511,99,0
855410,8140208,99,0
855410,1147809,95,0
855410,1147810,95,0
855410,5095702,95,0
855410,6759238,95,0
855410,884430,95,0
855410,788830,95,0
855410,6218319,95,0
855410,7747483,95,0
855410,2418890,95,0
855410,6936951,95,0
855410,1929957,95,0
855410,6893643,95,0
855410,6936948,95,0
855410,3724701,95,0
855410,7140868,95,0
855410,3724700,95,0
855410,6098860,95,0
855410,6301995,95,0
855410,1874884,95,0
855410,8407524,95,0
855410,1294305,95,0
855410,4636144,95,0
855410,7066409,95,0
855410,6688284,90,0
855410,3340204,90,0
855410,5550193,90,0
855410,5594994,90,0
855410,7240299,90,0
855410,1294308,90,0
855410,1719692,90,0
855410,5478153,90,0
855410,8533683,90,0
855410,7210777,90,0
855410,2737046,90,0
855410,1685597,90,0
855410,6760182,90,0
855410,8448246,90,0
855410,6674058,85,0
855410,2350118,80,0
855410,6133647,75,0
855410,326818,1,0
855410,5095701,0,0
855410,6796749,0,0
855410,3340202,0,0
855410,8144663,0,0
855410,5629792,0,0
855410,4406031,0,0
855410,1051865,0,0
855410,4685777,0,0
855410,3527605,0,0
855410,159665,0,0
855410,3113274,0,0
855410,7456767,0,0
855410,6647485,0,0
1115776,4314175,95,2
1115776,4314169,95,2
1115776,5264931,95,2
1115776,8106321,90,2
1115776,4314176,90,2
1115776,4314174,90,2
1115776,8106324,90,2
1115776,8495250,90,2
1115776,8106320,90,2
1115776,4314173,85,2
1115776,4314172,80,2
1115776,4314171,90,1
1115776,7129178,85,1
1115776,5599692,85,1
1115776,3469357,80,1
1115776,6989198,80,1
1115776,8106322,80,1
1115776,7618005,80,1
1115776,5305147,80,1
1115776,2230480,80,1
1115776,7318318,80,1
1115776,7183516,80,1
1115776,3081626,75,1
1115776,941057,75,1
1115776,580737,75,1
1115776,8106318,70,1
1115776,8106323,70,1
1115776,6747926,70,1
1115776,6934016,70,1
1115776,1440028,65,1
1115776,5232955,60,1
1115776,6989199,60,1
1115776,5295699,55,1
1115776,4314178,50,1
1115776,8828147,50,1
1115776,4051141,45,1
1115776,7618008,30,1
1115776,5232963,30,1
1115776,6616844,25,1
1115776,8447122,20,1
1115776,3411245,20,1
1115776,3977422,20,1
1115776,5605159,10,1
1115776,7442432,10,1
1115776,3296854,10,1
1115776,3366472,0,1
1115776,2017909,100,0
1115776,5605160,99,0
1115776,1826911,99,0
1115776,8108818,99,0
1115776,5555296,99,0
1115776,6246928,99,0
1115776,258978,99,0
1115776,2230483,99,0
1115776,1540838,99,0
1115776,8388343,99,0
1115776,4620863,99,0
1115776,8046348,99,0
1115776,2196566,99,0
1115776,1328460,99,0
1115776,2903177,99,0
1115776,480800,99,0
1115776,2230477,98,0
1115776,8345724,95,0
1115776,8355020,95,0
1115776,8757348,95,0
1115776,1440035,95,0
1115776,7618006,95,0
1115776,3680291,95,0
1115776,4984390,95,0
1115776,6397841,95,0
1115776,2230476,95,0
1115776,143334,95,0
1115776,8355028,95,0
1115776,2017908,95,0
1115776,2337363,95,0
1115776,257268,95,0
1115776,8706770,92,0
1115776,600966,90,0
1115776,7129173,90,0
1115776,6934013,90,0
1115776,2471196,90,0
1115776,1565105,90,0
1115776,8108815,90,0
1115776,6251729,90,0
1115776,6919096,90,0
1115776,758999,90,0
1115776,6702136,90,0
1115776,1328463,90,0
1115776,3276364,90,0
1115776,3743894,90,0
1115776,1593008,85,0
1115776,8180097,85,0
1115776,8078183,85,0
1115776,7840022,80,0
1115776,6616842,80,0
1115776,1593007,75,0
1115776,8710004,10,0
1115776,896003,0,0
1115776,1621981,0,0
1124210,2258597,100,3
1124210,3162331,100,3
1124210,5587711,100,3
1124210,1689639,100,3
1124210,8026737,100,3
1124210,2258596,100,3
1124210,6541864,100,3
1124210,7443586,100,3
1124210,181177,100,3
1124210,6737729,100,3
1124210,6737727,100,3
1124210,3466956,100,3
1124210,7942807,100,3
1124210,7203360,100,3
1124210,5098936,100,3
1124210,3289568,100,3
1124210,7806222,100,3
1124210,8650642,100,3
1124210,2461683,99,3
1124210,8026735,95,3
1124210,8492305,95,3
1124210,4648414,95,3
1124210,2258594,95,3
1124210,2258598,95,3
1124210,4002456,95,3
1124210,5098941,95,3
1124210,2859501,95,3
1124210,4002454,95,3
1124210,7443588,95,3
1124210,8802909,95,3
1124210,5941717,95,3
1124210,6233255,95,3
1124210,8547690,95,3
1124210,6541866,90,3
1124210,2258591,90,3
1124210,6720368,90,3
1124210,4942992,90,3
1124210,5587709,90,3
1124210,7695217,90,3
1124210,6255796,90,3
1124210,3263727,90,3
1124210,2825130,90,3
1124210,522220,0,3
1124210,2958020,100,2
1124210,2258592,95,2
1124210,2494577,95,2
1124210,2258595,95,2
1124210,2728448,95,2
1124210,6636931,95,2
1124210,8026743,95,2
1124210,8355483,95,2
1124210,2650269,95,2
1124210,6507996,95,2
1124210,7806221,95,2
1124210,2433603,95,2
1124210,2433604,95,2
1124210,6146809,95,2
1124210,2399822,95,2
1124210,2433609,95,2
1124210,181175,95,2
1124210,8828525,95,2
1124210,2608221,95,2
1124210,6498977,95,2
1124210,6636936,95,2
1124210,284020,95,2
1124210,4303129,90,2
1124210,8087702,90,2
1124210,6541868,90,2
1124210,2685123,90,2
1124210,931162,90,2
1124210,8355477,90,2
1124210,943794,90,2
1124210,2433601,90,2
1124210,2753148,90,2
1124210,4535489,90,2
1124210,3517427,90,2
1124210,8558068,90,2
1124210,2070515,90,2
1124210,8087696,90,2
1124210,1280828,90,2
1124210,1244877,85,2
1124210,131190,80,2
1124210,2258599,80,2
1124210,8026738,80,2
1124210,92049,0,2
1124210,2089544,80,1
1124210,4174699,70,1
1124210,7715335,65,1
1124210,7146473,60,1
1124210,7146478,50,1
1124210,8406413,50,1
1124210,4616435,40,1
1124210,8026740,100,0
1124210,931165,100,0
1124210,7224102,100,0
1124210,5664148,95,0
1124210,6620551,95,0
1124210,2494574,95,0
1124210,3225197,90,0
1124210,522219,90,0
962179,3705165,95,3
962179,4606387,100,2
962179,8785371,95,2
962179,6980697,95,2
962179,2929465,95,2
962179,8032264,95,2
962179,1645087,95,2
962179,8785374,95,2
962179,2329697,90,2
962179,2329699,90,2
962179,2929469,90,2
962179,1645080,90,2
962179,2978866,90,2
962179,2978870,90,2
962179,302861,90,2
962179,302866,80,2
962179,8785373,80,2
962179,302868,85,1
962179,902373,80,1
962179,7588230,75,1
962179,4511504,70,1
962179,7428146,70,1
962179,6675259,70,1
962179,4209392,65,1
962179,4717426,60,1
962179,4257873,55,1
962179,5427064,50,1
962179,6898290,50,1
962179,3422317,50,1
962179,536178,50,1
962179,3661633,50,1
962179,4606388,50,1
962179,6675261,30,1
962179,8785368,25,1
962179,181089,25,1
962179,8785372,20,1
962179,536180,20,1
962179,1006866,15,1
962179,6675262,15,1
962179,6675258,15,1
962179,6980701,15,1
962179,5919341,10,1
962179,5653652,5,1
962179,4511498,5,1
962179,3173623,100,0
962179,8811426,100,0
962179,931124,100,0
962179,4717424,100,0
962179,902372,100,0
962179,8689054,99,0
962179,5773189,99,0
962179,5427070,99,0
962179,1006868,99,0
962179,2131893,99,0
962179,6575560,99,0
962179,7126025,99,0
962179,2017003,99,0
962179,6898295,99,0
962179,2925975,99,0
962179,1015976,99,0
962179,5773184,98,0
962179,5427063,95,0
962179,4606389,95,0
962179,3422321,95,0
962179,5886688,95,0
962179,3982060,95,0
962179,6898292,95,0
962179,4606390,95,0
962179,302865,95,0
962179,1006865,95,0
962179,4511497,95,0
962179,8032269,95,0
962179,5653655,95,0
962179,5653657,95,0
962179,5642481,95,0
962179,8768974,95,0
962179,4511501,90,0
962179,8689056,90,0
962179,4309122,90,0
962179,1006860,90,0
962179,1006859,90,0
962179,5320368,90,0
962179,3422318,90,0
962179,8689053,90,0
962179,8689055,90,0
962179,6575567,90,0
962179,5427065,90,0
962179,2017001,90,0
962179,1006861,90,0
962179,5642479,90,0
962179,1006867,85,0
962179,6904865,85,0
962179,2632688,75,0
962179,8785370,50,0
962179,6675257,20,0
962179,8689057,0,0
962179,8689058,0,0
962179,7428143,0,0
962179,6675265,0,0
962179,8746010,0,0
833860,6230227,85,3
833860,8344031,85,2
833860,6230221,85,2
833860,5167513,80,2
833860,6230220,80,2
833860,8697642,70,2
833860,7826521,85,1
833860,8160728,80,1
833860,6230229,70,1
833860,2702357,70,1
833860,6230226,65,1
833860,3437288,60,1
833860,3437285,60,1
833860,7184644,60,1
833860,7184650,55,1
833860,3437289,50,1
833860,2036934,50,1
833860,6406714,50,1
833860,1400521,50,1
833860,6738736,40,1
833860,6406715,30,1
833860,2702358,30,1
833860,541470,20,1
833860,4736124,20,1
833860,2386361,10,1
833860,8683095,10,1
833860,7973006,10,1
833860,6829804,10,1
833860,7508039,10,1
833860,4565899,0,1
833860,2188108,100,0
833860,6297606,100,0
833860,2829180,100,0
833860,456068,100,0
833860,6230222,100,0
833860,5988243,100,0
833860,7153349,100,0
833860,3026174,100,0
833860,8584923,100,0
833860,5500892,100,0
833860,5639026,100,0
833860,3544301,100,0
833860,1524402,99,0
833860,3107240,99,0
833860,7153355,99,0
833860,280008,99,0
833860,8469913,99,0
833860,7007433,99,0
833860,5178289,98,0
833860,1971028,98,0
833860,1524406,95,0
833860,1969741,95,0
833860,1900577,95,0
833860,3107242,95,0
833860,1524401,95,0
833860,2829181,95,0
833860,5967462,95,0
833860,5759683,95,0
833860,1448548,95,0
833860,4967639,95,0
833860,8119467,95,0
833860,557588,95,0
833860,6277473,95,0
833860,8112006,95,0
833860,1016915,95,0
833860,6209174,95,0
833860,1694695,90,0
833860,280004,90,0
833860,2488241,90,0
833860,4046129,90,0
833860,1751577,90,0
833860,1859403,90,0
833860,6654798,90,0
833860,6610436,90,0
833860,6886846,90,0
833860,2597196,90,0
833860,2192805,90,0
833860,1579406,90,0
833860,6541901,90,0
833860,1799623,85,0
833860,3087477,80,0
833860,8742336,80,0
833860,1524648,80,0
833860,1524399,75,0
833860,7023585,70,0
833860,3798217,1,0
833860,611992,1,0
833860,115142,0,0
833860,1524403,0,0
833860,2488236,0,0
833860,7192576,0,0
833860,1524644,0,0
833860,5229080,0,0
833860,2727126,0,0
833860,8189156,0,0
833860,3729262,0,0
833860,4565141,0,0
833860,4460348,0,0
833860,6510230,0,0
833860,7548089,0,0
1114646,6704400,95,2
1114646,8117092,95,2
1114646,5417952,95,2
1114646,5959593,95,2
1114646,2676807,95,2
1114646,2647994,95,2
1114646,7984234,95,2
1114646,4771285,95,2
1114646,3184850,95,2
1114646,8327369,95,2
1114646,3184851,95,2
1114646,266552,95,2
1114646,687064,95,2
1114646,3467664,95,2
1114646,5217702,95,2
1114646,3467665,95,2
1114646,5661838,95,2
1114646,7065010,95,2
1114646,3470484,95,2
1114646,8117094,90,2
1114646,771368,90,2
1114646,5417954,90,2
1114646,6711103,90,2
1114646,5279567,90,2
1114646,8117087,90,2
1114646,5417953,90,2
1114646,7196956,90,2
1114646,6348309,90,2
1114646,2911039,90,2
1114646,5041692,90,2
1114646,2201127,90,2
1114646,4332918,90,2
1114646,8117095,90,2
1114646,2911035,90,2
1114646,5640859,90,2
1114646,3056368,90,2
1114646,5640856,90,2
1114646,5229617,90,2
1114646,579554,85,2
1114646,4908870,85,2
1114646,5836029,80,2
1114646,1544838,80,2
1114646,6704401,60,2
1114646,2343618,0,2
1114646,8117093,80,1
1114646,7196961,80,1
1114646,2911040,80,1
1114646,6455057,80,1
1114646,5661840,75,1
1114646,8117088,70,1
1114646,4438502,70,1
1114646,3741322,50,1
1114646,4655941,20,1
1114646,2407770,10,1
1114646,153138,10,1
1114646,76836,100,0
1114646,4327099,100,0
1114646,444382,99,0
1114646,2505776,99,0
1114646,4270203,99,0
1114646,400354,99,0
1114646,8825558,99,0
1114646,4776382,99,0
1114646,7629822,99,0
1114646,5128542,99,0
1114646,4824843,99,0
1114646,5829214,99,0
1114646,400352,99,0
1114646,2343615,95,0
1114646,4453440,95,0
1114646,898854,95,0
1114646,6214269,95,0
1114646,1760178,95,0
1114646,4314094,95,0
1114646,6157422,95,0
1114646,8074924,95,0
1114646,773300,95,0
1114646,7702599,95,0
1114646,1038132,95,0
1114646,4656405,90,0
1114646,444375,90,0
1114646,4908869,90,0
1114646,4656404,90,0
1114646,2505772,90,0
1114646,6120716,90,0
1114646,5080866,90,0
1114646,4603841,90,0
1114646,1647183,90,0
1114646,3123685,90,0
1114646,6589360,90,0
1114646,2343621,85,0
1114646,7012106,80,0
1114646,2319282,80,0
1114646,3828281,75,0
1114646,2995800,70,0
1114646,1884059,0,0
1114646,46323,0,0
1114646,860901,0,0
1114646,3092012,0,0
1114646,6501323,0,0
1113437,4498864,95,3
1113437,8128794,95,2
1113437,8128796,95,2
1113437,7497491,95,2
1113437,8128798,95,2
1113437,5938419,95,2
1113437,8128790,90,2
1113437,1066532,90,2
1113437,6021898,90,2
1113437,5188745,90,2
1113437,2354940,90,2
1113437,3518298,90,2
1113437,3064610,90,2
1113437,5546289,90,2
1113437,7277236,90,2
1113437,4016939,90,2
1113437,2354941,90,2
1113437,742037,85,2
1113437,1520227,85,2
1113437,4615569,80,2
1113437,8363317,80,2
1113437,3049194,75,2
1113437,3518300,85,1
1113437,6597538,85,1
1113437,520325,80,1
1113437,6215772,80,1
1113437,213006,80,1
1113437,807273,80,1
1113437,7385216,75,1
1113437,2535148,75,1
1113437,213011,75,1
1113437,3049193,75,1
1113437,5545723,75,1
1113437,6302495,70,1
1113437,6017945,70,1
1113437,8336306,70,1
1113437,313538,70,1
1113437,7385217,65,1
1113437,4016934,65,1
1113437,313542,65,1
1113437,7458700,65,1
1113437,3997986,60,1
1113437,61756,60,1
1113437,5188746,60,1
1113437,8162984,60,1
1113437,657400,60,1
1113437,8128793,55,1
1113437,5313809,55,1
1113437,6601849,50,1
1113437,4498873,50,1
1113437,5215406,50,1
1113437,5050470,50,1
1113437,4016930,50,1
1113437,3990056,45,1
1113437,4783291,40,1
1113437,1287014,40,1
1113437,7306673,30,1
1113437,5132846,30,1
1113437,1280572,30,1
1113437,4981632,20,1
1113437,1655114,20,1
1113437,213009,20,1
1113437,2110583,15,1
1113437,142150,10,1
1113437,4193422,0,1
1113437,7618564,100,0
1113437,1768734,99,0
1113437,6284746,99,0
1113437,5720141,99,0
1113437,4186999,99,0
1113437,8299324,99,0
1113437,4841345,95,0
1113437,919328,95,0
1113437,3436902,95,0
1113437,5748055,95,0
1113437,5215408,95,0
1113437,7618558,95,0
1113437,657405,95,0
1113437,4898185,95,0
1113437,807274,95,0
1113437,2759673,95,0
1113437,1768729,95,0
1113437,4498871,90,0
1113437,4486954,90,0
1113437,4216338,90,0
1113437,1783459,90,0
1113437,436902,90,0
1113437,436903,90,0
1113437,3436901,90,0
1113437,4111480,90,0
1113437,4628484,90,0
1113437,4628483,90,0
1113437,6992968,90,0
1113437,2922427,90,0
1113437,7126000,85,0
1113437,1931169,70,0
1113437,3325914,0,0
1113437,8133335,0,0
1113437,7774459,0,0
1113437,3329254,0,0
1117099,1798612,95,2
1117099,8093931,95,2
1117099,6122720,95,2
1117099,5286539,95,2
1117099,1798620,90,2
1117099,6122723,90,2
1117099,8446501,85,2
1117099,5286538,80,2
1117099,8446504,80,1
1117099,3543106,80,1
1117099,7077675,80,1
1117099,6177939,75,1
1117099,6122721,75,1
1117099,7610604,75,1
1117099,6691413,75,1
1117099,4458512,70,1
1117099,5258462,70,1
1117099,2398223,70,1
1117099,4131491,70,1
1117099,5752877,70,1
1117099,6622235,70,1
1117099,1212767,65,1
1117099,4441325,60,1
1117099,334615,60,1
1117099,8093932,60,1
1117099,4458506,60,1
1117099,6122724,60,1
1117099,2715359,60,1
1117099,464305,60,1
1117099,3633445,60,1
1117099,3412239,60,1
1117099,8152830,60,1
1117099,1013796,60,1
1117099,297115,60,1
1117099,3349612,50,1
1117099,8446502,50,1
1117099,1798619,50,1
1117099,7172078,50,1
1117099,6993942,40,1
1117099,3214921,40,1
1117099,1570999,35,1
1117099,5286540,30,1
1117099,2398222,30,1
1117099,5319158,30,1
1117099,7153698,25,1
1117099,7153702,20,1
1117099,7868161,10,1
1117099,5001703,10,1
1117099,1445087,100,0
1117099,2826254,100,0
1117099,6858994,100,0
1117099,4458509,99,0
1117099,7868164,99,0
1117099,389980,99,0
1117099,6858988,99,0
1117099,2567188,99,0
1117099,5817484,99,0
1117099,1068642,98,0
1117099,7722560,98,0
1117099,1551131,98,0
1117099,1174584,95,0
1117099,3729946,95,0
1117099,4493492,95,0
1117099,2789022,95,0
1117099,8079296,95,0
1117099,1197318,95,0
1117099,8708306,95,0
1117099,7431533,95,0
1117099,5643723,93,0
1117099,8714082,90,0
1117099,8714085,90,0
1117099,5699286,90,0
1117099,8093934,90,0
1117099,1986002,90,0
1117099,696157,90,0
1117099,810080,90,0
1117099,7676049,90,0
1117099,1632948,90,0
1117099,3186367,90,0
1117099,8709226,90,0
1117099,8709227,90,0
1117099,4888196,90,0
1117099,6398911,90,0
1117099,5597127,90,0
1117099,2292116,90,0
1117099,4631857,85,0
1117099,3427785,85,0
1117099,8714087,80,0
1117099,4001644,80,0
1117099,4775947,75,0
1117099,4131492,70,0
1117099,225482,50,0
1117099,8152834,30,0
1117099,3128113,25,0
1117099,7407593,10,0
1117099,2715363,5,0
1117099,4131489,0,0
1117099,3427786,0,0
1117099,5817491,0,0
1117099,2754430,0,0
1121402,188213,95,3
1121402,182369,95,2
1121402,182372,95,2
1121402,7125983,95,2
1121402,7125981,95,2
1121402,182364,95,2
1121402,5189913,90,2
1121402,182368,90,2
1121402,8052621,90,2
1121402,8052617,90,2
1121402,8052620,90,2
1121402,3785308,90,2
1121402,8052623,90,2
1121402,8052622,90,2
1121402,3511789,90,2
1121402,8052624,85,2
1121402,8052619,85,2
1121402,7125987,85,2
1121402,188214,85,2
1121402,7125980,80,2
1121402,188209,80,2
1121402,7142994,80,2
1121402,188210,70,2
1121402,188218,90,1
1121402,4449267,80,1
1121402,188216,80,1
1121402,3785310,75,1
1121402,5318501,75,1
1121402,3412904,75,1
1121402,8235730,70,1
1121402,7125978,70,1
1121402,182365,70,1
1121402,7125982,70,1
1121402,3785309,70,1
1121402,3511795,70,1
1121402,697136,70,1
1121402,8089444,60,1
1121402,188211,60,1
1121402,7011506,55,1
1121402,188215,50,1
1121402,7125985,50,1
1121402,43770,50,1
1121402,177810,50,1
1121402,465100,50,1
1121402,53692,50,1
1121402,4893523,50,1
1121402,7471825,50,1
1121402,1402314,40,1
1121402,1249687,20,1
1121402,6918691,20,1
1121402,8376430,20,1
1121402,1471443,20,1
1121402,188217,15,1
1121402,5614619,100,0
1121402,1608737,100,0
1121402,8832487,100,0
1121402,177809,100,0
1121402,177813,100,0
1121402,7774688,100,0
1121402,6392405,100,0
1121402,8453588,99,0
1121402,6717342,99,0
1121402,8821498,99,0
1121402,53696,99,0
1121402,4844735,99,0
1121402,8492342,98,0
1121402,2281086,95,0
1121402,4727107,95,0
1121402,4214351,95,0
1121402,6371837,95,0
1121402,5966850,95,0
1121402,1873309,95,0
1121402,5103864,95,0
1121402,6371843,90,0
1121402,177807,90,0
1121402,6157464,90,0
1121402,8821496,90,0
1121402,7572312,90,0
1121402,7477363,90,0
1121402,7898701,90,0
1121402,7477362,90,0
1121402,3494458,90,0
1121402,5614625,90,0
1121402,7161979,90,0
1121402,8718639,90,0
1121402,7510847,85,0
1121402,5662150,70,0
1121402,53699,50,0
1121402,182373,0,0
1121402,182370,0,0
1121402,4449258,0,0
1121402,6324938,0,0
1121402,6717338,0,0
1121402,53697,0,0
1121402,6717336,0,0
1121402,333401,0,0
1121402,4986315,0,0
1121402,7572311,0,0
1121402,3674185,0,0
1121402,6392400,0,0
168216,3908776,100,3
168216,6426638,100,3
168216,1301465,100,3
168216,8185137,100,3
168216,1301474,100,3
168216,6061718,100,3
168216,3399712,100,3
168216,8185135,99,3
168216,3908777,95,3
168216,6213322,95,3
168216,6282561,95,3
168216,6426634,95,3
168216,1301469,95,3
168216,3198689,90,3
168216,1183706,90,3
168216,6282562,90,3
168216,6426632,90,3
168216,5935474,90,3
168216,4324487,90,3
168216,6061721,100,2
168216,5935476,99,2
168216,3830857,95,2
168216,13499,95,2
168216,6264733,95,2
168216,3908773,95,2
168216,3399713,95,2
168216,290826,95,2
168216,4792582,95,2
168216,3198687,95,2
168216,1301472,95,2
168216,8639627,95,2
168216,3033359,95,2
168216,7492755,95,2
168216,6282567,95,2
168216,6329932,95,2
168216,8731623,95,2
168216,8252763,95,2
168216,7337513,95,2
168216,8185131,95,2
168216,6282560,95,2
168216,3198682,95,2
168216,4324491,95,2
168216,6249512,95,2
168216,7337519,95,2
168216,8048968,95,2
168216,7492752,95,2
168216,1381477,90,2
168216,3174840,90,2
168216,2265769,90,2
168216,3344828,90,2
168216,6213325,90,2
168216,3908774,90,2
168216,2069992,90,2
168216,2790904,90,2
168216,1924800,90,2
168216,3399715,90,2
168216,8639630,90,2
168216,1924796,90,2
168216,8141128,90,2
168216,8731621,90,2
168216,4119829,90,2
168216,8723467,90,2
168216,2265772,90,2
168216,8639633,90,2
168216,4498419,90,2
168216,1735358,90,2
168216,1301467,90,2
168216,3681095,90,2
168216,5293614,90,2
168216,6061722,90,2
168216,5935477,90,2
168216,3198680,90,2
168216,5024307,90,2
168216,4324492,90,2
168216,6264732,90,2
168216,2210775,90,2
168216,6061726,90,2
168216,1090088,90,2
168216,8731624,90,2
168216,8185129,90,2
168216,4191395,90,2
168216,8731625,90,2
168216,7492748,90,2
168216,1301468,90,2
168216,1301471,90,2
168216,7492753,90,2
168216,1274194,90,2
168216,1301466,90,2
168216,6264731,90,2
168216,5690224,90,2
168216,2036279,85,2
168216,2069995,85,2
168216,4792583,85,2
168216,1735360,80,1
168216,2659074,80,1
168216,3344832,80,1
168216,661750,100,0
168216,7745780,100,0
168216,3344834,90,0
168216,731200,85,0
1112341,8139256,95,2
1112341,8139255,95,2
1112341,6726344,90,2
1112341,6164791,80,2
1112341,4927748,85,1
1112341,6903063,75,1
1112341,2735215,70,1
1112341,8442174,70,1
1112341,3524227,70,1
1112341,3795896,70,1
1112341,8139258,65,1
1112341,8442178,65,1
1112341,6478665,60,1
1112341,8606160,60,1
1112341,4022846,60,1
1112341,7915023,60,1
1112341,8725077,60,1
1112341,7597740,60,1
1112341,7079779,55,1
1112341,8139249,50,1
1112341,2735219,50,1
1112341,5982344,50,1
1112341,3658729,50,1
1112341,3007130,50,1
1112341,550571,45,1
1112341,2694636,40,1
1112341,6016292,35,1
1112341,2916681,30,1
1112341,7242813,30,1
1112341,6740558,20,1
1112341,2096427,20,1
1112341,90432,20,1
1112341,7635722,20,1
1112341,4263743,20,1
1112341,1312437,20,1
1112341,883225,20,1
1112341,8139251,10,1
1112341,8442177,10,1
1112341,7718340,10,1
1112341,1373651,10,1
1112341,8555308,10,1
1112341,508023,5,1
1112341,805834,0,1
1112341,508024,0,1
1112341,2596432,100,0
1112341,8802641,100,0
1112341,1227036,100,0
1112341,1554245,100,0
1112341,1267520,99,0
1112341,2096429,99,0
1112341,883227,99,0
1112341,8316213,99,0
1112341,400581,99,0
1112341,4977768,98,0
1112341,6947373,98,0
1112341,5029428,98,0
1112341,2596431,95,0
1112341,1675296,95,0
1112341,7349793,95,0
1112341,1045315,95,0
1112341,6726346,95,0
1112341,7747884,95,0
1112341,2390522,95,0
1112341,6416487,95,0
1112341,3291152,95,0
1112341,3344316,95,0
1112341,733687,95,0
1112341,5899430,95,0
1112341,2434429,95,0
1112341,8609536,95,0
1112341,4595997,95,0
1112341,5204825,95,0
1112341,848961,95,0
1112341,2616109,95,0
1112341,2770214,95,0
1112341,2026107,95,0
1112341,1052666,94,0
1112341,1373648,90,0
1112341,400582,90,0
1112341,1288918,90,0
1112341,1369482,90,0
1112341,3291151,90,0
1112341,2830103,90,0
1112341,1373646,90,0
1112341,1288917,90,0
1112341,1180260,90,0
1112341,7194373,90,0
1112341,8424594,90,0
1112341,3669682,90,0
1112341,6167355,90,0
1112341,439512,90,0
1112341,1493657,80,0
1112341,8629184,80,0
1112341,90433,10,0
1112341,6102033,0,0
1112341,8223035,0,0
1112341,4538538,0,0
1112341,5729974,0,0
1112341,4595994,0,0
1112341,4621549,0,0
1063750,2531262,95,3
1063750,4337527,99,2
1063750,7952971,95,2
1063750,3610446,95,2
1063750,4337526,90,2
1063750,2391457,90,2
1063750,2230090,85,2
1063750,3327051,85,2
1063750,4823168,85,1
1063750,4788297,80,1
1063750,5442717,80,1
1063750,3765643,75,1
1063750,6093904,70,1
1063750,7778351,70,1
1063750,7412330,70,1
1063750,4823169,60,1
1063750,7466281,60,1
1063750,7937217,60,1
1063750,6407369,60,1
1063750,6093907,50,1
1063750,3633193,50,1
1063750,4895432,50,1
1063750,5061526,50,1
1063750,5659951,50,1
1063750,5236487,40,1
1063750,7242446,30,1
1063750,6796349,20,1
1063750,4349323,10,1
1063750,8354852,0,1
1063750,4788295,100,0
1063750,8093226,100,0
1063750,5511493,100,0
1063750,3985729,100,0
1063750,1747827,100,0
1063750,6436703,99,0
1063750,4164408,99,0
1063750,3805477,99,0
1063750,7494554,99,0
1063750,8182566,99,0
1063750,7215631,99,0
1063750,5123011,99,0
1063750,4164404,95,0
1063750,4788299,95,0
1063750,2516,95,0
1063750,4330928,95,0
1063750,7412324,95,0
1063750,4329899,95,0
1063750,2981566,95,0
1063750,1449750,95,0
1063750,5971113,95,0
1063750,7783007,95,0
1063750,292715,95,0
1063750,4318010,95,0
1063750,3419024,95,0
1063750,2741096,95,0
1063750,8778700,95,0
1063750,621072,95,0
1063750,2868845,90,0
1063750,4788296,90,0
1063750,6992949,90,0
1063750,7614194,90,0
1063750,6666451,90,0
1063750,8809842,90,0
1063750,7493867,90,0
1063750,2737817,90,0
1063750,3419021,90,0
1063750,6796352,90,0
1063750,2992036,90,0
1063750,5057642,90,0
1063750,1506582,90,0
1063750,8809837,90,0
1063750,2881841,90,0
1063750,3959834,85,0
1063750,7778348,85,0
1063750,8689799,80,0
1063750,8093228,80,0
1063750,6312813,80,0
1063750,4035182,80,0
1063750,1126299,80,0
1063750,5256198,67,0
1063750,3388270,60,0
1063750,4096516,40,0
1063750,8689678,25,0
1063750,5307035,25,0
1063750,292720,15,0
1063750,2997653,0,0
1063750,2197526,0,0
1063750,5539843,0,0
1063750,8378776,0,0
1063750,3057055,0,0
1063750,7244922,0,0
1063750,3633196,0,0
1063750,7881253,0,0
1063750,5937604,0,0
1063750,2489562,0,0
1063750,4844353,0,0
1063750,7230839,0,0
1063750,7466280,0,0
1063750,4414266,0,0
1063750,8670789,0,0
405717,4704978,100,3
405717,5079482,100,3
405717,4828118,90,3
405717,2702423,90,3
405717,3986308,90,3
405717,8433854,100,2
405717,8433858,95,2
405717,2702419,95,2
405717,2747484,95,2
405717,7896211,95,2
405717,7170626,95,2
405717,6654655,95,2
405717,5638740,95,2
405717,7288996,95,2
405717,7170630,95,2
405717,2365659,95,2
405717,4489666,95,2
405717,758581,95,2
405717,7728831,95,2
405717,2642838,95,2
405717,3274915,95,2
405717,3514259,95,2
405717,2768521,95,2
405717,6419725,95,2
405717,3803378,95,2
405717,5857562,95,2
405717,7458371,95,2
405717,4432155,95,2
405717,3033900,90,2
405717,2365660,90,2
405717,2747485,90,2
405717,2365661,90,2
405717,3986303,90,2
405717,3986305,90,2
405717,3986309,90,2
405717,702386,90,2
405717,2747489,90,2
405717,7589975,90,2
405717,2879960,90,2
405717,3986307,90,2
405717,1589738,90,2
405717,4406585,90,2
405717,7170624,90,2
405717,7170625,90,2
405717,7447941,85,2
405717,4704975,85,2
405717,8156519,85,2
405717,3274918,85,2
405717,7896212,85,2
405717,8433852,85,2
405717,2365665,85,2
405717,273851,85,2
405717,2747492,80,2
405717,7447942,80,2
405717,576346,80,2
405717,28372,80,2
405717,7170629,80,2
405717,2365663,90,1
405717,2747491,90,1
405717,758582,85,1
405717,5274649,85,1
405717,1849743,80,1
405717,5668741,80,1
405717,2747488,80,1
405717,8433856,80,1
405717,4776928,80,1
405717,2747486,75,1
405717,7965240,75,1
405717,846414,75,1
405717,4711654,75,1
405717,6786304,70,1
405717,931517,70,1
405717,5690234,70,1
405717,4326699,70,1
405717,7447943,70,1
405717,8610271,70,1
405717,5079486,65,1
405717,758585,65,1
405717,1619423,60,1
405717,5690233,60,1
405717,702383,60,1
405717,4577231,60,1
405717,5690237,60,1
405717,3033904,60,1
405717,4704973,60,1
405717,4776926,60,1
405717,234955,50,1
405717,4987955,50,1
405717,505912,50,1
405717,2413458,50,1
405717,2413461,50,1
405717,6741362,30,1
405717,7201361,25,1
405717,4489661,20,1
405717,6442862,99,0
405717,758586,90,0
405717,2125641,90,0
405717,28368,85,0
405717,2616168,80,0
405717,2365662,75,0
1103812,8220085,95,2
1103812,8220089,95,2
1103812,4401695,95,2
1103812,3843263,95,2
1103812,8220086,95,2
1103812,2750961,95,2
1103812,8220088,95,2
1103812,1059165,95,2
1103812,3843267,90,2
1103812,1659852,90,2
1103812,2332189,90,2
1103812,6289840,85,2
1103812,4292848,85,2
1103812,8220087,85,2
1103812,1583317,80,2
1103812,8220080,80,2
1103812,8293805,95,1
1103812,1527127,90,1
1103812,8224181,80,1
1103812,2945096,70,1
1103812,3297503,65,1
1103812,3486832,60,1
1103812,2379409,50,1
1103812,3672744,40,1
1103812,7507311,40,1
1103812,2746387,40,1
1103812,3843271,25,1
1103812,8062134,20,1
1103812,2967948,15,1
1103812,2379408,10,1
1103812,7242599,10,1
1103812,6103245,10,1
1103812,1659850,100,0
1103812,8224183,100,0
1103812,3936549,100,0
1103812,59539,100,0
1103812,2641960,100,0
1103812,1059168,100,0
1103812,3591094,99,0
1103812,5974245,99,0
1103812,239599,99,0
1103812,6927987,99,0
1103812,3672742,99,0
1103812,1783582,99,0
1103812,2250580,99,0
1103812,1783588,99,0
1103812,3425644,99,0
1103812,1241994,99,0
1103812,6619493,99,0
1103812,4954262,99,0
1103812,4645341,99,0
1103812,6927984,98,0
1103812,3543021,95,0
1103812,4824834,95,0
1103812,4191304,95,0
1103812,1736597,95,0
1103812,3684048,95,0
1103812,864598,95,0
1103812,6054716,95,0
1103812,7285933,95,0
1103812,3978768,95,0
1103812,1785498,95,0
1103812,7076088,95,0
1103812,4331707,95,0
1103812,2878679,95,0
1103812,4059416,95,0
1103812,5201200,95,0
1103812,4905650,95,0
1103812,7551186,95,0
1103812,5976809,95,0
1103812,4455026,90,0
1103812,4824831,90,0
1103812,7206366,90,0
1103812,5372067,90,0
1103812,5201198,90,0
1103812,2379406,90,0
1103812,5564936,90,0
1103812,3684042,90,0
1103812,4434352,90,0
1103812,8792133,90,0
1103812,2715494,90,0
1103812,5974240,90,0
1103812,2489484,90,0
1103812,8435739,90,0
1103812,8237381,90,0
1103812,4726841,90,0
1103812,3936550,87,0
1103812,2666747,85,0
1103812,2641953,85,0
1103812,5190505,80,0
1103812,8097008,80,0
1103812,5000627,80,0
1103812,6790264,80,0
1103812,5581284,80,0
1103812,4905647,0,0
1103812,4954261,0,0
1103812,2972402,0,0
1103812,4567920,0,0
1103812,955560,0,0
1103812,2859495,0,0
1106007,1334336,100,3
1106007,2960563,100,3
1106007,4255223,95,3
1106007,8204457,90,3
1106007,7685384,90,3
1106007,4953437,90,3
1106007,7509690,100,2
1106007,2677529,100,2
1106007,2384069,99,2
1106007,1334335,95,2
1106007,4173709,95,2
1106007,8199521,95,2
1106007,4120343,95,2
1106007,7685383,95,2
1106007,6209484,95,2
1106007,2777113,95,2
1106007,2513610,95,2
1106007,2621974,95,2
1106007,5974974,95,2
1106007,2866628,95,2
1106007,3390428,95,2
1106007,2798884,95,2
1106007,6255354,95,2
1106007,8204463,90,2
1106007,1334328,90,2
1106007,3537614,90,2
1106007,765663,90,2
1106007,8802281,90,2
1106007,2960561,90,2
1106007,6126197,90,2
1106007,4089153,90,2
1106007,5952125,90,2
1106007,2294712,90,2
1106007,548434,90,2
1106007,5971071,90,2
1106007,4001949,90,2
1106007,2621981,90,2
1106007,4753818,90,2
1106007,7509690,85,2
1106007,6147546,80,2
1106007,3260376,90,1
1106007,2602354,87,1
1106007,7456197,80,1
1106007,7638720,80,1
1106007,3137010,75,1
1106007,7022723,75,1
1106007,7045935,70,1
1106007,5228016,70,1
1106007,8811080,70,1
1106007,2513608,70,1
1106007,4004166,70,1
1106007,5813635,65,1
1106007,3745155,65,1
1106007,1530299,60,1
1106007,8203964,60,1
1106007,5993697,60,1
1106007,2143420,60,1
1106007,8521958,60,1
1106007,8649212,60,1
1106007,8214505,60,1
1106007,8204461,55,1
1106007,6942456,50,1
1106007,2464377,50,1
1106007,2777112,50,1
1106007,8811073,30,1
1106007,2602346,25,1
1106007,814414,25,1
1106007,8204464,20,1
1106007,6492973,20,1
1106007,4606749,20,1
1106007,13564,15,1
1106007,920778,10,1
1106007,5228015,10,1
1106007,5836920,100,0
1106007,4747656,100,0
1106007,13561,100,0
1106007,1343769,99,0
1106007,8348781,99,0
1106007,2623990,99,0
1106007,4753821,99,0
1106007,3427763,98,0
1106007,2165342,97,0
1106007,5279699,95,0
1106007,5913575,95,0
1106007,8141089,95,0
1106007,3174638,95,0
1106007,5913574,95,0
1106007,6126194,90,0
1106007,7726655,90,0
1106007,2143418,90,0
1106007,1918089,90,0
1106007,4000699,90,0
1106007,4359726,90,0
1106007,8141088,90,0
1106007,2704004,90,0
1106007,8204460,90,0
1106007,3263361,90,0
1106007,7638713,85,0
1106007,7638716,80,0
1106007,5174765,1,0
1106007,2464378,0,0