query_id,relevance_docid,average_score,average_confidence
264014,4647186,2,95
264014,6641238,2,94
264014,2223171,2,94
264014,1804644,2,94
264014,528372,2,94
264014,5328095,2,94
264014,96851,2,94
264014,6555322,2,94
264014,6105572,2,94
264014,96857,2,94
264014,1610706,2,94
264014,3666584,2,94
264014,4834547,2,93
264014,5950722,2,93
264014,6105566,2,93
264014,6333841,2,93
264014,4125993,2,92.6
264014,96854,2,92
264014,4239616,2,92
264014,684616,2,92
264014,447992,2,92
264014,6337909,2,92
264014,4687213,2,92
264014,3120993,2,92
264014,5063309,2,92
264014,4834545,2,92
264014,1163962,2,92
264014,5635521,2,91
264014,1610714,2,91
264014,7326934,2,91
264014,5849270,2,91
264014,96855,2,91
264014,3666583,2,91
264014,2420367,2,91
264014,684618,2,91
264014,1610711,2,91
264014,5950719,2,91
264014,6501719,2,91
264014,7196300,2,91
264014,5611210,2,90
264014,5635519,2,90
264014,3577342,2,90
264014,1610710,2,90
264014,3683674,2,90
264014,5950724,2,90
264014,1313260,2,90
264014,331935,2,90
264014,3780879,2,90
264014,5950723,2,89
264014,2688537,2,89
264014,4021598,2,89
264014,3338827,2,89
264014,8502491,2,89
264014,5896177,2,89
264014,331933,2,89
264014,2991665,2,88
264014,276903,2,87
264014,3577344,2,84
264014,2572557,1.8,88
264014,8008355,1.8,88
264014,96859,1.8,87
264014,340490,1.8,87
264014,528379,1.8,85
264014,3764482,1.8,85
264014,96852,1.8,84
264014,3215992,1.8,83
264014,3585842,1.6,82
264014,8531391,1.6,82
264014,5063302,1.6,73
264014,3720137,1.4,79
264014,340485,1.4,78
264014,1610713,1.4,77
264014,4125994,1.4,74
264014,8531389,1.2,74
264014,1610712,1.2,69
264014,5950725,1.2,68
264014,5104401,1.2,67
264014,2474341,1.2,65
264014,2498165,1.2,65
264014,3338823,1,74
264014,7317297,1,72
264014,5583426,1,70
264014,1610709,1,69
264014,4615176,1,69
264014,3201487,1,68
264014,8193533,1,67
264014,8623794,1,66
264014,1610708,1,66
264014,5386314,1,62
264014,473960,1,61
264014,5587285,1,54
264014,4018139,1,52
264014,5386309,1,50
264014,1697966,0.8,67
264014,8310921,0.8,63
264014,96856,0.6,54
264014,4018134,0.4,72
264014,4425760,0.2,74
264014,1444280,0.2,58
264014,2438164,0,93
104861,459676,2,92
104861,6351571,2,92
104861,5864693,2,92
104861,8495099,2,92
104861,5248341,2,92
104861,629274,2,92
104861,2377050,2,92
104861,5150431,2,91
104861,1948963,2,91
104861,629278,2,91
104861,146170,2,91
104861,5688417,2,91
104861,1313687,2,91
104861,5836442,2,91
104861,4019224,2,91
104861,459675,2,90
104861,5248340,2,90
104861,2600385,2,90
104861,7506028,2,90
104861,5688416,2,90
104861,1046334,2,90
104861,8516149,2,90
104861,2916636,2,90
104861,3925933,2,89
104861,8546162,2,89
104861,5801822,2,89
104861,8259116,2,89
104861,6187055,2,89
104861,5150438,2,89
104861,2958133,2,89
104861,1017092,2,88
104861,6585554,2,88
104861,7506026,2,87
104861,715676,2,87
104861,2958127,2,87
104861,125332,2,85
104861,5667474,2,
104861,6241793,1.8,88
104861,5703400,1.8,87
104861,5703401,1.8,86
104861,7204477,1.8,85
104861,5688420,1.8,85
104861,2158194,1.8,84
104861,5864689,1.8,76
104861,1304632,1.6,84
104861,6200735,1.6,84
104861,1424216,1.6,75
104861,6704672,1.6,
104861,1811410,1.4,78
104861,8546159,1.4,76
104861,5379458,1.4,67
104861,314919,1.4,
104861,409268,1.2,71
104861,6653676,1.2,69
104861,6200737,1.2,66
104861,8141081,1.2,63
104861,1017085,1.2,56
104861,5607729,1,84
104861,7666364,1,67
104861,4717134,1,64
104861,5688415,1,63
104861,1995989,1,63
104861,7462393,1,63
104861,6658615,1,62
104861,6391586,1,62
104861,7186729,1,61
104861,672931,1,61
104861,8260035,1,60
104861,6436838,1,60
104861,5073463,1,60
104861,6788423,1,60
104861,146178,1,59
104861,6566321,1,59
104861,8260037,1,58
104861,2958131,1,54
104861,6202527,1,34
104861,5110656,1,33
104861,6056677,1,
104861,8400531,0.8,69.8
104861,3915516,0.8,68
104861,6156641,0.8,68
104861,5670527,0.8,62
104861,8138536,0.8,58
104861,1313691,0.8,58
104861,8546679,0.8,56
104861,4563275,0.8,50
104861,7817767,0.6,58.8
104861,5405670,0.6,38
104861,5778133,0.4,81
104861,6518057,0.4,76
104861,4197096,0.2,84
104861,1365744,0.2,79
104861,3928196,0.2,78.8
104861,4930174,0.2,76.8
104861,8131235,0.2,74
104861,4961345,0.2,66
104861,5101716,0,93
104861,5598961,0,91
104861,2471336,0,83
104861,4350441,0,
130510,8612910,2.2,94
130510,1494936,2.2,92
130510,4022904,2.2,92
130510,8612909,2,94
130510,8612906,2,93
130510,8612904,2,93
130510,1494930,2,93
130510,5685711,2,93
130510,4022905,2,93
130510,2490145,2,93
130510,799647,2,92
130510,8612903,2,92
130510,1494939,2,92
130510,5685710,2,92
130510,4022909,2,91
130510,2862522,2,91
130510,3163980,2,91
130510,2862518,2,91
130510,7479905,2,91
130510,8612902,2,90
130510,1494938,2,90
130510,6815300,2,90
130510,7501558,2,90
130510,7203252,2,90
130510,8514425,2,85
130510,6881820,1.8,89
130510,3923091,1.8,89
130510,6621100,1.8,86
130510,4022902,1.8,86
130510,2862515,1.8,82
130510,7464751,1.6,95
130510,1494932,1.6,83
130510,2174992,1.6,83
130510,1481524,1.6,83
130510,7125239,1.6,80
130510,7501557,1.6,78
130510,2881563,1.6,74
130510,5930011,1.4,80
130510,996732,1.2,83
130510,2589317,1.2,73
130510,1799013,1.2,69
130510,7603931,1,81
130510,1159414,1,78
130510,5685708,1,78
130510,996740,1,73
130510,3913778,1,68
130510,6035035,1,66
130510,6881821,1,58
130510,5685706,0.8,81
130510,2407055,0.8,78
130510,2079377,0.8,76
130510,1881840,0.8,76
130510,1494933,0.8,73
130510,5930018,0.8,71
130510,3995677,0.8,59.8
130510,1494931,0.8,51
130510,2589323,0.8,40
130510,440983,0.6,86
130510,2346969,0.6,85
130510,7997887,0.6,79.8
130510,1110766,0.6,79
130510,6881818,0.6,77
130510,6763277,0.6,75.6
130510,6486232,0.6,75
130510,6542823,0.6,74.8
130510,6183638,0.6,71
130510,6172269,0.6,70
130510,7501563,0.4,92
130510,1494935,0.4,79
130510,7001677,0.4,74
130510,4528805,0.2,89.8
130510,1494937,0.2,88.8
130510,5930013,0.2,88.6
130510,2420310,0.2,85
130510,4089773,0.2,81
130510,566525,0.2,54
130510,2490150,0,98.2
130510,7001679,0,96
130510,5930010,0,95.8
130510,2961568,0,95.8
130510,5930015,0,95.8
130510,7792405,0,94.6
130510,6542827,0,94.6
130510,5415276,0,94
130510,8095118,0,94
130510,348429,0,94
130510,5685704,0,93.8
130510,815703,0,93.8
130510,4189500,0,92.8
130510,2079375,0,92
130510,7777480,0,92
130510,7298862,0,91
130510,7529548,0,90
130510,4528808,0,89
130510,7696346,0,88
130510,8612905,0,88
130510,1047769,0,83.8
130510,7777478,0,74
130510,7708723,0,71
130510,5791683,0,
1114819,1724520,2.2,96
1114819,3781418,2.2,95
1114819,6900774,2.2,95
1114819,8022280,2.2,94
1114819,1738242,2.2,93.8
1114819,5628952,2.2,93
1114819,7803429,2.2,93
1114819,344350,2.2,92.8
1114819,988369,2.2,91
1114819,752644,2.2,89
1114819,8625086,2,94
1114819,1315994,2,94
1114819,6941478,2,93
1114819,8115440,2,93
1114819,8115435,2,93
1114819,5165249,2,93
1114819,8336232,2,93
1114819,694735,2,93
1114819,988370,2,93
1114819,3781419,2,93
1114819,785027,2,92
1114819,988373,2,92
1114819,4890560,2,92
1114819,8754397,2,92
1114819,1419798,2,92
1114819,785028,2,92
1114819,8508255,2,92
1114819,2590455,2,92
1114819,7156443,2,92
1114819,255279,2,92
1114819,8024894,2,92
1114819,1315998,2,91
1114819,1419801,2,91
1114819,6900773,2,91
1114819,5019832,2,91
1114819,8115439,2,91
1114819,6900769,2,91
1114819,1852066,2,91
1114819,8579832,2,91
1114819,2926432,2,91
1114819,8115706,2,91
1114819,5156171,2,91
1114819,6202321,2,91
1114819,812436,2,91
1114819,3144706,2,91
1114819,3906952,2,90
1114819,8096824,2,90
1114819,8754398,2,90
1114819,1625836,2,90
1114819,8579830,2,90
1114819,862869,2,90
1114819,2590453,2,89
1114819,8115434,2,88
1114819,988378,2,88
1114819,8088111,1.8,88
1114819,6900767,1.8,88
1114819,5718417,1.8,86
1114819,1002627,1.8,86
1114819,5342188,1.8,85
1114819,7786792,1.8,84
1114819,2831393,1.8,83
1114819,8088109,1.8,83
1114819,5521373,1.8,
1114819,3906954,1.6,95
1114819,5703157,1.6,93
1114819,1851540,1.6,92
1114819,8115703,1.6,92
1114819,5363582,1.6,90
1114819,6951105,1.6,89
1114819,1724528,1.6,87.8
1114819,461344,1.6,87
1114819,7132894,1.6,78
1114819,1315993,1.6,
1114819,1735443,1.4,84
1114819,8022281,1.4,81
1114819,783080,1.4,80
1114819,8754404,1.4,76
1114819,8754403,1.4,72
1114819,8321012,1.2,93
1114819,1009500,1.2,92
1114819,8754399,1.2,68
1114819,8480574,1,69
1114819,1724523,1,68
1114819,988375,1,66
1114819,8336223,1,62
1114819,2192058,1,62
1114819,1315997,1,60
1114819,8754400,1,60
1114819,126884,1,54
1114819,750446,1,34
1114819,5019830,0.8,97
1114819,3353671,0.8,95
1114819,1816958,0.8,71
1114819,8022279,0.8,63.8
1114819,4064011,0.8,44
1114819,771719,0.6,60
1114819,8754395,0.6,
1114819,8336231,0.4,81.8
1114819,6578914,0.4,73
1114819,8022277,0.2,84
1110199,8160520,2,93
1110199,4511137,2,93
1110199,1901881,2,92
1110199,7174098,2,92
1110199,8160519,2,91
1110199,7821191,2,91
1110199,5857921,2,91
1110199,3342396,2,91
1110199,1426939,2,91
1110199,4511144,2,90
1110199,5172684,2,89
1110199,4489656,2,89
1110199,5600214,2,88
1110199,2796830,2,87
1110199,637099,2,87
1110199,2796825,2,84
1110199,558317,1.8,89
1110199,5355385,1.8,89
1110199,7369955,1.8,88
1110199,1197690,1.8,88
1110199,6923050,1.8,87
1110199,3934419,1.8,86
1110199,735472,1.8,86
1110199,5172688,1.8,85
1110199,3609843,1.8,84
1110199,557603,1.8,83
1110199,8160527,1.6,88
1110199,2594143,1.6,84
1110199,6923057,1.6,83
1110199,3684454,1.6,80
1110199,1411495,1.6,79
1110199,557605,1.4,76
1110199,3107787,1.2,82
1110199,4438812,1.2,76
1110199,2218462,1.2,73
1110199,357932,1.2,69
1110199,2925378,1.2,62
1110199,7680811,1,77
1110199,2080928,1,77
1110199,3588619,1,76
1110199,5218014,1,72
1110199,8160524,1,70
1110199,398442,1,69
1110199,6645893,1,69
1110199,6509853,1,69
1110199,2713574,1,69
1110199,3838645,1,67
1110199,1795043,1,67
1110199,425993,1,67
1110199,554529,1,67
1110199,8301971,1,66
1110199,5049366,1,65
1110199,5716613,1,65
1110199,4949578,1,64
1110199,8113522,1,63
1110199,4438807,1,62
1110199,7628031,1,61
1110199,6430361,1,60
1110199,8267435,1,60
1110199,6161016,1,56
1110199,5007789,1,54
1110199,554521,1,45
1110199,6430362,1,40
1110199,2777133,1,14
1110199,879021,0.8,70
1110199,6392463,0.8,67
1110199,2279578,0.8,60
1110199,3817715,0.8,59.6
1110199,6392469,0.8,41
1110199,2777132,0.8,39
1110199,8301973,0.6,79
1110199,3722531,0.6,76.8
1110199,6161010,0.6,75
1110199,4082283,0.6,73
1110199,2811563,0.6,72.8
1110199,8160523,0.6,70
1110199,5279606,0.6,69
1110199,5719120,0.6,67.8
1110199,5326655,0.6,50
1110199,4411531,0.4,82.8
1110199,554522,0.4,79.8
1110199,2312587,0.4,75
1110199,879019,0.4,72
1110199,507878,0.2,89.6
1110199,3647394,0.2,88
1110199,4750530,0.2,87
1110199,5555051,0.2,86.8
1110199,5846443,0.2,80
1110199,3588624,0.2,80
1110199,6822586,0,96.6
1110199,2612594,0,96.4
1110199,507875,0,93.8
1110199,6503962,0,93.8
1110199,7267932,0,93
1110199,3447960,0,93
1110199,4680533,0,92.8
1110199,6475269,0,92
1110199,167604,0,91
1110199,1957395,0,91
1110199,3270581,0,89
1129237,3905802,2.6,97
1129237,2697752,2.4,92
1129237,8588222,2.4,91
1129237,3905057,2.2,95
1129237,3683096,2.2,95
1129237,7911557,2.2,94
1129237,128984,2.2,94
1129237,998751,2.2,94
1129237,6080460,2.2,92
1129237,8682824,2,94
1129237,6343520,2,94
1129237,5906130,2,93
1129237,2697746,2,93
1129237,5831781,2,93
1129237,5122274,2,93
1129237,8588219,2,92
1129237,6343521,2,92
1129237,806652,2,92
1129237,3153068,2,91
1129237,1779229,2,91
1129237,8588227,2,90
1129237,3097761,2,90
1129237,4233385,2,88
1129237,4233383,2,87
1129237,3993743,1.8,91
1129237,392579,1.8,86
1129237,3858675,1.8,85
1129237,5094333,1.8,73
1129237,8588223,1.6,
1129237,3409660,1.4,78
1129237,4773351,1.2,83
1129237,7688471,1.2,76
1129237,7874566,1.2,66
1129237,4367170,1.2,60
1129237,7688465,1,72
1129237,3279719,1,65
1129237,461837,1,60
1129237,4779185,1,58
1129237,305088,1,52
1129237,262492,1,45
1129237,8588226,0.8,83
1129237,1770027,0.8,66
1129237,6225977,0.8,58
1129237,3905806,0.8,55
1129237,302210,0.8,47
1129237,4066969,0.8,43
1129237,2955239,0.8,41
1129237,3858678,0.8,28
1129237,8712732,0.6,80
1129237,4915547,0.6,73
1129237,3641168,0.4,84
1129237,6194648,0.4,82
1129237,3832685,0.4,74
1129237,2015118,0.4,74
1129237,7350325,0.4,67
1129237,3832058,0.4,66
1129237,1325030,0.4,53
1129237,7769728,0.4,32
1129237,6868144,0.2,93
1129237,461835,0.2,90
1129237,2971620,0.2,88
1129237,4003056,0.2,88
1129237,4723973,0.2,87
1129237,3649330,0.2,86
1129237,3588805,0.2,86
1129237,1721142,0.2,84
1129237,6884449,0.2,80.8
1129237,2351491,0.2,78
1129237,6194643,0.2,76
1129237,5916672,0.2,76
1129237,7769727,0.2,75.8
1129237,4328625,0.2,75
1129237,6166230,0.2,74
1129237,2188742,0.2,52
1129237,2777625,0.2,43.8
1129237,3826659,0.2,21.6
1129237,6325273,0.2,
1129237,3826653,0,99
1129237,8357400,0,96.8
1129237,6585295,0,95.8
1129237,2976015,0,95
1129237,1959030,0,95
1129237,8633911,0,94.8
1129237,2384636,0,94.8
1129237,8150178,0,94
1129237,2971621,0,94
1129237,3826656,0,94
1129237,818342,0,94
1129237,1526193,0,93.8
1129237,3826651,0,93
1129237,4162487,0,92
1129237,2777623,0,92
1129237,3588803,0,91
1129237,2364443,0,91
1129237,2176863,0,90
1129237,6386977,0,90
1129237,4425405,0,86.8
1129237,6705270,0,81
1129237,1421371,0,74
1129237,162127,0,57
573724,394138,2.4,94
573724,1509942,2.2,95
573724,3146236,2.2,94
573724,1509940,2.2,93
573724,8833192,2.2,92
573724,8441642,2,95
573724,1816038,2,95
573724,7674858,2,95
573724,5339620,2,94
573724,1165129,2,94
573724,7104825,2,94
573724,87405,2,94
573724,5047796,2,94
573724,7104826,2,93
573724,7384332,2,93
573724,7199672,2,93
573724,5962423,2,93
573724,3365635,2,93
573724,7609926,2,93
573724,1509944,2,93
573724,8444727,2,93
573724,3365636,2,92
573724,3365633,2,92
573724,3365638,2,92
573724,7609927,2,92
573724,8047166,2,92
573724,3365632,2,92
573724,3146240,2,92
573724,5306910,2,92
573724,394139,2,91
573724,7199669,2,91
573724,5310530,2,91
573724,7199675,2,91
573724,7199673,2,91
573724,8444730,2,91
573724,5384308,2,91
573724,1165128,2,91
573724,1509937,2,91
573724,5721833,2,91
573724,7134411,2,91
573724,3146238,2,90
573724,7609928,2,90
573724,3365631,2,90
573724,394136,2,90
573724,2133806,2,90
573724,5962428,2,90
573724,3365640,2,90
573724,7609932,2,90
573724,2186124,2,90
573724,5962419,2,90
573724,1113579,2,90
573724,2002445,2,90
573724,7199674,2,89
573724,7609930,2,89
573724,7199667,2,89
573724,41433,2,89
573724,2417985,2,89
573724,5185671,2,89
573724,5185664,2,89
573724,394142,2,88
573724,5962426,2,88
573724,8833199,1.8,91
573724,3546092,1.8,90
573724,4360246,1.8,90
573724,8492171,1.8,83
573724,2002448,1.8,82
573724,3365639,1.6,92
573724,4017883,1.6,81
573724,2021252,1.6,80
573724,8436350,1.6,77
573724,1509939,1.4,87
573724,5962424,1.4,77
573724,1293333,1.4,73
573724,87409,1.2,
573724,7275118,1,59
573724,7609933,1,58
573724,141998,1,52
573724,1817741,1,48
573724,7609929,1,46
573724,6462957,1,26
573724,3617636,0.8,89
573724,6121093,0.8,53
573724,8404002,0.8,40
573724,1183181,0.6,58
573724,8450864,0.6,33.8
573724,7384325,0.6,
573724,1033756,0.4,77.8
573724,1183178,0.4,69.6
573724,4457787,0.4,59
573724,148753,0.4,30
573724,2910045,0.2,88
573724,2084571,0.2,77.8
573724,3644944,0.2,76
573724,4966874,0.2,68
573724,1376205,0.2,22
573724,148751,0.2,
573724,6911370,0,91
573724,525215,0,91
573724,1376204,0,57
573724,8540429,0,0
1121709,8049578,2,91
1121709,8049577,1.6,93
1121709,8049580,1.6,91
1121709,3423062,1.2,90
1121709,1729290,0.6,68.6
1121709,1112487,0.6,53
1121709,7841119,0.6,44.6
1121709,1760876,0.6,
1121709,731070,0.4,85.6
1121709,3709758,0.4,82.8
1121709,3875032,0.4,74
1121709,2440458,0.4,64.6
1121709,6054702,0.2,88.8
1121709,1937668,0.2,88.4
1121709,16845,0.2,87.4
1121709,2879470,0.2,86.8
1121709,6076433,0.2,86.4
1121709,7499157,0.2,81.4
1121709,88402,0.2,81.2
1121709,812328,0.2,80.8
1121709,6694095,0.2,79.6
1121709,7434522,0.2,79.6
1121709,7586674,0.2,78.8
1121709,3552218,0.2,77.6
1121709,4707664,0.2,77
1121709,51033,0.2,77
1121709,701349,0.2,75.6
1121709,1698341,0.2,75
1121709,7229531,0.2,21
1121709,8327576,0.2,15
1121709,1271795,0.2,
1121709,5209523,0,99.2
1121709,5530626,0,99
1121709,6690192,0,99
1121709,419129,0,99
1121709,8283424,0,99
1121709,1169279,0,98.4
1121709,747368,0,98.2
1121709,4861638,0,98.2
1121709,4580133,0,97.8
1121709,3221617,0,97.4
1121709,3709755,0,97.4
1121709,2964602,0,97.4
1121709,950984,0,97.4
1121709,1243178,0,97.4
1121709,8492081,0,97.2
1121709,4580131,0,97.2
1121709,7849690,0,96.6
1121709,291564,0,96.6
1121709,1643334,0,96.6
1121709,4575770,0,96.6
1121709,6657504,0,96.4
1121709,306414,0,96.4
1121709,3552222,0,96.4
1121709,6212343,0,96.4
1121709,4769720,0,96
1121709,5879625,0,96
1121709,4038354,0,95.8
1121709,862855,0,95.8
1121709,3064096,0,95.8
1121709,2517708,0,95.6
1121709,4836900,0,95.6
1121709,1077530,0,95.6
1121709,7744250,0,95.6
1121709,7565881,0,95.4
1121709,2317095,0,95.4
1121709,3381112,0,95.2
1121709,5264299,0,95
1121709,7591002,0,95
1121709,8643664,0,95
1121709,4644464,0,94.8
1121709,2874652,0,94.8
1121709,1392360,0,94.6
1121709,5915729,0,94.6
1121709,6007524,0,94
1121709,2432508,0,94
1121709,6886933,0,93.8
1121709,7591000,0,93.8
1121709,5177794,0,93.8
1121709,3386509,0,93.8
1121709,669004,0,93
1121709,4896238,0,93
1121709,7370525,0,93
1121709,2851223,0,92.8
1121709,2615981,0,92.8
1121709,3030903,0,92
1121709,1736566,0,91.8
1121709,5346546,0,91
1121709,3742654,0,90.8
1121709,8500135,0,90
1121709,7209949,0,83
1121709,3869997,0,79.2
1121709,1114393,0,77.8
1121709,6630430,0,77.4
1121709,3098031,0,75.4
1121709,3446958,0,37
1121709,3055199,0,19
1121709,3545984,0,18
1121709,2302396,0,0.2
1121709,208465,0,0
489204,5895917,2,93
489204,678245,2,93
489204,7734612,2,93
489204,6665319,2,93
489204,216492,2,90
489204,7718090,2,90
489204,1950273,2,90
489204,6753502,2,90
489204,6753503,2,90
489204,3075337,2,89
489204,3075338,2,89
489204,1759354,2,89
489204,6237430,2,88
489204,5519177,2,88
489204,4917998,2,88
489204,1418935,2,86
489204,1319513,2,86
489204,5815950,2,86
489204,3778489,2,85
489204,8395205,2,84
489204,1410255,2,84
489204,6237427,2,84
489204,1410249,2,84
489204,6237429,2,83
489204,1736553,2,83
489204,8054792,2,83
489204,113238,2,81
489204,973923,1.8,86
489204,528348,1.8,85
489204,4088951,1.8,83
489204,7113153,1.8,82
489204,7564977,1.8,82
489204,4430765,1.8,78
489204,6397957,1.8,71
489204,3012141,1.6,81
489204,1950269,1.6,79
489204,1276947,1.6,78
489204,4917999,1.6,77
489204,7432758,1.6,76
489204,6327178,1.6,73
489204,753265,1.4,86
489204,1310107,1.4,77
489204,8420374,1.4,70
489204,4387756,1.2,79
489204,1759357,1.2,75
489204,7564980,1.2,72
489204,66437,1.2,71
489204,1310101,1.2,70
489204,8737053,1.2,68
489204,6327182,1.2,67
489204,6327179,1.2,65
489204,528349,1.2,64
489204,2053095,1.2,63
489204,1225589,1.2,52
489204,6087671,1.2,
489204,1051498,1,78
489204,8737051,1,73
489204,855967,1,72
489204,216490,1,71
489204,1310106,1,70
489204,7116533,1,68
489204,8376906,1,68
489204,4029846,1,67
489204,5629373,1,66
489204,2959687,1,66
489204,8376910,1,66
489204,855969,1,66
489204,1479542,1,65.8
489204,3980122,1,65
489204,7660249,1,65
489204,3980126,1,65
489204,3608627,1,65
489204,465742,1,65
489204,1310108,1,64
489204,4929952,1,64
489204,2268657,1,62
489204,1538587,1,62
489204,3744940,1,62
489204,1759360,1,62
489204,6301568,1,62
489204,1070807,1,62
489204,114148,1,60
489204,4279451,1,59
489204,1778458,1,58
489204,2016623,1,57
489204,2163701,1,55
489204,6661536,1,51
489204,8055356,1,36
489204,5815958,0.8,70
489204,3049941,0.8,
489204,1418931,0.8,
489204,1310103,0.8,
489204,8594276,0.4,82
489204,2218038,0.4,68
489204,6327176,0.4,33
489204,5583224,0.2,81
489204,4918005,0,34
489204,4918001,0,
489204,535375,0,
489204,8083618,0,
131843,8305158,3,95
131843,985994,3,92
131843,8305153,2.6,92
131843,8305152,2.2,94
131843,8305156,2.2,94
131843,985991,2.2,91
131843,8710814,2,94
131843,8305155,2,93
131843,8305154,2,92
131843,985989,2,91
131843,2041693,2,91
131843,14055,2,90
131843,8710812,2,90
131843,3841396,2,89
131843,2683747,2,88
131843,8710810,1.6,90
131843,7707868,1.2,92
131843,985990,1.2,83
131843,985988,0.8,88
131843,985995,0.8,75
131843,8305151,0.8,62
131843,8102602,0.4,84.8
131843,7078434,0.4,72.8
131843,985992,0.2,93
131843,6787809,0.2,78
131843,8589858,0.2,77.8
131843,5121126,0.2,67.8
131843,2333348,0.2,
131843,4099926,0,99.4
131843,8519713,0,99
131843,3761239,0,99
131843,8780616,0,98.8
131843,7208948,0,98.4
131843,8146334,0,98.2
131843,542347,0,98.2
131843,6820615,0,98.2
131843,5125375,0,98.2
131843,6718494,0,98
131843,491120,0,98
131843,6248852,0,98
131843,2669218,0,97.8
131843,3884882,0,97.6
131843,8117361,0,97.4
131843,8024309,0,97.4
131843,1907695,0,97.4
131843,7678189,0,97.2
131843,1073193,0,97.2
131843,8685913,0,97.2
131843,3884881,0,97
131843,8530759,0,97
131843,3930069,0,96.8
131843,68421,0,96.8
131843,3400902,0,96.6
131843,1965924,0,96.6
131843,6782345,0,96.6
131843,1993076,0,96.6
131843,97739,0,96.4
131843,4013724,0,96.4
131843,2495625,0,96.4
131843,3299960,0,96.2
131843,1267422,0,96
131843,5000167,0,95.6
131843,5038538,0,95.4
131843,3400903,0,95
131843,278279,0,95
131843,7066446,0,94.8
131843,7073518,0,94.8
131843,7078432,0,94.8
131843,6187402,0,94.8
131843,1941266,0,94.6
131843,7451206,0,94.6
131843,208011,0,94.6
131843,6604053,0,94
131843,7451207,0,94
131843,6959233,0,94
131843,7082304,0,94
131843,7091663,0,94
131843,4254836,0,93
131843,8085708,0,93
131843,4682759,0,93
131843,7589014,0,93
131843,8318153,0,92.6
131843,8710813,0,92
131843,8090240,0,92
131843,5056232,0,92
131843,7073516,0,92
131843,2896791,0,92
131843,8073461,0,91.8
131843,3919317,0,91
131843,6187399,0,91
131843,1959309,0,90.8
131843,373498,0,76.8
131843,5858902,0,75
131843,788586,0,71
131843,68427,0,57
131843,8191894,0,37
131843,4911365,0,
131843,6249757,0,
131843,3844836,0,
131843,4931453,0,
207786,7941579,2.2,94
207786,8273763,2,93.6
207786,8273762,2,93
207786,6031630,2,93
207786,2763917,2,92
207786,7639366,2,91
207786,8273761,2,91
207786,8273758,2,90
207786,7510472,2,90
207786,8273757,2,90
207786,7599318,2,90
207786,8273756,1.2,84
207786,3773663,1,63
207786,2315834,1,62
207786,6547477,1,60
207786,8273754,1,36
207786,3931763,1,33.6
207786,13254,0.8,73
207786,6060398,0.6,75
207786,13262,0.6,66
207786,1081011,0.6,61
207786,2397607,0.6,46.8
207786,706234,0.6,30
207786,8273755,0.4,86
207786,7777867,0.4,85
207786,2288092,0.4,83
207786,8273760,0.4,80.8
207786,4660027,0.4,80.8
207786,4754014,0.4,79.8
207786,8185061,0.4,78
207786,5170143,0.4,76
207786,7869794,0.4,75
207786,6226377,0.4,73
207786,5170147,0.4,72
207786,5175113,0.4,42
207786,3597549,0.4,36
207786,197297,0.4,
207786,4660025,0.2,89
207786,1085404,0.2,87
207786,5804666,0.2,87
207786,3506136,0.2,86.8
207786,6474686,0.2,86.6
207786,8273759,0.2,85
207786,3103885,0.2,85
207786,7780967,0.2,85
207786,6309220,0.2,84
207786,5321444,0.2,83
207786,673361,0.2,82.8
207786,6133373,0.2,82
207786,403538,0.2,81
207786,5624831,0.2,79
207786,6563690,0.2,78
207786,7449213,0.2,75.8
207786,5745781,0.2,75
207786,4660023,0.2,62.8
207786,3522830,0.2,61
207786,5114969,0.2,51.8
207786,4257473,0.2,47.8
207786,4580648,0,97.4
207786,1081010,0,97.4
207786,5624832,0,96.6
207786,5624830,0,95.8
207786,8622991,0,95.8
207786,6003357,0,95.8
207786,655407,0,95.8
207786,6226372,0,95.8
207786,263210,0,95.6
207786,5624828,0,95
207786,1085406,0,95
207786,8265334,0,95
207786,5624834,0,95
207786,4674262,0,95
207786,688486,0,94.8
207786,6003360,0,94.8
207786,4660028,0,94.8
207786,2998723,0,94.6
207786,6309223,0,94.6
207786,4672265,0,94
207786,6309217,0,94
207786,5990374,0,93.8
207786,8185064,0,93.6
207786,5624825,0,93.4
207786,3352521,0,93
207786,5745786,0,93
207786,5388259,0,93
207786,6736451,0,92.8
207786,5388266,0,92.8
207786,5195205,0,92
207786,5990371,0,92
207786,2322024,0,92
207786,5365946,0,91.8
207786,2998726,0,91
207786,7449212,0,91
207786,3232784,0,90
207786,8367880,0,88
207786,1081009,0,85
207786,3931757,0,83
207786,2288091,0,76
207786,280082,0,73
207786,8185063,0,52
359349,68647,2,94
359349,943229,2,94
359349,3223831,2,94
359349,3193824,2,93
359349,2826510,2,93
359349,576628,2,93
359349,3900185,2,93
359349,68648,2,92
359349,576629,2,92
359349,3223833,2,92
359349,5615181,2,92
359349,68649,2,91
359349,1830517,2,91
359349,6108721,2,91
359349,457673,2,91
359349,2293820,2,89
359349,4020470,2,87
359349,68650,1.8,86
359349,4013723,1.6,
359349,6113314,1,65
359349,5773713,1,63
359349,3176541,1,60
359349,4881617,1,59
359349,576627,1,53
359349,15806,1,48
359349,15801,1,44
359349,3176543,1,39
359349,4474866,1,38
359349,8748954,1,38
359349,15807,1,28
359349,3176542,1,
359349,68653,0.8,67
359349,5773716,0.8,66
359349,5773715,0.8,59
359349,15805,0.8,58
359349,607024,0.8,54
359349,2826513,0.8,43
359349,5773717,0.8,42
359349,4020471,0.8,35
359349,1622457,0.8,34
359349,7277971,0.6,75
359349,5773718,0.6,74
359349,5806106,0.6,62
359349,4013720,0.6,60
359349,4344099,0.6,50
359349,5219970,0.6,49
359349,3176540,0.6,46
359349,15799,0.6,39
359349,576632,0.4,77
359349,5345720,0.4,75.8
359349,6440028,0.4,70
359349,4551556,0.4,64
359349,15800,0.4,61
359349,1622452,0.4,
359349,6113313,0.2,88
359349,5773719,0.2,88
359349,7857632,0.2,88
359349,15803,0.2,85.8
359349,5219971,0.2,85.8
359349,15808,0.2,83
359349,8398223,0.2,80
359349,4463573,0.2,80
359349,5219976,0.2,79.8
359349,4087265,0.2,78.8
359349,2229870,0.2,77.8
359349,4087268,0.2,76
359349,4344100,0.2,75
359349,5806110,0.2,65.6
359349,5773714,0.2,56
359349,5322530,0.2,45
359349,4020479,0.2,30
359349,4020472,0.2,21
359349,4020476,0.2,2
359349,4013725,0.2,
359349,4551557,0.2,
359349,7857629,0,98
359349,5615187,0,97.8
359349,4344098,0,96.6
359349,1622451,0,95.8
359349,8811558,0,95.6
359349,4463574,0,95.6
359349,7329397,0,95
359349,15802,0,94
359349,7857634,0,94
359349,4013719,0,94
359349,2964479,0,92.8
359349,576635,0,92
359349,15804,0,91
359349,5322532,0,91
359349,3176548,0,90
359349,7579885,0,90
359349,7857628,0,78
359349,4013724,0,78
359349,2259899,0,75
359349,4474872,0,71
359349,3215625,0,57
359349,4463572,0,55
359349,5151802,0,46
359349,4020478,0,20
359349,8058869,0,
443396,2143847,2,93
443396,4792655,2,92
443396,8536118,2,91
443396,8171402,2,88
443396,8079039,1.8,89
443396,8687371,1.8,83
443396,7922077,1.6,91
443396,4774806,1.6,87
443396,4792649,1.6,86
443396,7617065,1.6,84
443396,7620276,1.6,83
443396,5053511,1.6,81
443396,1465664,1.4,75
443396,4792650,1.2,83
443396,8079046,1.2,78
443396,4052112,1.2,60
443396,8079040,1.2,
443396,368001,1.2,
443396,4526744,1,71
443396,2490482,1,70
443396,1465667,1,65
443396,8542630,1,64
443396,3007982,1,60
443396,6397543,1,52
443396,8769489,0.8,76
443396,8769481,0.8,75
443396,4896251,0.8,68
443396,7422742,0.8,62
443396,6704846,0.6,76
443396,6056355,0.6,71
443396,789926,0.6,62
443396,3703289,0.6,62
443396,5653999,0.4,92
443396,5932403,0.4,92
443396,456708,0.4,88
443396,227255,0.4,83.6
443396,2448872,0.4,83
443396,4208445,0.4,82
443396,1469068,0.4,78
443396,3961940,0.4,76
443396,339130,0.4,64
443396,6349608,0.2,94.2
443396,3526407,0.2,88
443396,822432,0.2,88
443396,3961947,0.2,87.8
443396,3008668,0.2,87
443396,822437,0.2,86
443396,3007987,0.2,85.8
443396,456710,0.2,85.8
443396,2143845,0.2,85
443396,8348187,0.2,84.8
443396,3526411,0.2,84
443396,2038000,0.2,84
443396,8204431,0.2,81.2
443396,3648921,0.2,80
443396,3438593,0.2,80
443396,759261,0.2,78.8
443396,2654920,0.2,77
443396,279294,0.2,76
443396,3222557,0.2,68
443396,1367150,0.2,67
443396,844323,0.2,31
443396,5285667,0.2,28
443396,5468743,0,97.4
443396,6587149,0,97.4
443396,1587663,0,96.8
443396,2654914,0,96.6
443396,755968,0,96.6
443396,2438904,0,96.4
443396,6568383,0,96.4
443396,2144852,0,95.8
443396,2654918,0,95.8
443396,6590997,0,95.8
443396,2349193,0,95.8
443396,4452727,0,95.6
443396,1091609,0,95.4
443396,3861791,0,95
443396,3750163,0,95
443396,2434039,0,94.8
443396,1211156,0,94.8
443396,6781701,0,94.8
443396,8699743,0,94
443396,2082395,0,93
443396,3519033,0,93
443396,1826142,0,93
443396,2654922,0,92.8
443396,1367149,0,92.8
443396,483935,0,92
443396,5048840,0,92
443396,2434043,0,92
443396,8266065,0,90
443396,1367154,0,82.8
443396,8117806,0,75.8
443396,6776524,0,75
443396,7730354,0,73
443396,453706,0,63
443396,2188880,0,54
443396,8599548,0,37.6
443396,7242384,0,
443396,7242390,0,
146187,4777144,2,94
146187,8434625,2,94
146187,2226093,2,92.2
146187,8434623,2,92
146187,8434619,2,92
146187,8434626,2,92
146187,8434618,2,92
146187,76348,2,92
146187,6430258,2,92
146187,5332230,2,92
146187,8434624,2,91
146187,5332231,2,91
146187,76342,2,91
146187,7093334,1.8,89
146187,6430259,1.8,88
146187,6015026,1.8,87
146187,76344,1.8,84
146187,3963185,1.6,88
146187,76349,1.6,86
146187,1254157,1.6,85
146187,5548652,1.6,79
146187,315525,1.6,
146187,7956019,1.2,78
146187,4921740,1.2,64
146187,4216895,1.2,64
146187,1230566,1.2,60
146187,2226094,1,80
146187,1841192,1,76
146187,8795488,1,74
146187,744165,1,73
146187,8434620,1,73
146187,5836454,1,72
146187,8795494,1,69
146187,8664004,1,68
146187,4111407,1,68
146187,7405002,1,67
146187,4216901,1,67
146187,4921741,1,64
146187,1972078,1,64
146187,5954584,1,64
146187,8042965,1,62
146187,5548651,1,61
146187,3963187,1,61
146187,3505470,1,61
146187,1246346,1,60
146187,2257806,1,60
146187,6430260,1,58
146187,7704677,1,48
146187,8795491,1,46
146187,5590506,1,44
146187,4216902,0.8,75
146187,8042972,0.8,72
146187,7307399,0.8,71
146187,3963189,0.8,70
146187,744167,0.8,69
146187,8361902,0.8,53
146187,8434622,0.8,47.6
146187,4026486,0.8,32
146187,8795495,0.8,
146187,4908916,0.6,78
146187,8795489,0.6,76
146187,7093332,0.6,71.8
146187,7836296,0.6,71
146187,7096823,0.6,59
146187,5929430,0.4,81
146187,8042967,0.4,80
146187,8481818,0.4,77.8
146187,6658185,0.4,77
146187,7095976,0.4,76.8
146187,8042971,0.4,62
146187,1028969,0.4,54
146187,4216897,0.4,16
146187,6241267,0.2,89
146187,1138801,0.2,89
146187,7836295,0.2,88
146187,5844996,0.2,87
146187,2509,0.2,86
146187,1028971,0.2,84.8
146187,7096817,0.2,84.8
146187,1043679,0.2,84
146187,3878277,0.2,79
146187,7096819,0.2,53.8
146187,8792967,0.2,27
146187,4825394,0.2,18
146187,5226113,0,95.6
146187,3860555,0,95
146187,1043683,0,94.8
146187,4216894,0,94.8
146187,3241340,0,94.6
146187,744168,0,94
146187,5889120,0,93
146187,8042974,0,92
146187,2087678,0,89
146187,2345126,0,89
146187,2040185,0,85
146187,4216899,0,75
146187,7471713,0,75
146187,8361899,0,72
146187,3531644,0,19
146187,8042966,0,
148538,4185814,2.2,
148538,8283531,2,95
148538,7407803,2,94
148538,985491,2,94
148538,1950983,2,94
148538,1384447,2,93
148538,4185812,2,93
148538,6506241,2,93
148538,6846343,2,93
148538,190794,2,93
148538,1985491,2,92
148538,8283532,2,92
148538,2915323,2,92
148538,7318210,2,92
148538,2368187,2,92
148538,6438296,2,92
148538,615401,2,92
148538,5679985,2,92
148538,615404,2,92
148538,1950974,2,91
148538,231455,2,91
148538,1950979,2,91
148538,5077707,2,91
148538,1384446,2,91
148538,1950977,2,91
148538,3557943,2,91
148538,5077704,2,91
148538,332401,2,91
148538,6894608,2,91
148538,4410448,2,91
148538,734990,2,91
148538,2915322,2,91
148538,820304,2,91
148538,5825400,2,91
148538,1384441,2,91
148538,3446014,2,91
148538,3138645,2,91
148538,1311206,2,91
148538,2915327,2,90
148538,3918785,2,90
148538,231453,2,90
148538,985488,2,90
148538,5305311,2,90
148538,4607267,2,90
148538,985492,2,90
148538,1963585,2,90
148538,2993237,2,90
148538,1671257,2,90
148538,1985495,2,90
148538,4959634,2,90
148538,1969519,2,89
148538,8283527,2,89
148538,4264129,2,89
148538,6006382,2,89
148538,820313,2,89
148538,820312,2,89
148538,615407,2,88
148538,332400,2,88
148538,2368185,2,88
148538,8080460,2,87
148538,4976407,2,87
148538,4539657,2,86
148538,7407804,2,86
148538,3165111,1.8,92
148538,1311204,1.8,90
148538,615405,1.8,89
148538,1950976,1.8,88
148538,5592685,1.8,87
148538,7529434,1.8,86
148538,436836,1.8,85
148538,615406,1.8,
148538,512198,1.6,87
148538,5020788,1.6,85
148538,2951883,1.6,85
148538,1247539,1.6,81
148538,4447601,1.6,
148538,5588133,1.4,90
148538,5588137,1.4,88
148538,7696609,1.4,81
148538,985493,1.2,72
148538,5533647,1,72
148538,8814767,1,68
148538,6222119,1,67
148538,8610395,1,63
148538,8730430,1,62
148538,6567031,1,60
148538,231452,1,59
148538,4447659,0.8,85
148538,5533652,0.8,79
148538,6438297,0.6,83
148538,8181574,0.6,76
148538,844360,0.6,72
148538,2419541,0.4,82.6
148538,5843047,0.4,79
148538,5844625,0.4,79
148538,5693666,0.4,76
148538,5809605,0.4,62
148538,6017980,0.2,91
148538,6425028,0.2,89.4
148538,2805681,0.2,78.4
527433,8617271,2,95
527433,1664523,2,94
527433,1379245,2,93
527433,1379240,2,92
527433,422228,2,91
527433,5466807,2,90
527433,5466810,2,89
527433,8617274,2,88
527433,547444,2,86
527433,7607669,1.8,86
527433,6045939,1.8,81
527433,8322920,1.6,79
527433,269430,1.6,76
527433,4046876,1.4,75
527433,6667279,1.2,69
527433,6186391,1.2,68
527433,3139056,1.2,57
527433,269429,1,71
527433,4402994,1,69
527433,2331984,1,67
527433,8306449,1,64
527433,269424,1,62.4
527433,269426,0.8,71
527433,653097,0.8,68
527433,1251480,0.8,67
527433,5603306,0.8,66
527433,7514090,0.8,64
527433,301243,0.8,
527433,1101462,0.8,
527433,4402992,0.6,80
527433,4351171,0.6,78.8
527433,2496224,0.6,66
527433,7514088,0.6,62
527433,2331982,0.6,55
527433,8306451,0.4,84
527433,2004910,0.4,82
527433,2235421,0.4,79
527433,6928819,0.4,78.8
527433,653103,0.4,56
527433,4351175,0.4,
527433,5479502,0.2,88
527433,1251475,0.2,87
527433,2496227,0.2,87
527433,6038398,0.2,87
527433,6038397,0.2,84
527433,1753605,0.2,84
527433,1251478,0.2,82
527433,1721940,0.2,82
527433,653104,0.2,81
527433,3136613,0.2,80
527433,269428,0.2,75.8
527433,2331981,0.2,68
527433,1317225,0.2,60
527433,6186394,0.2,49
527433,3786813,0.2,48
527433,6743093,0.2,31
527433,1511554,0.2,
527433,422236,0.2,
527433,6708088,0.2,
527433,1101460,0.2,
527433,1542069,0,96
527433,1753608,0,95
527433,2981253,0,94.8
527433,4903729,0,94.6
527433,6897131,0,94
527433,6743092,0,93
527433,1251477,0,93
527433,4903731,0,92
527433,1251481,0,92
527433,1753610,0,92
527433,5331576,0,91
527433,5479497,0,91
527433,4351170,0,91
527433,269425,0,90
527433,5603299,0,90
527433,4958693,0,88.8
527433,5603301,0,85
527433,4958697,0,72
527433,4958696,0,72
527433,7514089,0,69
527433,4402995,0,54
527433,1317222,0,37
527433,5603305,0,36
527433,1101457,0,18
527433,269423,0,
527433,1317224,0,
527433,1993699,0,
527433,8617275,0,
527433,1993691,0,
527433,5501454,0,
527433,5878263,0,
527433,319844,0,
527433,3294600,0,
527433,2981256,0,
527433,8371764,0,
527433,278402,0,
527433,5603300,0,
527433,2018341,0,
527433,5629888,0,
527433,4903736,0,
1037798,3641634,2.2,95.8
1037798,3673022,2.2,88
1037798,8760866,2,94
1037798,8760871,2,92
1037798,8760867,2,92
1037798,8537479,2,91
1037798,3620983,2,91
1037798,8760870,2,91
1037798,2914156,2,91
1037798,4439951,2,91
1037798,4974552,2,90
1037798,5702713,1.8,92
1037798,994978,1.8,87
1037798,7822415,1.6,90
1037798,4095286,1.6,88
1037798,5732889,1.4,69
1037798,4788864,1.2,77
1037798,2868741,1.2,76
1037798,8760864,1.2,75
1037798,8760873,1.2,75
1037798,720665,1.2,74
1037798,5438881,1.2,69
1037798,3641640,1,82
1037798,3387556,1,73
1037798,7967207,1,68
1037798,4297400,1,68
1037798,2266020,1,65
1037798,1499298,1,64
1037798,7253357,1,58
1037798,1520773,1,58
1037798,7466652,1,50
1037798,2863296,1,44
1037798,4482918,1,44
1037798,6912814,1,42
1037798,3681010,1,28
1037798,4227882,0.8,78
1037798,2608688,0.8,58
1037798,4877594,0.8,54.8
1037798,4714121,0.8,51
1037798,2157456,0.8,34
1037798,3167284,0.6,82.8
1037798,1137775,0.6,47
1037798,2157450,0.4,85
1037798,4114353,0.4,82
1037798,4273497,0.4,80
1037798,8820474,0.4,68
1037798,4291373,0.4,64
1037798,4936037,0.4,64
1037798,1780966,0.4,63
1037798,8760868,0.4,61
1037798,7780938,0.4,61
1037798,6155141,0.4,55
1037798,6605199,0.4,37.8
1037798,6421952,0.4,27.8
1037798,6605198,0.2,91
1037798,3641442,0.2,87
1037798,5099520,0.2,85
1037798,8087396,0.2,83
1037798,1232012,0.2,80.6
1037798,3295328,0.2,79.4
1037798,2403951,0.2,78
1037798,4083926,0.2,77
1037798,1308037,0.2,75
1037798,2634475,0.2,68
1037798,5753978,0.2,61
1037798,4297405,0.2,46.4
1037798,2354063,0.2,43.6
1037798,2403955,0.2,41
1037798,6511237,0.2,34
1037798,1232011,0.2,27.8
1037798,5748541,0.2,23.8
1037798,5904351,0.2,12
1037798,6060285,0.2,10
1037798,3030654,0,99.4
1037798,1520771,0,95
1037798,8010124,0,94.8
1037798,811306,0,94.8
1037798,6765783,0,94.8
1037798,7943228,0,94
1037798,7950016,0,94
1037798,5171588,0,94
1037798,8717816,0,93.8
1037798,6511240,0,93.8
1037798,7995048,0,93
1037798,2232394,0,92.8
1037798,1715850,0,92.8
1037798,4296396,0,92
1037798,2572535,0,91
1037798,8355398,0,78.4
1037798,3030655,0,77.6
1037798,1149704,0,76
1037798,2970896,0,74
1037798,8417086,0,73
1037798,5538667,0,57
1037798,8223340,0,56.8
1037798,1057605,0,56.8
1037798,7827293,0,39
1037798,8230221,0,37
1037798,2256138,0,36
1037798,2787508,0,18
490595,7698193,2.2,92
490595,5488538,2.2,90
490595,7839910,2,94
490595,2197786,2,93
490595,4737059,2,92
490595,4737066,2,92
490595,7839904,2,92
490595,6742119,2,92
490595,1288943,2,92
490595,3937204,2,92
490595,7598980,2,92
490595,8544459,2,92
490595,4737060,2,91
490595,1929910,2,91
490595,549465,2,91
490595,4842891,2,91
490595,3937197,2,91
490595,805046,2,91
490595,5247992,2,91
490595,805048,2,91
490595,4292443,2,91
490595,7340532,2,91
490595,6845345,2,91
490595,8485139,2,90
490595,1894652,2,90
490595,4737063,2,90
490595,3572695,2,90
490595,4842890,2,90
490595,3572701,2,90
490595,1894656,2,90
490595,7839903,2,90
490595,3937200,2,89
490595,1530274,2,89
490595,1894653,2,89
490595,3403265,2,89
490595,3175975,2,89
490595,4842897,2,88
490595,1391477,2,88
490595,2788470,2,87
490595,1620438,2,86
490595,1288938,1.8,92
490595,7839906,1.8,90
490595,1288940,1.8,89
490595,6412650,1.8,88
490595,6206562,1.8,87
490595,4842894,1.8,84
490595,7385093,1.8,84
490595,3845163,1.6,92
490595,5247999,1.6,91
490595,7839908,1.6,89
490595,6742115,1.6,88
490595,3572698,1.6,83
490595,805051,1.4,87
490595,8709994,1.4,70
490595,1160847,1.2,85
490595,1652460,1.2,76
490595,2507917,1.2,73
490595,3833413,1,78
490595,3833409,1,75
490595,4842889,1,70
490595,4737061,1,68
490595,5248000,1,66
490595,2850740,1,66
490595,5359212,1,66
490595,805049,1,65
490595,4737067,1,64
490595,1929911,1,62
490595,1754202,1,60
490595,7839911,0.8,66
490595,7839907,0.8,64
490595,4737065,0.8,46
490595,4763065,0.6,77.6
490595,549466,0.6,76.6
490595,4737068,0.6,67
490595,1473259,0.6,66
490595,7045863,0.4,86.8
490595,5633631,0.4,86
490595,5112294,0.4,80
490595,6976960,0.4,80
490595,5633627,0.4,79
490595,4420107,0.4,73
490595,5128293,0.4,71
490595,5359213,0.2,90
490595,5612099,0.2,87.8
490595,526093,0.2,81
490595,1194055,0.2,78.8
490595,3833408,0,96
490595,5612095,0,96
490595,2661183,0,95.8
490595,8485138,0,94
490595,4763070,0,93
490595,4842896,0,92.6
490595,3403268,0,92
490595,6976956,0,92
490595,3497876,0,91
490595,4737064,0,88
490595,3595606,0,85
490595,3572694,0,69
490595,4763066,0,41
490595,1194060,0,37
451602,5179251,2.2,92
451602,8621776,2.2,90
451602,2176459,2,94
451602,4874641,2,92
451602,2176455,2,91
451602,8214452,2,91
451602,6286981,2,91
451602,4874640,2,91
451602,8390518,2,90
451602,1094138,2,90
451602,8383461,2,88
451602,4345752,2,88
451602,5538937,2,88
451602,2084905,2,86
451602,7800959,1.8,91
451602,6286982,1.8,87
451602,5538938,1.8,86
451602,1277293,1.8,86
451602,4453608,1.8,86
451602,8787234,1.8,84
451602,5538936,1.8,77
451602,8540468,1.8,77
451602,3177691,1.6,83
451602,6286974,1.6,81
451602,5018392,1.6,79
451602,5211036,1.6,78
451602,2176450,1.6,74
451602,705851,1.4,82
451602,5475308,1.4,77
451602,7315074,1.4,74
451602,5538940,1.4,66
451602,4453605,1.2,75
451602,7792099,1.2,70
451602,1078139,1.2,69
451602,1277290,1.2,66
451602,2176453,1.2,65
451602,5741073,1,70
451602,3347274,1,66
451602,2482418,1,63
451602,6618756,1,62
451602,2922141,1,62
451602,3347278,1,55
451602,7326276,1,54
451602,5018391,1,54
451602,8025740,1,50
451602,8033474,1,48
451602,2176454,1,45
451602,7403454,1,44
451602,8485136,1,43
451602,3177700,0.8,71.8
451602,4358117,0.8,71.4
451602,2084909,0.8,71
451602,1078134,0.8,69
451602,2922145,0.8,68
451602,2329889,0.8,64
451602,1575781,0.8,61
451602,5053853,0.8,60
451602,5538945,0.8,60
451602,7859334,0.8,59
451602,3090672,0.6,79
451602,2922142,0.6,72
451602,1277287,0.6,72
451602,3746411,0.6,71
451602,3090670,0.6,70.6
451602,2244882,0.6,67
451602,3052112,0.6,67
451602,6286977,0.6,56
451602,7864188,0.6,
451602,7510025,0.6,
451602,7804169,0.4,86
451602,1277289,0.4,78
451602,8485132,0.4,78
451602,1626653,0.4,78
451602,5018394,0.4,77.6
451602,1640289,0.4,72
451602,2284888,0.4,54.2
451602,1078133,0.4,
451602,4176454,0.2,90
451602,1715030,0.2,86.6
451602,2922147,0.2,84
451602,6250347,0.2,84
451602,3090663,0.2,82
451602,8383465,0.2,81.4
451602,5913111,0.2,81
451602,7510020,0.2,80.8
451602,6994774,0.2,80
451602,124065,0.2,79
451602,5534586,0.2,78
451602,96224,0.2,76
451602,949152,0.2,19
451602,4487185,0.2,
451602,6242935,0,97.2
451602,2154597,0,97
451602,5902818,0,94.4
451602,3177692,0,93
451602,3090668,0,93
451602,6225558,0,92
451602,5371416,0,92
451602,3090666,0,85
451602,3090671,0,81
182539,7371255,3,94.8
182539,2165968,2.8,92
182539,2909960,2.4,90
182539,6816572,2.2,90
182539,8299665,2,96
182539,4487755,2,95
182539,1307235,2,94
182539,8299659,2,93
182539,7371259,2,93
182539,8757182,2,93
182539,6816579,2,93
182539,8757181,2,92
182539,7371257,2,92
182539,6037973,2,92
182539,6816573,2,92
182539,7583024,2,92
182539,6816576,2,92
182539,721170,2,92
182539,7883763,2,92
182539,2623668,2,92
182539,57443,2,91
182539,57447,2,91
182539,8757178,2,91
182539,8757179,2,91
182539,8299661,2,91
182539,8757180,2,91
182539,8598792,2,91
182539,6783449,2,91
182539,1307232,2,91
182539,7527837,2,91
182539,1654895,2,91
182539,518150,2,91
182539,57449,2,90
182539,3883077,2,90
182539,6816571,2,90
182539,4730803,2,90
182539,2909961,2,90
182539,2092202,2,90
182539,8299668,2,90
182539,6135907,2,90
182539,3883081,2,89
182539,7371262,2,89
182539,1307234,2,89
182539,7850108,2,89
182539,2909954,2,88
182539,7154102,2,87
182539,6980965,2,86
182539,5618254,1.8,94
182539,1638691,1.8,93
182539,8752298,1.8,85
182539,1638694,1.6,90
182539,7371261,1.6,89
182539,738025,1.6,89
182539,6957819,1.6,88
182539,2751871,1.6,86
182539,3760964,1.6,84
182539,5567729,1.6,83
182539,941371,1.6,81
182539,2053701,1.6,79
182539,8757184,1.6,77
182539,2840563,1.6,66
182539,5567732,1.6,
182539,57448,1.4,83
182539,1638690,1.4,81
182539,1638687,1.2,95
182539,8515182,1.2,93
182539,3729714,1.2,66
182539,7206189,1.2,65
182539,3198392,1,73
182539,3127071,1,60
182539,8147663,1,58
182539,6816574,1,56
182539,8337703,1,49
182539,6981225,1,48
182539,4096478,1,46
182539,57450,0.8,75
182539,1638689,0.8,71
182539,5020094,0.8,61
182539,1638688,0.8,49.8
182539,7579347,0.8,46
182539,8757183,0.6,82
182539,7148714,0.6,47
182539,3760957,0.4,85
182539,6816577,0.4,69
182539,7617321,0.4,62
182539,57444,0.2,88.8
182539,7637811,0.2,86
182539,3779895,0.2,85.6
182539,7579349,0.2,79
182539,7919974,0.2,64
182539,6201542,0.2,11
182539,7579346,0,95.8
182539,5793580,0,95
182539,2839827,0,94.8
182539,171653,0,94.6
182539,6355993,0,93.8
182539,7579351,0,92
182539,7579350,0,91
182539,7303730,0,90
182539,6201541,0,56.8
87452,8819112,2,92
87452,7965004,2,91
87452,8819114,2,90
87452,6018169,2,90
87452,8333912,1.8,89
87452,6018168,1.8,86
87452,5286924,1.8,86
87452,186939,1.8,80
87452,4872055,1.6,84
87452,7965007,1.6,76
87452,6018164,1.4,83
87452,8436577,1.4,82
87452,186931,1.4,81
87452,5296736,1.4,75
87452,5048394,1.4,73
87452,8333920,1.2,70
87452,2035306,1.2,65
87452,5751686,1,76
87452,8436571,1,74
87452,3808783,1,73
87452,7897962,1,70
87452,6018163,1,66
87452,8819113,1,65
87452,3919937,1,65
87452,5500606,1,65
87452,7843984,1,64
87452,2026777,1,64
87452,6159694,1,62
87452,1890450,1,61
87452,8081937,1,60
87452,2127122,1,56
87452,2026775,1,
87452,6018160,0.8,86
87452,7965011,0.8,75
87452,5851090,0.8,72
87452,8819111,0.8,70
87452,1395625,0.8,67
87452,8055167,0.8,
87452,8819116,0.6,85
87452,8152222,0.6,82
87452,861789,0.6,76
87452,8436578,0.6,73
87452,1642159,0.4,88.8
87452,8333919,0.4,87
87452,6018166,0.4,83.8
87452,4634899,0.4,81
87452,6018167,0.4,81
87452,3732121,0.4,80
87452,3347348,0.4,76
87452,1749882,0.4,75
87452,3809017,0.4,72
87452,5052034,0.4,72
87452,8496921,0.4,71
87452,3809016,0.4,70
87452,3732895,0.4,68
87452,2571223,0.4,61
87452,7897960,0.4,50
87452,5836705,0.4,38
87452,4248450,0.4,24
87452,7843982,0.4,
87452,6679972,0.2,91
87452,6018161,0.2,90
87452,8079127,0.2,89.8
87452,4557555,0.2,89
87452,6931702,0.2,85
87452,8496922,0.2,84.8
87452,4502603,0.2,84
87452,3540111,0.2,84
87452,1971830,0.2,83
87452,4312660,0.2,83
87452,3347347,0.2,80
87452,1185292,0.2,78
87452,7499678,0.2,76
87452,6621971,0.2,67
87452,6679974,0.2,63
87452,1118401,0.2,47
87452,4496459,0.2,41.8
87452,5746165,0.2,28
87452,8436576,0.2,
87452,1150485,0,97.4
87452,2951800,0,97.2
87452,7542008,0,95.8
87452,3809018,0,94
87452,7588883,0,93
87452,8436572,0,92
87452,5694214,0,92
87452,4157764,0,92
87452,8819115,0,92
87452,8436579,0,91
87452,119522,0,91
87452,6096580,0,90.8
87452,8436575,0,85
87452,4496461,0,85
87452,2571221,0,79
87452,7499674,0,77.6
87452,2571220,0,77
87452,7499676,0,74
87452,5338945,0,71.6
87452,6042747,0,46
87452,8055172,0,38
156493,2949801,3,96
156493,2411918,2.8,93
156493,2949802,2.6,95
156493,7371077,2.6,91
156493,8245439,2.6,91
156493,1277727,2.4,91
156493,1277725,2.4,91
156493,2317807,2.2,96
156493,1960255,2,95.8
156493,6139386,2,95
156493,3288596,2,95
156493,8273017,2,95
156493,95514,2,94
156493,750111,2,94
156493,7371079,2,93.6
156493,8393766,2,93
156493,6139382,2,93
156493,2259182,2,93
156493,885944,2,93
156493,8182160,2,93
156493,1277726,2,93
156493,2928704,2,93
156493,2928700,2,93
156493,6524746,2,93
156493,2616515,2,93
156493,8182159,2,92
156493,8182165,2,92
156493,1277724,2,92
156493,7371078,2,92
156493,2598786,2,92
156493,2317802,2,92
156493,4527706,2,92
156493,2612491,2,92
156493,2616513,2,92
156493,3288600,2,91
156493,2259183,2,91
156493,4940228,2,91
156493,1960257,2,91
156493,1960261,2,91
156493,5530082,2,91
156493,1101607,2,91
156493,2259179,2,91
156493,7663272,2,91
156493,5346660,2,91
156493,2317800,2,91
156493,349643,2,91
156493,2928702,2,91
156493,6524745,2,91
156493,6267258,2,91
156493,8182166,2,90
156493,2259180,2,90
156493,2928707,2,90
156493,95515,2,90
156493,4131138,2,90
156493,1277721,2,90
156493,349638,2,90
156493,8273019,2,90
156493,1277722,2,90
156493,5022725,2,90
156493,6464089,2,90
156493,3288597,2,89
156493,8029433,2,89
156493,1960260,2,89
156493,1347266,2,89
156493,8803136,2,89
156493,8182161,2,88
156493,3288601,2,88
156493,1277720,2,88
156493,95519,2,83
156493,6357270,2,81
156493,5406908,2,81
156493,278176,1.8,89
156493,2612490,1.8,88
156493,1171595,1.8,87
156493,8245444,1.8,86
156493,6859031,1.8,85
156493,5549994,1.8,84
156493,1277723,1.6,87
156493,6343406,1.6,83
156493,2612492,1.4,77
156493,349639,1.4,74
156493,3288599,1.2,81
156493,6859022,1.2,71
156493,1347264,1.2,68
156493,3288598,1,68
156493,7976153,1,68
156493,627307,1,67
156493,6524741,1,64
156493,5122747,1,60
156493,994488,1,58
156493,8811146,1,57
156493,2141931,1,52
156493,8273018,1,29
156493,349637,0.8,52
156493,5059020,0.8,32
156493,4940229,0.8,
156493,8273014,0.8,
156493,1171598,0.6,62
156493,8463133,0.6,52
156493,1172287,0.4,84
915593,3538160,2.2,95
915593,82107,2.2,93
915593,5931269,2,94.6
915593,5931268,2,92
915593,2923494,2,92
915593,3538164,2,92
915593,7742098,2,92
915593,2210593,2,91
915593,3485338,2,91
915593,8029525,2,91
915593,3538167,2,90
915593,8178998,2,90
915593,82110,2,88
915593,8103067,2,84
915593,8103065,1.8,91
915593,4566819,1.8,91
915593,3357360,1.8,88
915593,2923498,1.8,85
915593,2923497,1.8,84
915593,8029533,1.8,82
915593,3538166,1.8,81
915593,7861749,1.6,86
915593,1396701,1.6,86
915593,4566822,1.6,83
915593,3375966,1.6,81
915593,8455302,1.6,81
915593,2588143,1.6,80
915593,7837086,1.6,77
915593,3538163,1.6,76
915593,6923050,1.6,69
915593,7816726,1.4,75
915593,8002855,1.4,66
915593,6923052,1.2,81
915593,6761346,1.2,80
915593,8179001,1.2,75
915593,2923496,1.2,74
915593,2210595,1.2,73
915593,8402974,1.2,71
915593,2210594,1.2,69
915593,6181638,1.2,68
915593,2744909,1.2,67
915593,6923057,1.2,67
915593,8402972,1.2,
915593,8103063,1,75
915593,4910037,1,73
915593,4818067,1,72
915593,5931266,1,70
915593,2923501,1,68
915593,7861753,1,67
915593,82113,1,66
915593,4834226,1,66
915593,5931264,1,66
915593,8402970,1,66
915593,4566823,1,64
915593,4566816,1,63
915593,7861756,1,62.8
915593,3538162,1,62
915593,7861751,1,60
915593,2210597,1,60
915593,8103068,1,58
915593,3385971,1,55
915593,275732,1,54
915593,8455306,1,54
915593,4691129,1,53
915593,82114,1,44
915593,3143377,1,44
915593,210379,1,42
915593,3523599,0.8,68
915593,3573479,0.8,67
915593,4566818,0.8,66
915593,1815965,0.8,61
915593,8402973,0.8,59
915593,3523602,0.8,58
915593,82111,0.8,
915593,7837084,0.6,74
915593,8420020,0.6,71.8
915593,5931265,0.6,55
915593,5931270,0.6,48.8
915593,8178996,0.4,92
915593,7861747,0.4,86.8
915593,3991910,0.4,79.8
915593,1396707,0.4,68
915593,8455301,0.4,67
915593,8179000,0.4,66
915593,1396704,0.4,
915593,8178999,0.2,91
915593,82109,0.2,90
915593,2210591,0.2,85
915593,1772930,0.2,84
915593,5931271,0.2,80.6
915593,3538165,0.2,76
915593,3890492,0.2,62
915593,8029532,0.2,43
915593,1396706,0.2,
915593,8179005,0,94
915593,8179003,0,93
915593,6923055,0,93
915593,82105,0,92
915593,4566815,0,73
915593,8455304,0,
19335,8412682,2,95
19335,8635981,2,94
19335,8412681,2,92
19335,8412683,2,92
19335,8412684,2,90
19335,8151642,2,86
19335,8151650,2,85
19335,3175484,1.8,84
19335,3539483,1.8,84
19335,527690,1.4,78
19335,8412685,1.2,73
19335,1389479,1.2,64
19335,819168,1.2,
19335,1389478,1,73
19335,901325,1,67
19335,6867870,1,66
19335,7042455,1,66
19335,3175481,1,64
19335,1726,1,63
19335,6783161,1,62
19335,630063,1,62
19335,7267248,1,60
19335,1729,1,59
19335,342431,1,59
19335,6010966,1,57
19335,712802,1,56
19335,5140471,1,51
19335,1746951,1,50
19335,5843331,1,48
19335,7367411,0.8,69
19335,5379897,0.8,69
19335,527698,0.8,65
19335,1730,0.8,64
19335,2943087,0.8,63
19335,6452949,0.8,58
19335,2108336,0.8,57
19335,6999143,0.8,56
19335,1725697,0.8,53
19335,436828,0.6,75
19335,8754859,0.6,74
19335,6999135,0.6,73.6
19335,7692043,0.6,73
19335,3497214,0.6,71
19335,8412687,0.6,70
19335,527689,0.6,70
19335,5843332,0.6,61
19335,342432,0.6,48
19335,1705525,0.6,25.8
19335,1796647,0.6,
19335,8525221,0.4,86
19335,1616883,0.4,81.8
19335,6144461,0.4,76
19335,4540808,0.4,76
19335,527694,0.4,74.8
19335,1994172,0.4,63.8
19335,2046505,0.4,63
19335,8798990,0.4,60
19335,8612877,0.4,47
19335,5051739,0.2,87
19335,7367407,0.2,86.8
19335,8024611,0.2,85.8
19335,7298840,0.2,84.8
19335,1837110,0.2,84
19335,7727462,0.2,82
19335,4835655,0.2,75
19335,2046341,0.2,66.8
19335,901329,0.2,61
19335,6179483,0.2,45.4
19335,7367402,0.2,
19335,3156238,0.2,
19335,4540816,0,97.6
19335,527695,0,96.8
19335,7298837,0,96.6
19335,4540809,0,95.8
19335,1568088,0,95.8
19335,5629115,0,95.6
19335,129764,0,94
19335,1555319,0,94
19335,6214701,0,93
19335,4349928,0,93
19335,1359917,0,93
19335,7256139,0,92.8
19335,712806,0,92.8
19335,1568084,0,92
19335,3260688,0,91
19335,1568085,0,91
19335,3445058,0,91
19335,6109209,0,90
19335,691497,0,90
19335,691492,0,85.8
19335,5454283,0,76
19335,691498,0,75.8
19335,7276206,0,75
19335,1722,0,74
19335,5454280,0,55
19335,3653053,0,36
19335,7298833,0,18
19335,8080924,0,
19335,1280402,0,
19335,8218756,0,
47923,6643066,3,98
47923,6919836,3,93
47923,8348762,3,92
47923,6241150,2.8,92
47923,5147528,2.8,90
47923,4297620,2.6,95
47923,8641107,2.4,97
47923,6241153,2.4,95
47923,6241147,2.4,95
47923,6210760,2.2,96
47923,5417582,2.2,94
47923,2135499,2.2,94
47923,8418681,2.2,93
47923,1681331,2.2,93
47923,525511,2.2,92
47923,5586331,2.2,92
47923,1488919,2.2,92
47923,2699737,2.2,91
47923,2699736,2.2,91
47923,8418683,2.2,90
47923,1488918,2.2,90
47923,1681332,2,95
47923,2408264,2,94
47923,8418678,2,94
47923,1565060,2,94
47923,5417580,2,93
47923,1681336,2,93
47923,6191,2,92
47923,2044900,2,92
47923,1868438,2,92
47923,1681337,2,92
47923,1960681,2,92
47923,618556,2,92
47923,7747055,2,92
47923,8641106,2,92
47923,2704000,2,92
47923,6919841,2,92
47923,1496426,2,92
47923,1868437,2,91
47923,473809,2,91
47923,3348838,2,91
47923,6241151,2,91
47923,7038128,2,91
47923,3348834,2,91
47923,2838662,2,91
47923,6935784,2,91
47923,4684893,2,91
47923,4684895,2,91
47923,4587558,2,91
47923,4257345,2,91
47923,3589347,2,91
47923,1488916,2,90
47923,8619129,2,90
47923,473807,2,90
47923,8641104,2,90
47923,4991357,2,90
47923,8619126,2,90
47923,4652799,2,90
47923,1161940,2,90
47923,5417583,2,89
47923,7137895,2,89
47923,6626705,2,88
47923,7417276,2,88
47923,1827449,2,88
47923,8418684,1.8,89
47923,6626703,1.8,89
47923,5032364,1.8,88
47923,5147527,1.8,87
47923,2508230,1.8,87
47923,5147529,1.8,84
47923,5147526,1.8,84
47923,2402776,1.8,78
47923,5032362,1.6,94
47923,1681334,1.6,93
47923,6241152,1.6,92
47923,146706,1.6,85
47923,6089359,1.6,84
47923,6267282,1.6,82
47923,1506786,1.2,76
47923,8418679,1.2,74
47923,4818815,1.2,73
47923,5911790,1.2,69
47923,7914498,1,74
47923,6696631,1,73
47923,5147530,1,73
47923,7774318,1,70
47923,99926,1,69
47923,8284608,1,67
47923,4523464,1,66
47923,5417584,1,66
47923,7071694,1,66
47923,3785497,1,66
47923,3703415,1,66
47923,2284132,1,60
47923,7774316,0.8,74
47923,7071695,0.8,68
47923,766019,0.6,82
47923,8619130,0.6,48
47923,8110288,0.2,83
47923,3883233,0,72
183378,8570258,3,95
183378,4803848,3,95
183378,4493915,3,94
183378,4493920,3,94
183378,8570256,3,93
183378,1289496,2.8,95
183378,8570257,2.8,94.4
183378,4803847,2.8,94
183378,4493922,2.6,95
183378,8570260,2.6,94
183378,5534707,2.6,92
183378,8570261,2.6,92
183378,4493914,2.4,97
183378,3093215,2.4,94.8
183378,8794308,2.4,94
183378,7677975,2.4,94
183378,1289497,2.4,93
183378,327908,2.2,95
183378,4493916,2.2,94.2
183378,3389580,2.2,94
183378,4727412,2.2,93
183378,2533256,2.2,93
183378,2493332,2.2,93
183378,7449744,2.2,92
183378,4862063,2.2,92
183378,5534711,2,95
183378,3389579,2,95
183378,1289489,2,94
183378,8794303,2,94
183378,8121377,2,94
183378,5534703,2,93
183378,4493921,2,93
183378,4493913,2,93
183378,7449751,2,93
183378,4493919,2,93
183378,4727418,2,92
183378,2234245,2,92
183378,1773959,2,92
183378,7449750,2,92
183378,5798333,2,92
183378,2533260,2,92
183378,4803856,2,92
183378,8794304,2,91
183378,7449752,2,91
183378,8794302,2,91
183378,5391353,2,91
183378,229739,2,90
183378,6548235,2,90
183378,2499865,2,90
183378,7703397,2,90
183378,828108,2,89.4
183378,7952865,2,89
183378,8191188,2,89
183378,3605404,1.8,84
183378,6880045,1.8,81
183378,4803850,1.6,83
183378,376576,1.4,91
183378,4856305,1.4,71
183378,8577215,1.2,71
183378,2089154,1.2,68
183378,4716324,1.2,62
183378,2068968,1,70
183378,4835769,1,68
183378,8507877,1,67
183378,749548,1,60
183378,8643931,1,59
183378,2639939,1,58
183378,5534708,1,55
183378,8779628,1,46
183378,1765863,1,40
183378,3662782,1,30
183378,4530314,1,
183378,6295431,0.8,57
183378,4810802,0.8,50
183378,8079968,0.8,40
183378,8121380,0.8,
183378,1289495,0.6,72
183378,4371183,0.6,66
183378,7878227,0.6,51.8
183378,4803851,0.4,80
183378,5728400,0.2,86.8
183378,6960777,0.2,80
183378,5105265,0.2,77
183378,711450,0.2,62
183378,3576225,0.2,46
183378,324177,0.2,
183378,3576220,0.2,
183378,5286899,0,94.8
183378,8756893,0,94.8
183378,1261035,0,93.8
183378,424997,0,93.4
183378,1603312,0,93
183378,8079970,0,91
183378,2796241,0,76
183378,324175,0,73
183378,324178,0,72
183378,6569755,0,56
183378,2095187,0,55.6
183378,1603314,0,37.8
183378,2805325,0,18
87181,4689525,2,95
87181,6685092,2,95
87181,8534134,2,95
87181,6521366,2,94
87181,8332546,2,94
87181,4689523,2,94
87181,8332547,2,93
87181,4786305,2,93
87181,8565420,2,93
87181,6484576,2,93
87181,6484575,2,92
87181,5197135,2,92
87181,6774305,2,92
87181,8151919,2,92
87181,8332555,2,92
87181,5469038,2,92
87181,6262331,2,92
87181,7112964,2,92
87181,3216315,2,92
87181,1700168,2,92
87181,6029788,2,92
87181,3198047,2,92
87181,8738512,2,92
87181,742425,2,91.8
87181,1902826,2,91.8
87181,8151921,2,91
87181,2530227,2,91
87181,8683185,2,91
87181,8614359,2,91
87181,8082516,2,91
87181,2530257,2,91
87181,8246410,2,91
87181,921633,2,91
87181,4632256,2,91
87181,1950525,2,91
87181,1519996,2,91
87181,8614360,2,90
87181,47207,2,90
87181,1179100,2,90
87181,4632251,2,90
87181,6969187,2,90
87181,2307979,2,90
87181,935164,2,90
87181,2986227,2,89
87181,8683178,2,89
87181,8522403,2,89
87181,7057928,2,88
87181,3914970,2,88
87181,6055562,2,88
87181,1856241,2,87
87181,8151926,2,85
87181,1961300,1.8,89
87181,6484578,1.8,88
87181,2556151,1.8,85
87181,8151922,1.8,84
87181,7112968,1.6,91
87181,2374850,1.6,81
87181,7666831,1.6,80
87181,47211,1.4,80
87181,123548,1.4,72
87181,8476330,1.4,68
87181,8534135,1.2,78
87181,4689524,1,68
87181,7139898,1,66
87181,1692902,1,66
87181,2024860,1,62
87181,2763490,1,60
87181,3354162,1,55
87181,6928212,0.8,62
87181,2345225,0.8,47.8
87181,8332551,0.8,
87181,8664069,0.8,
87181,8183977,0.6,77
87181,2530252,0.4,81
87181,1766470,0.4,78
87181,8183982,0.4,70
87181,8332548,0.4,60
87181,6521360,0.2,93.8
87181,2556150,0.2,93.8
87181,123547,0.2,91.8
87181,47212,0.2,34
87181,2556149,0,97.4
87181,2556146,0,97.4
87181,5197138,0,95.8
87181,5197133,0,95.6
87181,47206,0,95.6
87181,5197130,0,95
87181,8183981,0,95
87181,5197136,0,95
87181,47203,0,94.8
87181,803955,0,93.8
87181,47210,0,93
87181,8165403,0,93
87181,3423884,0,92.8
87181,1902827,0,92
87181,8165398,0,91.8
87181,7666828,0,86
87181,8683181,0,38
87181,2556144,0,
87181,47208,0,
1133167,8033646,2.6,94.8
1133167,1379370,2.4,95
1133167,8484851,2.4,
1133167,8255706,2.2,94
1133167,3421900,2.2,91
1133167,1883281,2,95
1133167,3074599,2,95
1133167,7093509,2,94
1133167,8033645,2,94
1133167,2276678,2,94
1133167,434124,2,94
1133167,1824483,2,94
1133167,8255705,2,93
1133167,6467518,2,93
1133167,823273,2,93
1133167,4550240,2,93
1133167,7218012,2,93
1133167,1824487,2,93
1133167,4712273,2,93
1133167,6467517,2,93
1133167,8160224,2,93
1133167,8160241,2,92
1133167,2613293,2,92
1133167,6103289,2,92
1133167,3074598,2,92
1133167,6112586,2,92
1133167,6142,2,92
1133167,823279,2,92
1133167,6112590,2,92
1133167,8033647,2,92
1133167,6257038,2,92
1133167,3421898,2,92
1133167,4557439,2,92
1133167,8484849,2,92
1133167,1790122,2,92
1133167,5674622,2,91
1133167,3953805,2,91
1133167,1824488,2,91
1133167,823275,2,91
1133167,2010281,2,91
1133167,4494097,2,91
1133167,190805,2,91
1133167,4926204,2,91
1133167,1824481,2,91
1133167,2439240,2,91
1133167,2623303,2,91
1133167,563738,2,91
1133167,7793416,2,91
1133167,6157114,2,91
1133167,7091940,2,91
1133167,190809,2,90
1133167,5674623,2,90
1133167,7793414,2,90
1133167,6299575,2,90
1133167,190806,2,90
1133167,4443370,2,90
1133167,7486597,2,90
1133167,6299574,2,90
1133167,7486599,2,90
1133167,4443375,2,90
1133167,7093512,2,90
1133167,3355083,2,90
1133167,7793408,2,90
1133167,6999438,2,90
1133167,8255701,2,90
1133167,6467519,2,90
1133167,1883280,2,89
1133167,4498479,2,89
1133167,8250498,2,89
1133167,8839920,2,88
1133167,8405623,2,87
1133167,823277,1.8,91.8
1133167,7793409,1.8,88
1133167,1883278,1.8,86
1133167,332787,1.8,86
1133167,5985458,1.8,83
1133167,8484845,1.6,86
1133167,434126,1.6,79
1133167,2613290,1.6,
1133167,2491371,1.4,77
1133167,4625145,1.4,
1133167,4494100,1.2,80
1133167,6112592,1.2,72
1133167,7091943,1.2,70
1133167,7217706,1.2,68
1133167,7218019,1.2,66
1133167,4443368,1.2,63
1133167,7486594,1,74
1133167,1883277,1,73
1133167,823272,1,71
1133167,8160243,1,69
1133167,6467522,1,65
1133167,6112588,1,58
1133167,7218016,1,54
1133167,8250500,0.4,82
1133167,8160230,0.2,87.8
1133167,8250501,0.2,85
1133167,6112589,0.2,84
1133167,6332045,0.2,74
1133167,3421904,0,
855410,8651775,2,92
855410,8651772,1.6,82
855410,8651771,1,75.8
855410,8651776,1,71
855410,8651770,0.8,77
855410,6338974,0.8,70
855410,5130380,0.8,51
855410,2737046,0.6,63
855410,5232523,0.6,47
855410,1147810,0.4,81
855410,7066410,0.4,78.8
855410,1147811,0.4,78
855410,6941139,0.4,72.8
855410,7210777,0.4,70
855410,1294305,0.4,64.6
855410,352146,0.4,63.8
855410,1561018,0.4,61.8
855410,3006601,0.4,61
855410,576583,0.4,4
855410,3110654,0.4,
855410,1795261,0.2,91.8
855410,1147809,0.2,90
855410,884436,0.2,89
855410,884430,0.2,87
855410,6197317,0.2,86
855410,5594994,0.2,85
855410,1294308,0.2,84.8
855410,8140208,0.2,84.6
855410,6133647,0.2,81.8
855410,3724700,0.2,80
855410,1970390,0.2,79.2
855410,6706455,0.2,79
855410,5558891,0.2,77.8
855410,6688284,0.2,76
855410,2418458,0.2,76
855410,6674058,0.2,73
855410,3948069,0.2,71
855410,5239970,0.2,68
855410,229903,0.2,67
855410,6759238,0.2,59
855410,4685777,0.2,52
855410,4503925,0,99.2
855410,2506511,0,99.2
855410,6301996,0,99
855410,8533683,0,97.6
855410,2418890,0,97.4
855410,6936948,0,97.4
855410,7066409,0,97.4
855410,7140868,0,96.8
855410,8145658,0,96.6
855410,7747483,0,96
855410,4275296,0,96
855410,2418893,0,96
855410,6301992,0,95.8
855410,984177,0,95.8
855410,3340204,0,95.6
855410,4518587,0,95.4
855410,6936951,0,95
855410,6893643,0,95
855410,6859899,0,94.8
855410,3200693,0,94.6
855410,5550193,0,94
855410,6218319,0,94
855410,6301995,0,94
855410,4636144,0,94
855410,1929957,0,93.8
855410,5095702,0,93
855410,3724701,0,93
855410,2519077,0,93
855410,6760182,0,93
855410,7240299,0,92.8
855410,1719692,0,92
855410,1874884,0,92
855410,5478153,0,91
855410,1685597,0,91
855410,8448246,0,91
855410,8165085,0,79.2
855410,232305,0,77.8
855410,1041939,0,75.8
855410,7151082,0,75.8
855410,326818,0,75.2
855410,7099015,0,75
855410,6152822,0,73.8
855410,159665,0,73.8
855410,3340202,0,59.4
855410,8407524,0,39
855410,4406031,0,37.8
855410,788830,0,37
855410,2350118,0,34
855410,6796749,0,20
855410,6647485,0,20
855410,1051865,0,19
855410,5629792,0,0
855410,3527605,0,0
855410,3113274,0,0
855410,7456767,0,0
855410,5095701,0,
855410,8144663,0,
855410,5232525,0,
855410,6098860,0,
1115776,4314175,2,93
1115776,4314169,2,92
1115776,8106324,2,91
1115776,8106320,2,91
1115776,8106321,2,90
1115776,4314176,2,90
1115776,4314172,2,89
1115776,4314173,2,87
1115776,4314174,1.8,84
1115776,4314178,1.6,76
1115776,3081626,1.4,79
1115776,5264931,1.4,71
1115776,8495250,1.2,66
1115776,4314171,1,77
1115776,6989198,1,72
1115776,5305147,1,69
1115776,8106318,1,67
1115776,7129178,1,67
1115776,3469357,1,62
1115776,6934016,1,62
1115776,8828147,1,60
1115776,580737,1,59
1115776,8106322,1,56
1115776,1440028,1,54
1115776,5295699,1,51
1115776,5605159,1,48
1115776,3977422,1,18
1115776,4620863,0.8,74.8
1115776,8180097,0.8,67
1115776,1593007,0.8,61
1115776,7618006,0.8,59
1115776,7318318,0.8,52
1115776,8078183,0.8,51
1115776,1621981,0.8,
1115776,7129173,0.6,71
1115776,3411245,0.6,60
1115776,2230480,0.6,59
1115776,8106323,0.6,56
1115776,4051141,0.6,54
1115776,941057,0.4,86
1115776,7618005,0.4,84.6
1115776,5599692,0.4,83
1115776,7183516,0.4,81
1115776,5232955,0.4,80
1115776,6747926,0.4,79
1115776,257268,0.4,67
1115776,5605160,0.4,65.8
1115776,3296854,0.4,63.4
1115776,8447122,0.4,6
1115776,8388343,0.2,89.6
1115776,758999,0.2,89
1115776,6989199,0.2,87.8
1115776,1593008,0.2,85
1115776,6919096,0.2,85
1115776,1540838,0.2,84.8
1115776,8355020,0.2,80.8
1115776,6616844,0.2,80.8
1115776,7618008,0.2,80
1115776,5232963,0.2,80
1115776,3743894,0.2,79.8
1115776,3366472,0.2,76.6
1115776,7442432,0.2,75
1115776,6616842,0.2,74.8
1115776,2196566,0,99
1115776,2017908,0,98.4
1115776,8108818,0,98.2
1115776,258978,0,98.2
1115776,3680291,0,97.4
1115776,2230476,0,96.8
1115776,1328460,0,96.8
1115776,6246928,0,96.6
1115776,8345724,0,96.4
1115776,8757348,0,96.4
1115776,2903177,0,96.4
1115776,5555296,0,95.8
1115776,6397841,0,95.8
1115776,8046348,0,95.8
1115776,2017909,0,95.8
1115776,8108815,0,95.6
1115776,2230477,0,95.4
1115776,8706770,0,95.2
1115776,2337363,0,95
1115776,1826911,0,94.8
1115776,2230483,0,94.8
1115776,1440035,0,94.6
1115776,3276364,0,94.4
1115776,1565105,0,94
1115776,6251729,0,94
1115776,143334,0,94
1115776,8355028,0,94
1115776,480800,0,93.8
1115776,1328463,0,93
1115776,4984390,0,92.8
1115776,7840022,0,92
1115776,2471196,0,92
1115776,6702136,0,92
1115776,600966,0,91
1115776,6934013,0,39
1115776,8710004,0,21
1115776,896003,0,
1124210,6737727,3,100
1124210,8547690,3,99
1124210,2258597,3,98
1124210,5587711,3,98
1124210,6541866,3,97
1124210,6737729,3,97
1124210,4002454,3,97
1124210,5098936,3,96
1124210,2258591,3,95
1124210,8492305,3,94
1124210,3466956,3,93
1124210,3162331,2.8,98
1124210,2258598,2.8,97
1124210,3289568,2.8,97
1124210,181177,2.8,96
1124210,2859501,2.8,96
1124210,2461683,2.8,95.8
1124210,6541868,2.8,94
1124210,3263727,2.8,93
1124210,2258594,2.6,97
1124210,6541864,2.6,97
1124210,8026735,2.6,96
1124210,4942992,2.6,95
1124210,5587709,2.6,95
1124210,5098941,2.6,95
1124210,7695217,2.6,94
1124210,1689639,2.4,97
1124210,2494574,2.4,97
1124210,8650642,2.4,96
1124210,4002456,2.4,95
1124210,6255796,2.4,95
1124210,2258592,2.4,94.8
1124210,2494577,2.4,94
1124210,4648414,2.4,94
1124210,6720368,2.4,94
1124210,8087696,2.4,93
1124210,2825130,2.4,92
1124210,2258596,2.2,96
1124210,7942807,2.2,95
1124210,7203360,2.2,95
1124210,5941717,2.2,95
1124210,8558068,2.2,94
1124210,2433609,2.2,94
1124210,2258595,2.2,93
1124210,7443588,2.2,93
1124210,181175,2.2,93
1124210,8355483,2.2,92
1124210,8355477,2.2,91
1124210,8026737,2,98
1124210,931162,2,96
1124210,2958020,2,95
1124210,6498977,2,95
1124210,8026743,2,94
1124210,2433604,2,94
1124210,6507996,2,93
1124210,2685123,2,93
1124210,2433601,2,93
1124210,8828525,2,93
1124210,2070515,2,93
1124210,6636931,2,92
1124210,8087702,2,92
1124210,2433603,2,92
1124210,2399822,2,92
1124210,4303129,2,91
1124210,3517427,2,91
1124210,943794,2,91
1124210,1244877,2,90
1124210,6636936,2,90
1124210,131190,2,89
1124210,4535489,2,89
1124210,8026738,2,89
1124210,2258599,2,88
1124210,2608221,2,88
1124210,522220,2,68
1124210,92049,2,
1124210,7443586,1.8,96
1124210,8802909,1.8,94
1124210,6233255,1.8,94
1124210,7224102,1.8,94
1124210,2089544,1.8,90
1124210,2728448,1.6,95
1124210,8026740,1.6,94
1124210,2650269,1.6,94
1124210,6620551,1.6,94
1124210,2753148,1.6,94
1124210,284020,1.6,94
1124210,6146809,1.6,93
1124210,522219,1.6,90
1124210,1280828,1.6,90
1124210,7146473,1.6,82
1124210,7806222,1.4,98
1124210,7806221,1.2,95
1124210,5664148,1.2,93
1124210,4174699,1,71
1124210,7146478,1,66
1124210,7715335,1,63
1124210,4616435,1,52
1124210,931165,0.8,95
1124210,8406413,0.6,
1124210,3225197,0,93
962179,3705165,3,96.6
962179,4606387,2.2,94
962179,2329699,2.2,93
962179,2978870,2.2,92
962179,8785371,2,95
962179,2978866,2,94
962179,2329697,2,93
962179,6980697,2,93
962179,1645087,2,92
962179,1645080,2,91
962179,302861,2,89
962179,8785373,2,87
962179,8785374,1.8,90
962179,4606388,1.8,81
962179,3173623,1.6,94
962179,302868,1.6,90
962179,302866,1.6,89.8
962179,8032264,1.6,73.2
962179,4257873,1.4,74
962179,7588230,1.2,55
962179,8785368,1,45
962179,6675259,1,40
962179,6675261,1,20
962179,8785372,1,18
962179,902373,0.8,79
962179,6575567,0.8,62
962179,5919341,0.8,59
962179,3661633,0.8,56
962179,4511498,0.8,39
962179,1006866,0.8,31
962179,2929465,0.6,87
962179,6898290,0.6,74
962179,1015976,0.6,64.8
962179,5642479,0.6,64.8
962179,8785370,0.6,64
962179,302865,0.6,62
962179,8032269,0.6,62
962179,4309122,0.6,61
962179,8811426,0.6,48
962179,2131893,0.6,46.8
962179,2017003,0.6,46.8
962179,2929469,0.4,91
962179,4511504,0.4,86
962179,4717426,0.4,84
962179,4209392,0.4,78
962179,3422317,0.4,77
962179,5427064,0.4,71
962179,536180,0.4,65.8
962179,1006860,0.4,62
962179,6675262,0.4,62
962179,6575560,0.4,61.8
962179,5653652,0.4,59
962179,931124,0.4,59
962179,6904865,0.4,58
962179,536178,0.4,40
962179,7428146,0.4,18
962179,4606390,0.2,92.8
962179,3422321,0.2,89
962179,1006868,0.2,88.8
962179,902372,0.2,87.8
962179,3422318,0.2,82
962179,181089,0.2,81.6
962179,6980701,0.2,79
962179,2017001,0.2,78
962179,5427070,0.2,77.6
962179,4606389,0.2,76.8
962179,8768974,0.2,76.8
962179,8689053,0.2,76
962179,3982060,0.2,67.8
962179,4717424,0.2,60
962179,6675258,0.2,59
962179,7126025,0.2,39.8
962179,6675257,0.2,10
962179,8689054,0,98.8
962179,5427063,0,96.6
962179,1006865,0,96.6
962179,5773184,0,96.2
962179,5773189,0,95.8
962179,8689055,0,95.8
962179,6898292,0,95
962179,5653655,0,95
962179,5320368,0,94.8
962179,5653657,0,94.8
962179,4511497,0,94
962179,5427065,0,94
962179,5642481,0,94
962179,4511501,0,93.8
962179,8689056,0,93.8
962179,1006867,0,93.6
962179,1006859,0,93
962179,1006861,0,93
962179,6898295,0,92.8
962179,2925975,0,92.8
962179,2632688,0,89.8
962179,8689057,0,75
962179,7428143,0,75
962179,5886688,0,57
962179,8689058,0,56
962179,6675265,0,56
962179,8746010,0,22
833860,6230227,2.2,84
833860,5167513,2,89
833860,6230220,2,88
833860,6230221,2,86
833860,8344031,2,80
833860,6230222,1.6,87
833860,6230229,1.6,79
833860,3437288,1.6,75
833860,6230226,1.6,73
833860,8697642,1.2,71
833860,2702357,1,69
833860,3437285,1,64
833860,3437289,1,50
833860,8160728,1,38
833860,4736124,1,19
833860,1400521,1,18
833860,1524648,0.8,54
833860,2386361,0.8,27
833860,6886846,0.6,69.8
833860,2036934,0.6,34
833860,2727126,0.6,
833860,6406715,0.4,75
833860,1971028,0.4,71.6
833860,6610436,0.4,70
833860,8683095,0.4,65
833860,6829804,0.4,61
833860,6654798,0.4,60
833860,6738736,0.4,30
833860,7826521,0.2,92
833860,5988243,0.2,87
833860,3026174,0.2,86.8
833860,6406714,0.2,83
833860,7184644,0.2,82
833860,5178289,0.2,81.4
833860,3087477,0.2,80
833860,2702358,0.2,80
833860,541470,0.2,79
833860,8112006,0.2,79
833860,1524402,0.2,78.8
833860,4565899,0.2,76.8
833860,7508039,0.2,75
833860,5229080,0.2,66
833860,115142,0.2,59
833860,611992,0.2,30
833860,4460348,0.2,23
833860,7973006,0.2,20
833860,1859403,0.2,
833860,7184650,0.2,
833860,8469913,0,98.2
833860,6297606,0,97.6
833860,5500892,0,97.6
833860,280008,0,97.4
833860,5759683,0,97.4
833860,3107240,0,96.6
833860,1016915,0,96.4
833860,3107242,0,95.8
833860,7153355,0,95.8
833860,1900577,0,95
833860,2829180,0,95
833860,1524401,0,95
833860,8584923,0,95
833860,3544301,0,95
833860,280004,0,94.6
833860,6541901,0,94.6
833860,1969741,0,94
833860,4967639,0,94
833860,557588,0,94
833860,2597196,0,94
833860,2192805,0,94
833860,2188108,0,93
833860,1448548,0,93
833860,4046129,0,93
833860,1694695,0,92
833860,1799623,0,92
833860,6277473,0,91
833860,1524403,0,77
833860,7153349,0,77
833860,1579406,0,76.6
833860,2829181,0,76
833860,7548089,0,75.8
833860,3798217,0,72.2
833860,8742336,0,72
833860,1524399,0,70
833860,7023585,0,68
833860,5639026,0,57
833860,6209174,0,57
833860,2488241,0,56.8
833860,1751577,0,55
833860,6510230,0,55
833860,4565141,0,53
833860,7007433,0,38.8
833860,1524406,0,38
833860,8119467,0,38
833860,5967462,0,37.2
833860,456068,0,20
833860,2488236,0,0.2
833860,7192576,0,
833860,1524644,0,
833860,8189156,0,
833860,3729262,0,
1114646,2647994,2.2,95
1114646,6704400,2.2,92
1114646,6704401,2.2,85
1114646,5959593,2,94
1114646,7196956,2,93
1114646,266552,2,93
1114646,5640859,2,93
1114646,3184851,2,93
1114646,3467664,2,93
1114646,5661838,2,93
1114646,771368,2,92
1114646,8117092,2,92
1114646,2676807,2,92
1114646,8327369,2,92
1114646,4771285,2,92
1114646,5640856,2,92
1114646,3467665,2,92
1114646,5417954,2,91
1114646,5417952,2,91
1114646,2201127,2,91
1114646,687064,2,91
1114646,3056368,2,91
1114646,7984234,2,91
1114646,5217702,2,91
1114646,8117094,2,90
1114646,6711103,2,90
1114646,5279567,2,90
1114646,8117087,2,90
1114646,5417953,2,90
1114646,2911039,2,90
1114646,5041692,2,90
1114646,8117095,2,90
1114646,5229617,2,90
1114646,579554,2,89
1114646,6348309,2,89
1114646,2911035,2,89
1114646,5836029,2,89
1114646,7065010,2,89
1114646,3470484,2,89
1114646,1544838,2,87
1114646,8117093,1.8,88
1114646,7196961,1.8,88
1114646,2911040,1.8,87
1114646,3184850,1.8,85
1114646,4332918,1.6,91
1114646,1884059,1.6,
1114646,4908870,1.4,83
1114646,6455057,1,82
1114646,8117088,1,68
1114646,5661840,1,67
1114646,1038132,0.8,33
1114646,3741322,0.4,76
1114646,444382,0.4,75.8
1114646,5829214,0.4,43.8
1114646,4656404,0.4,35
1114646,4438502,0.4,18
1114646,2343618,0.4,
1114646,7702599,0.2,87
1114646,4656405,0.2,85
1114646,3828281,0.2,83
1114646,4776382,0.2,79.4
1114646,4453440,0.2,79
1114646,4655941,0.2,79
1114646,2407770,0.2,76
1114646,153138,0.2,76
1114646,4314094,0.2,75
1114646,1760178,0.2,59
1114646,46323,0.2,
1114646,2319282,0.2,
1114646,4908869,0,97.8
1114646,6120716,0,97.2
1114646,4327099,0,96.8
1114646,5128542,0,96.6
1114646,4824843,0,96.6
1114646,400354,0,95.8
1114646,8825558,0,95.8
1114646,6214269,0,95
1114646,8074924,0,95
1114646,2505776,0,94.8
1114646,2343615,0,94.6
1114646,2505772,0,94.4
1114646,6157422,0,94
1114646,4270203,0,93.8
1114646,76836,0,93
1114646,1647183,0,93
1114646,2343621,0,92.8
1114646,5080866,0,92
1114646,444375,0,91.8
1114646,7012106,0,91.8
1114646,773300,0,91
1114646,2995800,0,90
1114646,6589360,0,90
1114646,400352,0,88.8
1114646,3092012,0,75.6
1114646,898854,0,75
1114646,6501323,0,74
1114646,7629822,0,73.8
1114646,860901,0,40
1114646,4603841,0,18
1114646,3123685,0,
1113437,4498864,3,95
1113437,8128794,2,94
1113437,8128796,2,94
1113437,5938419,2,92
1113437,8128790,2,91
1113437,1066532,2,91
1113437,742037,2,91
1113437,3518298,2,91
1113437,2354941,2,91
1113437,2354940,2,90
1113437,8128798,2,89
1113437,5546289,2,89
1113437,8363317,2,84
1113437,7497491,1.8,88
1113437,1520227,1.8,85
1113437,3064610,1.8,83
1113437,3049194,1.6,80
1113437,5545723,1.4,80
1113437,5188745,1.4,77
1113437,6021898,1.4,76
1113437,4016939,1.2,76
1113437,7277236,1.2,68
1113437,213011,1.2,67
1113437,4615569,1,88
1113437,520325,1,71
1113437,3518300,1,70
1113437,8336306,1,69
1113437,6017945,1,67
1113437,3997986,1,66
1113437,4016934,1,65
1113437,7385216,1,64
1113437,6597538,1,64
1113437,8162984,1,64
1113437,3049193,1,63
1113437,7385217,1,62
1113437,1287014,1,61
1113437,7458700,1,61
1113437,6601849,1,60
1113437,5188746,1,60
1113437,8128793,1,60
1113437,4016930,1,60
1113437,213006,1,59
1113437,5313809,1,59
1113437,4498873,1,58
1113437,657400,1,58
1113437,4981632,1,50
1113437,213009,1,48
1113437,2110583,1,37
1113437,4628483,0.8,73
1113437,807274,0.8,69
1113437,6302495,0.8,68
1113437,4486954,0.8,65
1113437,4498871,0.8,64
1113437,313542,0.8,43
1113437,807273,0.6,80
1113437,5132846,0.6,66
1113437,2759673,0.6,59
1113437,6215772,0.4,87.8
1113437,61756,0.4,78
1113437,4783291,0.4,78
1113437,313538,0.2,91
1113437,4628484,0.2,88
1113437,3990056,0.2,85.8
1113437,5050470,0.2,84
1113437,1768729,0.2,83
1113437,1280572,0.2,82
1113437,657405,0.2,81.6
1113437,5215406,0.2,81
1113437,5748055,0.2,79.8
1113437,142150,0.2,78.8
1113437,1655114,0.2,78
1113437,436903,0.2,76.8
1113437,4193422,0.2,76
1113437,2922427,0.2,76
1113437,7306673,0.2,40
1113437,7126000,0.2,28
1113437,2535148,0.2,15
1113437,7618564,0,96.6
1113437,8299324,0,96.4
1113437,4898185,0,96
1113437,6284746,0,95.8
1113437,436902,0,95.8
1113437,4186999,0,95.8
1113437,5720141,0,94.8
1113437,7618558,0,94.8
1113437,4841345,0,93
1113437,4216338,0,93
1113437,3436902,0,93
1113437,919328,0,92
1113437,1783459,0,92
1113437,6992968,0,92
1113437,4111480,0,91
1113437,3436901,0,90
1113437,1768734,0,88.8
1113437,1931169,0,86
1113437,5215408,0,76
1113437,7774459,0,18
1113437,3325914,0,
1113437,8133335,0,
1113437,3329254,0,
1117099,8093931,2,93
1117099,1798620,2,92
1117099,8446501,2,92
1117099,1798612,2,91
1117099,5286538,2,88
1117099,6122720,1.6,90
1117099,4458512,1.2,70
1117099,4775947,1,82
1117099,8446502,1,74
1117099,8093934,1,70
1117099,3349612,1,68
1117099,5258462,1,67
1117099,5286539,1,61
1117099,8093932,1,60
1117099,297115,1,56
1117099,2398222,1,52
1117099,6122723,0.8,79
1117099,6691413,0.8,70
1117099,7610604,0.8,66
1117099,7172078,0.8,66
1117099,464305,0.8,54
1117099,5597127,0.8,54
1117099,2754430,0.8,
1117099,1798619,0.6,75
1117099,2789022,0.6,70
1117099,3543106,0.6,69
1117099,7077675,0.6,68
1117099,8152834,0.6,38
1117099,6177939,0.4,81
1117099,2398223,0.4,79
1117099,1212767,0.4,77
1117099,6993942,0.4,75
1117099,7153698,0.4,73
1117099,6622235,0.4,72.8
1117099,8709226,0.4,68
1117099,1570999,0.4,65
1117099,7407593,0.4,61.6
1117099,3412239,0.4,42
1117099,6122724,0.4,
1117099,5752877,0.2,89.8
1117099,8446504,0.2,89
1117099,8709227,0.2,89
1117099,4458509,0.2,87.8
1117099,2715359,0.2,87.8
1117099,3729946,0.2,87
1117099,2567188,0.2,86.8
1117099,6122721,0.2,86
1117099,4458506,0.2,86
1117099,5699286,0.2,86
1117099,1013796,0.2,86
1117099,3633445,0.2,85.8
1117099,8152830,0.2,85
1117099,2826254,0.2,83
1117099,6398911,0.2,83
1117099,334615,0.2,82
1117099,5286540,0.2,82
1117099,3214921,0.2,82
1117099,7676049,0.2,82
1117099,7868164,0.2,81.8
1117099,7153702,0.2,80.8
1117099,1632948,0.2,80
1117099,5817484,0.2,78.8
1117099,5001703,0.2,77.6
1117099,4001644,0.2,76
1117099,2715363,0.2,72
1117099,4441325,0.2,68
1117099,7868161,0.2,59
1117099,4131491,0.2,49
1117099,5319158,0.2,43.8
1117099,5817491,0.2,
1117099,7722560,0,97.4
1117099,389980,0,97.4
1117099,1445087,0,96.8
1117099,1068642,0,96.4
1117099,1986002,0,96.4
1117099,4888196,0,95.6
1117099,1174584,0,95
1117099,8079296,0,94.8
1117099,1197318,0,94.8
1117099,7431533,0,94.8
1117099,6858988,0,94.4
1117099,6858994,0,93.8
1117099,1551131,0,93.6
1117099,8714082,0,93
1117099,5643723,0,92.6
1117099,8714085,0,92
1117099,8714087,0,92
1117099,8708306,0,92
1117099,3186367,0,91.4
1117099,4631857,0,91
1117099,810080,0,91
1117099,696157,0,90
1117099,4131492,0,86
1117099,225482,0,85
1117099,3128113,0,80
1117099,4493492,0,73
1117099,2292116,0,73
1117099,3427785,0,72
1117099,4131489,0,19
1117099,3427786,0,
1121402,8052620,2.8,94
1121402,188213,2.2,91
1121402,182369,2,94
1121402,182372,2,92
1121402,8052621,2,91
1121402,7125983,2,91
1121402,8052617,2,91
1121402,8052623,2,91
1121402,5189913,2,90
1121402,8052624,2,90
1121402,3785308,2,90
1121402,8052622,2,90
1121402,7125981,2,89
1121402,7125980,2,89
1121402,188209,2,88
1121402,7125987,2,87
1121402,188210,2,86
1121402,3511789,2,86
1121402,7142994,2,81
1121402,182364,1.8,85
1121402,182365,1.8,79
1121402,188218,1.6,86
1121402,182368,1.6,85
1121402,4449267,1.6,83
1121402,3785310,1.6,80
1121402,8052619,1.4,72
1121402,188216,1.2,72
1121402,188214,1.2,61
1121402,697136,1,65
1121402,8235730,1,64
1121402,8089444,1,64
1121402,3785309,1,63
1121402,43770,1,62
1121402,7011506,1,61
1121402,188215,1,60
1121402,7125978,1,60
1121402,7125985,1,58
1121402,7125982,1,58
1121402,3412904,1,57
1121402,1249687,1,54
1121402,3511795,1,52
1121402,465100,1,47
1121402,188217,1,45
1121402,188211,1,44
1121402,5318501,1,39
1121402,6918691,0.8,53
1121402,4449258,0.8,
1121402,53692,0.6,67
1121402,4844735,0.6,63.8
1121402,1873309,0.6,29
1121402,7510847,0.6,27
1121402,8376430,0.4,70
1121402,7572311,0.4,57
1121402,7471825,0.4,57
1121402,182373,0.4,
1121402,4727107,0.2,86
1121402,6392405,0.2,86
1121402,1402314,0.2,82
1121402,8718639,0.2,79
1121402,7572312,0.2,78.8
1121402,1471443,0.2,78.8
1121402,177810,0.2,66
1121402,8453588,0.2,61.8
1121402,4986315,0.2,59
1121402,4893523,0.2,29
1121402,5662150,0.2,17
1121402,177807,0.2,
1121402,6717342,0,97.4
1121402,177813,0,96.8
1121402,8821498,0,95.8
1121402,5614625,0,95.8
1121402,5966850,0,94.8
1121402,53696,0,94.8
1121402,177809,0,94
1121402,7774688,0,94
1121402,8492342,0,93.6
1121402,6157464,0,93
1121402,2281086,0,92
1121402,8821496,0,92
1121402,4214351,0,92
1121402,6371837,0,92
1121402,7898701,0,92
1121402,7161979,0,92
1121402,5103864,0,92
1121402,7477363,0,91.8
1121402,3494458,0,91
1121402,53699,0,83
1121402,6392400,0,75
1121402,7477362,0,73
1121402,6717338,0,58
1121402,5614619,0,58
1121402,1608737,0,57.8
1121402,333401,0,54
1121402,8832487,0,39
1121402,6324938,0,37
1121402,53697,0,0
1121402,182370,0,
1121402,6371843,0,
1121402,6717336,0,
1121402,3674185,0,
168216,2790904,2.8,98
168216,3908776,2.6,98
168216,8185135,2.6,97.8
168216,8185137,2.6,96
168216,1301469,2.6,95
168216,6061718,2.6,95
168216,8731621,2.6,94
168216,6282562,2.6,91
168216,1301474,2.4,98
168216,6426638,2.4,95
168216,1301472,2.4,95
168216,6329932,2.4,95
168216,6426634,2.4,94
168216,6426632,2.4,93
168216,8185131,2.2,96
168216,6264733,2.2,95
168216,6213325,2.2,94
168216,6213322,2.2,94
168216,3399713,2.2,94
168216,1301465,2.2,94
168216,3399712,2.2,94
168216,4324487,2.2,94
168216,3908777,2.2,93
168216,6282561,2.2,93
168216,1183706,2.2,93
168216,5935474,2.2,93
168216,6061722,2.2,93
168216,3344828,2.2,92
168216,3198689,2.2,92
168216,3830857,2,95
168216,3908774,2,95
168216,4792582,2,95
168216,3198687,2,95
168216,8731623,2,95
168216,3198682,2,95
168216,8639633,2,94
168216,3033359,2,94
168216,7492755,2,94
168216,6282567,2,94
168216,4324492,2,94
168216,6249512,2,94
168216,7337519,2,94
168216,5935476,2,93.8
168216,1381477,2,93
168216,3174840,2,93
168216,3908773,2,93
168216,290826,2,93
168216,8639630,2,93
168216,8639627,2,93
168216,4119829,2,93
168216,2265772,2,93
168216,8252763,2,93
168216,6282560,2,93
168216,5024307,2,93
168216,7337513,2,93
168216,4324491,2,93
168216,4191395,2,93
168216,8731624,2,93
168216,7492748,2,93
168216,13499,2,92
168216,2069992,2,92
168216,1924800,2,92
168216,1924796,2,92
168216,4498419,2,92
168216,1301467,2,92
168216,3681095,2,92
168216,2069995,2,92
168216,2210775,2,92
168216,8731625,2,92
168216,6061721,2,92
168216,1274194,2,92
168216,7492753,2,92
168216,6264731,2,92
168216,2265769,2,91
168216,3399715,2,91
168216,8141128,2,91
168216,1735358,2,91
168216,5293614,2,91
168216,6264732,2,91
168216,1090088,2,91
168216,8185129,2,91
168216,2036279,2,90
168216,5935477,2,90
168216,4792583,2,90
168216,3198680,2,90
168216,6061726,2,90
168216,1301468,2,90
168216,5690224,2,89
168216,2659074,1.8,91
168216,1301466,1.8,86
168216,8723467,1.6,94
168216,7492752,1.6,93
168216,3344834,1.6,92
168216,731200,1.6,90
168216,1301471,1.6,
168216,661750,1.2,95
168216,1735360,1,76
168216,3344832,1,68
168216,7745780,0.8,96
168216,8048968,0.8,64.2
1112341,8139256,2,91
1112341,6164791,2,89
1112341,8139255,1.8,89
1112341,8139258,1.8,85
1112341,6726344,1.4,85
1112341,4927748,1,76
1112341,2735215,1,72
1112341,4022846,1,70
1112341,8442174,1,66
1112341,3795896,1,65
1112341,3007130,1,63
1112341,7079779,1,59
1112341,8139249,1,58
1112341,2694636,1,46
1112341,2735219,1,46
1112341,8139251,1,42
1112341,3524227,1,42
1112341,8606160,1,39
1112341,8725077,1,34
1112341,5982344,1,26
1112341,1312437,1,18
1112341,508023,1,17
1112341,8442177,1,15
1112341,805834,1,
1112341,508024,1,
1112341,8442178,0.8,72
1112341,550571,0.8,62
1112341,2830103,0.8,57
1112341,7194373,0.8,49
1112341,6478665,0.8,48
1112341,1369482,0.8,40
1112341,90433,0.8,38
1112341,7635722,0.8,35
1112341,8424594,0.8,34
1112341,7718340,0.8,16
1112341,8555308,0.8,14
1112341,5899430,0.6,65
1112341,2770214,0.6,61
1112341,1493657,0.6,56
1112341,3658729,0.6,54
1112341,4263743,0.6,28
1112341,6016292,0.6,11
1112341,6903063,0.4,84
1112341,1554245,0.4,82
1112341,3291152,0.4,81
1112341,4595997,0.4,71.8
1112341,6740558,0.4,71
1112341,7597740,0.4,68
1112341,1373651,0.4,65
1112341,2026107,0.4,64
1112341,883225,0.4,43.2
1112341,2096429,0.4,42.8
1112341,90432,0.4,16
1112341,3669682,0.4,
1112341,2596431,0.2,92
1112341,3344316,0.2,87
1112341,7915023,0.2,86
1112341,7349793,0.2,84
1112341,2096427,0.2,80.8
1112341,8802641,0.2,79
1112341,2916681,0.2,78
1112341,848961,0.2,78
1112341,400582,0.2,77
1112341,1267520,0.2,76.8
1112341,1373646,0.2,76
1112341,8629184,0.2,76
1112341,2616109,0.2,76
1112341,6726346,0.2,66
1112341,1180260,0.2,60
1112341,4595994,0.2,57.8
1112341,2434429,0.2,39
1112341,7242813,0.2,8
1112341,733687,0,98.2
1112341,400581,0,96.4
1112341,2596432,0,95.8
1112341,8316213,0,95.6
1112341,6947373,0,94.6
1112341,2390522,0,94
1112341,883227,0,93.8
1112341,5029428,0,93.6
1112341,5204825,0,92
1112341,1373648,0,91
1112341,1675296,0,91
1112341,1045315,0,91
1112341,6167355,0,91
1112341,1052666,0,89.8
1112341,4538538,0,76
1112341,6416487,0,75.8
1112341,4977768,0,74.6
1112341,3291151,0,73
1112341,5729974,0,56
1112341,439512,0,56
1112341,1288917,0,55
1112341,8609536,0,37
1112341,1227036,0,20
1112341,7747884,0,19
1112341,1288918,0,18
1112341,6102033,0,0
1112341,8223035,0,0
1112341,4621549,0,0
1063750,3327051,2.2,84
1063750,4337526,2,93
1063750,7952971,2,92
1063750,3610446,2,92
1063750,4337527,2,91.8
1063750,2391457,2,91
1063750,2230090,2,88
1063750,4788295,1.6,95
1063750,4823168,1.4,77
1063750,5442717,1.4,68
1063750,7778351,1.2,77
1063750,7412330,1,66
1063750,5659951,1,66
1063750,3765643,0.8,80
1063750,4788299,0.6,79
1063750,4330928,0.6,74
1063750,2489562,0.6,48
1063750,3633193,0.6,36
1063750,5061526,0.6,32
1063750,2531262,0.6,
1063750,6093904,0.4,85
1063750,4895432,0.4,82
1063750,7466281,0.4,81.8
1063750,4788297,0.4,72
1063750,8093226,0.4,72
1063750,6312813,0.4,60
1063750,7242446,0.4,56
1063750,8689799,0.4,52
1063750,3633196,0.4,17
1063750,7937217,0.2,88
1063750,6407369,0.2,87.6
1063750,6666451,0.2,87
1063750,1506582,0.2,87
1063750,4788296,0.2,86
1063750,7783007,0.2,86
1063750,3388270,0.2,79
1063750,6796349,0.2,78
1063750,3057055,0.2,66
1063750,4349323,0.2,58
1063750,2197526,0.2,32
1063750,4823169,0.2,31
1063750,6093907,0.2,28
1063750,3805477,0.2,21.8
1063750,5236487,0.2,8
1063750,8354852,0.2,
1063750,3985729,0,97.6
1063750,8778700,0,97.4
1063750,2868845,0,97.2
1063750,5971113,0,96.8
1063750,5511493,0,96.8
1063750,4164408,0,96.6
1063750,8182566,0,96.6
1063750,621072,0,96.6
1063750,8809842,0,96.4
1063750,8809837,0,96.4
1063750,2981566,0,96
1063750,7494554,0,95.8
1063750,2741096,0,95.8
1063750,7215631,0,95.8
1063750,1747827,0,95
1063750,7412324,0,94.8
1063750,2516,0,94.6
1063750,4329899,0,94
1063750,1449750,0,94
1063750,292715,0,94
1063750,6436703,0,93.8
1063750,6992949,0,93
1063750,3959834,0,93
1063750,2737817,0,93
1063750,4318010,0,93
1063750,3419024,0,93
1063750,2881841,0,93
1063750,8093228,0,92
1063750,7614194,0,92
1063750,7493867,0,92
1063750,1126299,0,92
1063750,2992036,0,91
1063750,7778348,0,91
1063750,292720,0,77.8
1063750,2997653,0,77
1063750,5123011,0,76.8
1063750,4164404,0,73
1063750,4035182,0,71
1063750,5539843,0,70
1063750,4414266,0,56.8
1063750,4096516,0,55
1063750,6796352,0,55
1063750,5057642,0,55
1063750,4844353,0,53
1063750,8689678,0,39
1063750,7244922,0,37
1063750,3419021,0,36
1063750,5307035,0,26
1063750,5937604,0,20
1063750,7230839,0,18
1063750,8670789,0,18
1063750,5256198,0,13.4
1063750,7466280,0,0
1063750,8378776,0,
1063750,7881253,0,
405717,4828118,2.6,94
405717,4704978,2.4,97
405717,5079482,2.2,95
405717,7170630,2.2,95
405717,3986308,2.2,93
405717,2702423,2.2,90
405717,2702419,2,95
405717,7728831,2,95
405717,2747484,2,95
405717,7170626,2,95
405717,8433854,2,94
405717,6654655,2,94
405717,2642838,2,94
405717,3986307,2,94
405717,3274915,2,93
405717,3514259,2,93
405717,4432155,2,93
405717,8433858,2,92
405717,3033900,2,92
405717,7896211,2,92
405717,7447941,2,92
405717,5638740,2,92
405717,4704975,2,92
405717,3986305,2,92
405717,2365659,2,92
405717,758581,2,92
405717,5857562,2,92
405717,7288996,2,91
405717,3986309,2,91
405717,3274918,2,91
405717,2768521,2,91
405717,2747489,2,91
405717,2365665,2,91
405717,4406585,2,91
405717,8156519,2,90
405717,7896212,2,90
405717,702386,2,90
405717,7589975,2,90
405717,2879960,2,90
405717,1589738,2,90
405717,6419725,2,90
405717,8433852,2,89
405717,2747492,2,89
405717,2365661,2,88
405717,3986303,2,88
405717,273851,2,87
405717,28372,2,86
405717,2365663,1.8,91
405717,2747491,1.8,91
405717,4489666,1.8,90
405717,2747485,1.8,89
405717,7170625,1.8,89
405717,2747488,1.8,88
405717,931517,1.8,87
405717,5690234,1.8,87
405717,1619423,1.8,86
405717,7458371,1.8,84.8
405717,702383,1.8,84
405717,576346,1.8,84
405717,758586,1.6,92
405717,2365660,1.6,90
405717,3803378,1.6,87
405717,5690237,1.6,81
405717,7170624,1.6,81
405717,758585,1.6,80
405717,7965240,1.4,89
405717,758582,1.4,86
405717,4776928,1.4,86
405717,5668741,1.4,79
405717,8610271,1.4,77
405717,505912,1.4,76
405717,5690233,1.4,73
405717,2125641,1.2,94
405717,2747486,1.2,82
405717,7447942,1.2,79
405717,2413458,1.2,75
405717,7170629,1.2,64
405717,4987955,1.2,58
405717,5274649,1,77
405717,846414,1,75
405717,2413461,1,75
405717,234955,1,69
405717,4704973,1,68
405717,1849743,1,66
405717,7447943,1,65
405717,6741362,1,60
405717,8433856,1,60
405717,7201361,1,60
405717,4489661,1,59
405717,4711654,1,59
405717,2365662,0.8,69
405717,4776926,0.8,64
405717,4326699,0.6,88
405717,3033904,0.6,70
405717,5079486,0.4,84
405717,4577231,0.4,81.4
405717,2616168,0.4,78
405717,6786304,0.2,89
405717,6442862,0.2,85.8
405717,28368,0.2,83
1103812,8220089,2.4,95
1103812,8220085,2,95
1103812,2750961,2,95
1103812,2332189,2,94
1103812,8220088,2,94
1103812,3843267,2,93
1103812,4401695,2,93
1103812,3843263,2,92
1103812,8220086,2,92
1103812,4292848,2,92
1103812,1059165,2,90
1103812,1583317,2,90
1103812,6289840,2,88
1103812,8220087,2,88
1103812,8293805,1.8,91
1103812,2945096,1.8,86
1103812,8224183,1.6,93
1103812,1659852,1.6,90
1103812,7507311,1.6,66
1103812,3843271,1.6,63
1103812,1527127,1.4,81
1103812,8220080,1.4,72
1103812,3486832,1,30
1103812,3297503,1,21
1103812,3936549,0.8,57
1103812,8224181,0.6,79
1103812,8062134,0.6,6
1103812,1659850,0.4,95
1103812,1059168,0.4,84.8
1103812,2746387,0.4,77.8
1103812,4059416,0.4,63
1103812,3672742,0.2,86.8
1103812,4824834,0.2,86
1103812,7076088,0.2,85.8
1103812,3672744,0.2,85.6
1103812,7285933,0.2,85
1103812,6054716,0.2,84
1103812,2878679,0.2,82.6
1103812,6927987,0.2,78.8
1103812,6103245,0.2,78.8
1103812,4331707,0.2,78.8
1103812,2967948,0.2,78.8
1103812,3684042,0.2,78
1103812,2379408,0.2,74
1103812,2641953,0.2,74
1103812,2859495,0.2,59.8
1103812,7242599,0.2,38
1103812,2379409,0.2,29
1103812,59539,0,98.4
1103812,1736597,0,98.2
1103812,239599,0,96.6
1103812,864598,0,96.6
1103812,3425644,0,96.6
1103812,6619493,0,96.6
1103812,4954262,0,96.6
1103812,7206366,0,96.4
1103812,1783588,0,96.4
1103812,5974240,0,96.4
1103812,4191304,0,95.8
1103812,4645341,0,95.6
1103812,5974245,0,94.8
1103812,3978768,0,94.8
1103812,4434352,0,94.8
1103812,4824831,0,94.6
1103812,2379406,0,94.6
1103812,6927984,0,94.6
1103812,3543021,0,94
1103812,2641960,0,94
1103812,8435739,0,94
1103812,7551186,0,94
1103812,5976809,0,94
1103812,4905650,0,93.8
1103812,2666747,0,93.6
1103812,8097008,0,93.4
1103812,5372067,0,93
1103812,3684048,0,93
1103812,5564936,0,93
1103812,8792133,0,93
1103812,4726841,0,93
1103812,1783582,0,92.8
1103812,2715494,0,92.8
1103812,2250580,0,92.8
1103812,5000627,0,92.6
1103812,3936550,0,92.4
1103812,1785498,0,92
1103812,8237381,0,92
1103812,5581284,0,90
1103812,6790264,0,87
1103812,4905647,0,77.6
1103812,4455026,0,76.6
1103812,955560,0,76
1103812,4567920,0,75
1103812,3591094,0,74.8
1103812,1241994,0,74.8
1103812,5201198,0,74
1103812,4954261,0,74
1103812,5201200,0,56
1103812,2972402,0,38
1103812,2489484,0,37.8
1103812,5190505,0,35
1106007,7685384,2.8,92
1106007,765663,2.6,93
1106007,548434,2.6,90
1106007,1334336,2.4,97
1106007,7685383,2.4,96.8
1106007,2960563,2.4,96
1106007,1334328,2.2,95
1106007,8199521,2.2,95
1106007,8204457,2.2,93
1106007,4120343,2,95
1106007,1334335,2,94
1106007,5952125,2,94
1106007,3390428,2,94
1106007,8204463,2,93.6
1106007,4173709,2,93
1106007,6209484,2,93
1106007,2621974,2,93
1106007,5974974,2,93
1106007,2866628,2,93
1106007,2384069,2,92.8
1106007,8802281,2,92
1106007,2960561,2,92
1106007,6126197,2,92
1106007,2777113,2,92
1106007,7509690,2,91.42857143
1106007,2621981,2,91
1106007,5971071,2,90
1106007,4753818,2,90
1106007,3537614,2,88
1106007,4001949,1.8,92
1106007,4953437,1.8,91
1106007,7022723,1.8,88
1106007,3745155,1.8,87
1106007,5813635,1.8,86
1106007,6147546,1.8,86
1106007,2143420,1.8,84
1106007,2798884,1.6,94
1106007,3260376,1.6,93
1106007,6126194,1.6,90
1106007,4255223,1.6,82
1106007,6255354,1.4,89
1106007,2513610,1.4,88
1106007,5993697,1.4,80
1106007,2294712,1.2,92
1106007,4004166,1.2,79
1106007,8204461,1.2,70
1106007,8204464,1.2,59
1106007,4089153,1.2,56
1106007,8203964,1,82
1106007,2677529,1,78.8
1106007,3137010,1,71
1106007,2777112,1,68
1106007,7045935,1,67
1106007,5228016,1,64
1106007,7638720,1,56.8
1106007,2602354,1,50.4
1106007,1530299,1,50
1106007,13564,1,45
1106007,2602346,1,34
1106007,5228015,1,32
1106007,8811080,1,25
1106007,920778,1,15
1106007,2143418,0.8,78
1106007,4359726,0.8,75
1106007,8521958,0.8,71
1106007,6942456,0.8,65.8
1106007,6492973,0.8,50
1106007,8214505,0.8,41
1106007,8141088,0.8,32
1106007,8811073,0.8,32
1106007,814414,0.8,30
1106007,7456197,0.6,77
1106007,5913574,0.6,68
1106007,8649212,0.6,65
1106007,4606749,0.6,65
1106007,5174765,0.6,62.2
1106007,8204460,0.6,57
1106007,5836920,0.4,93
1106007,2513608,0.4,81
1106007,2464377,0.4,76
1106007,5279699,0.4,72
1106007,3174638,0.2,92.8
1106007,2704004,0.2,92
1106007,7638713,0.2,89
1106007,8141089,0.2,89
1106007,4000699,0.2,82
1106007,3427763,0.2,80.6
1106007,3263361,0.2,77.8
1106007,2165342,0.2,77.4
1106007,1343769,0,99
1106007,13561,0,95.8
1106007,2623990,0,95.6
1106007,7726655,0,95
1106007,4747656,0,95
1106007,5913575,0,94.8
1106007,4753821,0,94.8
1106007,8348781,0,93.8
1106007,7638716,0,92
1106007,1918089,0,90
1106007,2464378,0,74